Date,Ticker,Sector,Open,High,Low,Close,Volume
2022-01-03,AAPL,Technology,130.8727,132.435,129.0445,130.0,6812566.0
2022-01-04,AAPL,Technology,131.5893,132.5741,130.6721,131.2143,4827627.0
2022-01-05,AAPL,Technology,130.2831,132.8976,129.3186,130.9402,5346070.0
2022-01-06,AAPL,Technology,131.4075,133.8085,130.1514,132.5192,4902083.0
2022-01-07,AAPL,Technology,137.0927,137.9282,135.6346,136.2051,7788876.0
2022-01-10,AAPL,Technology,136.4889,136.6062,135.121,135.6855,4023651.0
2022-01-11,AAPL,Technology,134.1387,135.5441,132.8705,135.168,9472580.0
2022-01-12,AAPL,Technology,139.6269,139.8608,138.5139,139.0643,10308067.0
2022-01-13,AAPL,Technology,140.5808,141.2904,139.4793,141.0409,5760095.0
2022-01-14,AAPL,Technology,140.1973,140.3009,138.5639,139.9055,3860488.0
2022-01-17,AAPL,Technology,141.2766,143.1204,140.1066,141.3278,5849574.0
2022-01-18,AAPL,Technology,141.4271,141.9892,138.3715,140.2054,11014625.0
2022-01-19,AAPL,Technology,138.4321,139.7406,138.0562,139.0861,3343587.0
2022-01-20,AAPL,Technology,139.2123,141.0105,138.2467,139.7475,4914035.0
2022-01-21,AAPL,Technology,134.7096,135.2752,133.4089,134.9907,7033957.0
2022-01-24,AAPL,Technology,131.9132,133.0724,130.6014,130.8534,4877857.0
2022-01-25,AAPL,Technology,129.8459,130.6329,128.2202,129.5813,11245771.0
2022-01-26,AAPL,Technology,127.2999,128.0303,126.6626,127.2708,3661480.0
2022-01-27,AAPL,Technology,128.686,129.3261,127.4701,128.0416,4596892.0
2022-01-28,AAPL,Technology,127.064,128.6748,125.3528,126.0,3297814.0
2022-01-31,AAPL,Technology,123.5457,124.0669,122.0676,122.8473,3517068.0
2022-02-01,AAPL,Technology,126.2213,127.9781,124.0986,126.1374,3680481.0
2022-02-02,AAPL,Technology,126.5546,126.9932,125.0605,125.6752,8595533.0
2022-02-03,AAPL,Technology,125.9935,126.194,124.9739,125.8783,2508734.0
2022-02-04,AAPL,Technology,123.1939,124.001,121.7718,122.7004,4979347.0
2022-02-07,AAPL,Technology,120.935,122.1134,120.6902,121.5472,4959110.0
2022-02-08,AAPL,Technology,121.7959,123.1416,120.4739,121.8385,5935821.0
2022-02-09,AAPL,Technology,119.036,120.0955,117.0521,119.363,6695274.0
2022-02-10,AAPL,Technology,120.8615,121.2503,119.2084,120.2179,6173589.0
2022-02-11,AAPL,Technology,119.7528,120.6313,118.4231,118.9663,8523058.0
2022-02-14,AAPL,Technology,118.642,119.8879,117.6975,118.3892,6358032.0
2022-02-15,AAPL,Technology,117.9575,118.1337,116.9996,117.1543,9140292.0
2022-02-16,AAPL,Technology,120.3677,121.9977,119.9118,121.1072,6108272.0
2022-02-17,AAPL,Technology,121.1425,121.3509,121.0756,121.1263,2533267.0
2022-02-18,AAPL,Technology,119.1553,119.9537,117.2691,118.8686,5563643.0
2022-02-21,AAPL,Technology,119.8224,120.9469,118.1091,120.6761,4767347.0
2022-02-22,AAPL,Technology,118.3543,118.6509,117.8859,118.0725,6133061.0
2022-02-23,AAPL,Technology,117.6413,119.7093,116.546,118.5636,5343723.0
2022-02-24,AAPL,Technology,109.382,110.3774,108.908,109.6863,5329936.0
2022-02-25,AAPL,Technology,107.8241,108.3629,106.7442,107.1078,10937529.0
2022-02-28,AAPL,Technology,107.885,107.9486,105.884,107.5302,4080385.0
2022-03-01,AAPL,Technology,109.978,111.3985,106.8455,109.0026,6230428.0
2022-03-02,AAPL,Technology,109.7637,110.258,108.278,109.3824,9628330.0
2022-03-03,AAPL,Technology,108.7528,109.8375,108.6553,109.1985,12588156.0
2022-03-04,AAPL,Technology,108.45,109.6967,107.572,108.6503,4509355.0
2022-03-07,AAPL,Technology,105.2879,106.9939,103.9131,105.8022,4798782.0
2022-03-08,AAPL,Technology,105.3541,106.4046,104.2201,104.4736,4456704.0
2022-03-09,AAPL,Technology,104.1652,104.6967,103.2315,103.6492,6895019.0
2022-03-10,AAPL,Technology,104.9615,106.9269,103.7736,105.6629,6392594.0
2022-03-11,AAPL,Technology,106.3233,107.0062,104.5994,106.3587,4900606.0
2022-03-14,AAPL,Technology,102.2178,104.3526,100.7422,103.026,6631217.0
2022-03-15,AAPL,Technology,104.2234,104.6397,101.9052,103.6682,3987979.0
2022-03-16,AAPL,Technology,103.1765,105.4232,102.0424,102.9911,2893953.0
2022-03-17,AAPL,Technology,102.4371,103.3229,101.7337,101.7774,4991001.0
2022-03-18,AAPL,Technology,103.1576,104.2308,102.4524,102.9387,12185545.0
2022-03-21,AAPL,Technology,103.9646,105.0869,102.0372,104.8902,4418716.0
2022-03-22,AAPL,Technology,105.794,107.3453,105.6221,106.6904,3467727.0
2022-03-23,AAPL,Technology,104.4265,106.8222,103.8202,105.1214,3757855.0
2022-03-24,AAPL,Technology,103.9525,105.1173,103.6931,104.5784,3354038.0
2022-03-25,AAPL,Technology,105.6349,105.6914,104.631,105.2438,7089037.0
2022-03-28,AAPL,Technology,107.5468,107.9262,106.5752,107.134,8618774.0
2022-03-29,AAPL,Technology,106.8549,108.1147,106.0638,106.2528,14112604.0
2022-03-30,AAPL,Technology,105.9905,106.6476,105.5879,105.9402,5538438.0
2022-03-31,AAPL,Technology,103.0508,104.4818,102.5985,103.8729,4259979.0
2022-04-01,AAPL,Technology,102.5488,102.9369,100.7339,101.6779,3837375.0
2022-04-04,AAPL,Technology,103.7438,103.7664,101.2158,103.2056,11860451.0
2022-04-05,AAPL,Technology,105.2494,106.1817,104.1758,105.7664,6629813.0
2022-04-06,AAPL,Technology,106.0144,106.2592,104.0847,105.6716,6104642.0
2022-04-07,AAPL,Technology,108.0928,108.7197,105.8169,107.6227,3185590.0
2022-04-08,AAPL,Technology,108.1147,108.5852,107.0935,108.3663,11604602.0
2022-04-11,AAPL,Technology,107.1256,107.5938,105.5508,107.1513,3754870.0
2022-04-12,AAPL,Technology,108.0705,109.5043,106.5511,107.8912,3657049.0
2022-04-13,AAPL,Technology,111.3522,111.7473,110.598,110.9212,4321890.0
2022-04-14,AAPL,Technology,110.8787,111.4366,110.5088,110.8941,7354315.0
2022-04-15,AAPL,Technology,113.7726,116.9858,112.5864,114.0616,5865276.0
2022-04-18,AAPL,Technology,108.5155,109.9955,107.3795,108.7286,3957400.0
2022-04-19,AAPL,Technology,111.3141,111.6584,108.835,110.3807,4363349.0
2022-04-20,AAPL,Technology,109.7487,110.6742,108.4716,110.5978,8228233.0
2022-04-21,AAPL,Technology,109.9099,110.5358,109.2671,110.0468,2492882.0
2022-04-22,AAPL,Technology,110.683,111.029,109.9259,110.2725,4257237.0
2022-04-25,AAPL,Technology,107.0305,109.0187,106.0243,106.3715,9571664.0
2022-04-26,AAPL,Technology,106.6961,106.9432,105.8061,105.9935,4824163.0
2022-04-27,AAPL,Technology,106.7771,106.8128,106.5914,106.7172,2980110.0
2022-04-28,AAPL,Technology,110.4547,110.5323,107.6278,109.5988,7905840.0
2022-04-29,AAPL,Technology,108.5317,108.9589,106.4779,108.6202,21721755.0
2022-05-02,AAPL,Technology,107.4045,108.4725,106.0807,107.0829,6792539.0
2022-05-03,AAPL,Technology,107.0565,108.063,105.8943,106.1586,3611348.0
2022-05-04,AAPL,Technology,107.841,108.1355,107.6297,107.9503,7725076.0
2022-05-05,AAPL,Technology,109.5016,109.9862,108.602,108.6322,13614583.0
2022-05-06,AAPL,Technology,107.8681,108.0629,106.622,107.6398,8690242.0
2022-05-09,AAPL,Technology,108.1211,109.8383,107.0554,108.6773,11302238.0
2022-05-10,AAPL,Technology,103.7585,104.0404,102.7744,103.4768,4842197.0
2022-05-11,AAPL,Technology,106.0253,106.3369,104.9995,105.3224,10247447.0
2022-05-12,AAPL,Technology,104.4801,104.7087,103.1309,104.0336,9062754.0
2022-05-13,AAPL,Technology,104.0349,105.178,102.7898,103.4616,6869809.0
2022-05-16,AAPL,Technology,102.6536,102.9116,102.5374,102.7728,4585513.0
2022-05-17,AAPL,Technology,99.7904,100.1205,98.639,100.1065,2198043.0
2022-05-18,AAPL,Technology,101.0344,101.9327,98.7289,100.6801,3632630.0
2022-05-19,AAPL,Technology,100.6967,102.3985,100.5422,101.1935,3523236.0
2022-05-20,AAPL,Technology,101.5498,102.1769,99.1909,101.2433,8168788.0
2022-05-23,AAPL,Technology,100.8909,101.1858,100.444,100.8563,4950409.0
2022-05-24,AAPL,Technology,98.0462,99.5568,96.5901,98.3271,8337164.0
2022-05-25,AAPL,Technology,97.8116,99.9551,97.0246,97.622,6667015.0
2022-05-26,AAPL,Technology,97.4399,98.1028,96.8132,97.0588,5267408.0
2022-05-27,AAPL,Technology,94.9386,95.7499,94.7759,95.696,6592776.0
2022-05-30,AAPL,Technology,94.7716,96.9109,94.6871,95.4565,3050002.0
2022-05-31,AAPL,Technology,96.7136,97.6689,94.5336,96.1889,6097368.0
2022-06-01,AAPL,Technology,99.6907,100.5769,98.6507,99.4931,3059324.0
2022-06-02,AAPL,Technology,99.2725,100.0474,98.4016,99.8456,6586068.0
2022-06-03,AAPL,Technology,100.3938,100.9369,100.0596,100.3484,2254528.0
2022-06-06,AAPL,Technology,101.0894,101.4869,98.9932,100.254,4815624.0
2022-06-07,AAPL,Technology,96.9191,97.0283,96.4574,96.8316,5315285.0
2022-06-08,AAPL,Technology,97.3804,97.8538,96.5767,96.8241,6110655.0
2022-06-09,AAPL,Technology,96.4652,98.1919,94.9383,96.9678,2684531.0
2022-06-10,AAPL,Technology,101.8175,102.4493,100.5739,101.306,3778072.0
2022-06-13,AAPL,Technology,94.7871,95.4927,94.5487,94.9174,3292886.0
2022-06-14,AAPL,Technology,95.6194,97.4626,95.02,95.4705,3462471.0
2022-06-15,AAPL,Technology,96.0724,96.2316,95.3376,95.4491,5110737.0
2022-06-16,AAPL,Technology,93.6596,93.7832,92.1863,,5716253.0
2022-06-17,AAPL,Technology,95.2523,95.5155,93.0364,95.4397,3345448.0
2022-06-20,AAPL,Technology,96.6446,98.1972,95.7942,96.7696,8683828.0
2022-06-21,AAPL,Technology,99.0544,99.5572,96.7472,98.1862,4136599.0
2022-06-22,AAPL,Technology,95.8977,96.7953,94.9405,96.6183,3503591.0
2022-06-23,AAPL,Technology,98.8379,99.127,98.1512,99.0966,5619995.0
2022-06-24,AAPL,Technology,97.2968,98.65,96.2333,96.6357,14416391.0
2022-06-27,AAPL,Technology,97.3862,98.7746,96.3226,97.6951,11538901.0
2022-06-28,AAPL,Technology,101.5225,101.9692,101.4344,101.5861,3557273.0
2022-06-29,AAPL,Technology,100.6377,101.1217,98.9885,99.8155,5441845.0
2022-06-30,AAPL,Technology,98.1205,100.0956,96.7119,98.838,4288974.0
2022-07-01,AAPL,Technology,98.783,100.0277,98.24,99.0548,2895858.0
2022-07-04,AAPL,Technology,99.0672,99.3469,98.1322,98.1968,7385192.0
2022-07-05,AAPL,Technology,96.0831,98.0765,95.1571,95.4952,5503930.0
2022-07-06,AAPL,Technology,95.0103,95.9173,94.5766,95.6512,6690147.0
2022-07-07,AAPL,Technology,94.2132,94.8771,92.7359,93.8605,1996379.0
2022-07-08,AAPL,Technology,94.5226,95.1311,92.6853,94.6982,2839736.0
2022-07-11,AAPL,Technology,93.1951,93.2002,92.4657,93.1688,5208816.0
2022-07-12,AAPL,Technology,95.5995,95.8907,95.1094,95.8054,6747924.0
2022-07-13,AAPL,Technology,94.1608,94.6418,93.5181,94.493,6538402.0
2022-07-14,AAPL,Technology,93.7227,94.743,93.6799,93.983,5444938.0
2022-07-15,AAPL,Technology,95.9506,95.9721,94.6947,95.3968,10019585.0
2022-07-18,AAPL,Technology,92.7752,93.7899,90.6539,93.3214,5162475.0
2022-07-19,AAPL,Technology,93.1441,94.2551,92.9864,93.7408,5143649.0
2022-07-20,AAPL,Technology,96.7887,97.2463,94.4269,95.9839,3618910.0
2022-07-21,AAPL,Technology,93.2553,94.0436,93.1241,93.245,2730788.0
2022-07-22,AAPL,Technology,93.7937,94.299,92.7781,93.5922,6159731.0
2022-07-25,AAPL,Technology,93.3248,94.2482,92.0627,94.0675,5385831.0
2022-07-26,AAPL,Technology,96.2597,96.5492,94.9448,95.4289,4071340.0
2022-07-27,AAPL,Technology,92.7062,93.8576,92.4521,93.3423,4117925.0
2022-07-28,AAPL,Technology,91.1766,91.3164,89.9023,91.1611,7890468.0
2022-07-29,AAPL,Technology,92.2593,94.3752,91.2799,92.054,2524387.0
2022-08-01,AAPL,Technology,92.3625,92.7702,91.3561,92.5829,4267861.0
2022-08-02,AAPL,Technology,93.4286,93.9114,90.8678,93.0374,3804998.0
2022-08-03,AAPL,Technology,93.7143,94.0446,92.8169,93.6548,4923247.0
2022-08-04,AAPL,Technology,92.6258,93.6224,92.4139,92.5459,4932202.0
2022-08-05,AAPL,Technology,92.3842,93.7507,91.4067,92.9698,3247824.0
2022-08-08,AAPL,Technology,93.4571,94.6519,92.0993,93.4974,10433513.0
2022-08-09,AAPL,Technology,92.9843,93.1582,91.3834,92.3326,2854871.0
2022-08-10,AAPL,Technology,95.3632,96.0529,94.944,95.4704,14703594.0
2022-08-11,AAPL,Technology,96.5992,97.1243,96.0832,96.3229,7457256.0
2022-08-12,AAPL,Technology,94.4893,94.5165,93.6565,94.2959,6292912.0
2022-08-15,AAPL,Technology,95.469,96.0512,95.2513,95.448,5230251.0
2022-08-16,AAPL,Technology,93.1105,94.1201,92.9546,93.8116,2549442.0
2022-08-17,AAPL,Technology,94.9208,96.0105,94.338,95.1783,8920440.0
2022-08-18,AAPL,Technology,96.6504,98.2385,96.0215,97.2012,8227331.0
2022-08-19,AAPL,Technology,96.0192,96.6718,94.7242,95.8042,3889212.0
2022-08-22,AAPL,Technology,96.8394,98.6694,96.3513,97.5039,6280074.0
2022-08-23,AAPL,Technology,97.4571,100.1821,96.1698,98.2673,12293537.0
2022-08-24,AAPL,Technology,100.2062,100.6895,98.7978,99.7607,4166021.0
2022-08-25,AAPL,Technology,104.0019,104.7814,102.6542,103.2067,2634752.0
2022-08-26,AAPL,Technology,102.6664,104.6944,101.6458,102.7921,
2022-08-29,AAPL,Technology,102.1451,102.3978,100.2148,101.4386,7892697.0
2022-08-30,AAPL,Technology,100.4229,100.5731,99.6011,99.855,4415373.0
2022-08-31,AAPL,Technology,99.0346,100.4584,97.6415,98.4286,7218610.0
2022-09-01,AAPL,Technology,98.6078,98.768,97.1837,98.3314,6106061.0
2022-09-02,AAPL,Technology,99.5407,100.1209,98.9474,98.9746,2371374.0
2022-09-05,AAPL,Technology,100.1173,100.3939,97.9826,99.5071,5639607.0
2022-09-06,AAPL,Technology,100.6603,103.3941,99.0133,101.0285,6829232.0
2022-09-07,AAPL,Technology,101.7719,102.9453,100.4801,101.0925,4665569.0
2022-09-08,AAPL,Technology,102.8614,104.9214,102.0876,103.7779,3145841.0
2022-09-09,AAPL,Technology,104.2397,104.4341,102.5341,103.3251,3740338.0
2022-09-12,AAPL,Technology,108.533,109.1074,107.7231,108.4255,10305625.0
2022-09-13,AAPL,Technology,109.074,110.8713,108.472,109.69,4675935.0
2022-09-14,AAPL,Technology,108.549,108.5633,106.6316,108.0414,2875664.0
2022-09-15,AAPL,Technology,105.3321,106.6912,104.9764,106.002,11857016.0
2022-09-16,AAPL,Technology,107.7086,108.0933,105.3296,106.965,10360865.0
2022-09-19,AAPL,Technology,106.4099,108.041,105.1989,106.5776,3794333.0
2022-09-20,AAPL,Technology,108.2666,110.7529,107.867,107.9899,3544755.0
2022-09-21,AAPL,Technology,109.0736,111.095,107.7681,108.953,8343386.0
2022-09-22,AAPL,Technology,108.4028,109.4342,108.3959,108.8538,9637311.0
2022-09-23,AAPL,Technology,106.4217,107.4024,105.9843,107.2381,7082533.0
2022-09-26,AAPL,Technology,104.8991,105.7963,101.752,104.3569,7462617.0
2022-09-27,AAPL,Technology,102.9027,104.228,101.1631,103.5599,4797512.0
2022-09-28,AAPL,Technology,105.3837,105.499,105.018,105.1977,6671314.0
2022-09-29,AAPL,Technology,105.4955,106.8062,104.942,105.6452,4464672.0
2022-09-30,AAPL,Technology,103.9505,104.8427,102.204,103.3186,1897916.0
2022-10-03,AAPL,Technology,103.8458,104.3019,102.6372,103.682,5364917.0
2022-10-04,AAPL,Technology,104.0642,106.1048,103.0932,104.4425,4535635.0
2022-10-05,AAPL,Technology,103.4556,103.9308,102.3297,102.8227,2785645.0
2022-10-06,AAPL,Technology,102.4678,105.8148,102.2769,103.1483,4137992.0
2022-10-07,AAPL,Technology,103.2911,104.8421,102.8661,103.2977,3699996.0
2022-10-10,AAPL,Technology,101.4146,101.8416,100.8537,101.2138,3753613.0
2022-10-11,AAPL,Technology,102.194,102.2859,101.7193,101.9061,3223431.0
2022-10-12,AAPL,Technology,103.7286,104.4949,102.1968,102.9755,3151954.0
2022-10-13,AAPL,Technology,110.6874,112.1675,109.9042,110.173,4946866.0
2022-10-14,AAPL,Technology,111.3641,113.0621,111.2613,112.3069,2840342.0
2022-10-17,AAPL,Technology,109.3915,110.2934,109.1141,109.5668,5170313.0
2022-10-18,AAPL,Technology,108.6084,109.1088,107.6548,107.7611,3696667.0
2022-10-19,AAPL,Technology,108.3335,109.5809,107.1052,108.8032,5790489.0
2022-10-20,AAPL,Technology,109.7816,111.1942,109.7025,109.8529,5949998.0
2022-10-21,AAPL,Technology,110.6148,111.6486,109.806,110.9153,5527427.0
2022-10-24,AAPL,Technology,118.7015,119.9281,118.336,118.6516,5395664.0
2022-10-25,AAPL,Technology,120.3669,121.2601,119.8253,119.9183,2925216.0
2022-10-26,AAPL,Technology,121.6809,125.636,121.1869,122.4174,13659599.0
2022-10-27,AAPL,Technology,124.3707,125.2627,122.064,124.5685,5052255.0
2022-10-28,AAPL,Technology,126.7743,127.6004,125.3445,126.0789,4854941.0
2022-10-31,AAPL,Technology,126.0601,126.7892,124.5118,125.4139,3927747.0
2022-11-01,AAPL,Technology,127.7651,128.8563,125.5221,127.1774,5243214.0
2022-11-02,AAPL,Technology,126.3123,126.6418,123.6941,125.4591,7775616.0
2022-11-03,AAPL,Technology,125.0615,125.1491,123.8796,124.9745,4986524.0
2022-11-04,AAPL,Technology,124.2824,124.7579,122.6517,123.9326,5291348.0
2022-11-07,AAPL,Technology,123.6891,125.7721,123.2839,124.1648,9911036.0
2022-11-08,AAPL,Technology,129.7011,130.222,127.896,129.3877,5172549.0
2022-11-09,AAPL,Technology,124.3205,126.0507,123.2143,125.0906,
2022-11-10,AAPL,Technology,126.268,127.0676,125.8078,126.6859,3101471.0
2022-11-11,AAPL,Technology,122.9268,123.5281,122.1119,123.059,5536009.0
2022-11-14,AAPL,Technology,122.9031,122.9297,120.5114,122.0629,4804808.0
2022-11-15,AAPL,Technology,125.5892,126.0961,123.2171,124.5043,10232909.0
2022-11-16,AAPL,Technology,123.9483,124.9081,122.8421,124.6981,9053314.0
2022-11-17,AAPL,Technology,122.8119,125.6629,121.4422,122.3289,6737298.0
2022-11-18,AAPL,Technology,121.5817,121.7648,119.3703,120.8028,3022748.0
2022-11-21,AAPL,Technology,122.2654,123.5838,122.0833,122.3289,9606335.0
2022-11-22,AAPL,Technology,120.4605,122.1793,120.4356,120.7696,3033711.0
2022-11-23,AAPL,Technology,121.7513,122.3023,120.6714,121.2885,4071793.0
2022-11-24,AAPL,Technology,121.1041,123.202,120.7518,121.4365,9189092.0
2022-11-25,AAPL,Technology,119.7417,121.7046,119.6304,120.0607,9225801.0
2022-11-28,AAPL,Technology,125.8178,126.8324,124.3779,124.742,2772967.0
2022-11-29,AAPL,Technology,126.6386,127.9877,125.7586,126.2153,6498492.0
2022-11-30,AAPL,Technology,122.403,123.3571,120.1911,121.6649,5326144.0
2022-12-01,AAPL,Technology,121.6939,124.253,120.5633,122.1219,2588460.0
2022-12-02,AAPL,Technology,121.6684,122.0494,120.1846,120.716,6867489.0
2022-12-05,AAPL,Technology,122.0875,123.8412,121.7865,122.6166,6921474.0
2022-12-06,AAPL,Technology,121.048,121.1923,119.8559,120.9164,8697000.0
2022-12-07,AAPL,Technology,120.8164,120.9472,120.4403,120.7151,4843874.0
2022-12-08,AAPL,Technology,121.0068,122.4478,120.9075,121.8606,5902807.0
2022-12-09,AAPL,Technology,123.3182,124.0207,122.8332,123.8084,7277092.0
2022-12-12,AAPL,Technology,122.079,122.8848,120.5119,121.183,3132146.0
2022-12-13,AAPL,Technology,121.2163,122.3941,119.7867,120.5018,4121427.0
2022-12-14,AAPL,Technology,118.6864,119.9149,116.7091,119.5199,4471415.0
2022-12-15,AAPL,Technology,117.125,118.5336,115.1202,118.1621,4311578.0
2022-12-16,AAPL,Technology,122.1803,123.3369,120.7923,121.9644,8041307.0
2022-12-19,AAPL,Technology,123.7701,125.6622,122.09,122.9022,3613844.0
2022-12-20,AAPL,Technology,119.1555,120.2378,117.899,120.162,3144834.0
2022-12-21,AAPL,Technology,121.302,122.4575,121.0104,122.1953,6892288.0
2022-12-22,AAPL,Technology,127.6642,127.8807,125.7685,126.9119,1294108.0
2022-12-23,AAPL,Technology,128.8952,130.1102,127.1795,129.3213,4193062.0
2022-12-26,AAPL,Technology,126.0671,126.2228,124.7571,125.8362,11196229.0
2022-12-27,AAPL,Technology,124.9957,126.4725,123.6505,124.7898,7395509.0
2022-12-28,AAPL,Technology,127.7138,127.9966,126.7164,127.6854,14804175.0
2022-12-29,AAPL,Technology,127.1327,127.3324,124.4313,126.11,6787004.0
2022-12-30,AAPL,Technology,127.1823,127.8949,126.9452,127.1679,3449407.0
2023-01-02,AAPL,Technology,128.9281,130.5244,128.6725,128.992,1778038.0
2023-01-03,AAPL,Technology,126.1972,128.6098,125.3292,126.8914,5210406.0
2023-01-04,AAPL,Technology,125.6775,128.4696,124.4398,126.8062,3745941.0
2023-01-05,AAPL,Technology,119.6136,121.6296,119.335,119.4587,4615275.0
2023-01-06,AAPL,Technology,116.4319,118.0125,115.4963,117.3037,5718855.0
2023-01-09,AAPL,Technology,116.4919,117.9486,116.4695,116.8174,12936247.0
2023-01-10,AAPL,Technology,115.2538,115.3161,113.83,114.2404,3607408.0
2023-01-11,AAPL,Technology,117.4196,119.552,115.7423,117.6428,5714468.0
2023-01-12,AAPL,Technology,114.8842,115.4092,113.7108,114.6615,3812372.0
2023-01-13,AAPL,Technology,114.7313,115.226,113.6488,113.7991,11195906.0
2023-01-16,AAPL,Technology,113.3206,115.0335,112.4658,114.1125,1656757.0
2023-01-17,AAPL,Technology,116.8425,117.3411,115.8019,117.1185,4682393.0
2023-01-18,AAPL,Technology,113.2759,114.2173,112.75,114.1384,4596447.0
2023-01-19,AAPL,Technology,116.9275,118.0715,115.0934,116.5737,4759505.0
2023-01-20,AAPL,Technology,116.9276,116.9474,116.4248,116.6418,7307543.0
2023-01-23,AAPL,Technology,115.3988,116.0306,114.2548,114.6278,2822363.0
2023-01-24,AAPL,Technology,114.6108,115.74,112.8447,115.6271,3620648.0
2023-01-25,AAPL,Technology,116.0584,116.6609,115.9614,116.0876,5416046.0
2023-01-26,AAPL,Technology,114.5556,115.9424,113.6711,114.8799,9517194.0
2023-01-27,AAPL,Technology,115.786,116.4552,113.2316,115.0702,2752802.0
2023-01-30,AAPL,Technology,113.9195,115.2638,113.6461,114.3181,10238438.0
2023-01-31,AAPL,Technology,115.2129,115.5106,114.3289,114.5974,4675254.0
2023-02-01,AAPL,Technology,115.6308,116.8556,113.7142,116.0091,8980547.0
2023-02-02,AAPL,Technology,119.5845,120.6938,118.1569,119.3673,2897808.0
2023-02-03,AAPL,Technology,116.6095,117.1872,115.5961,116.7555,4032391.0
2023-02-06,AAPL,Technology,120.249,122.7153,118.7255,121.285,3774824.0
2023-02-07,AAPL,Technology,116.8814,117.2923,115.7115,117.0718,2766920.0
2023-02-08,AAPL,Technology,117.0212,118.3187,116.176,116.7988,4934419.0
2023-02-09,AAPL,Technology,118.4826,118.7803,118.0335,118.0824,2818220.0
2023-02-10,AAPL,Technology,117.7172,119.3106,117.7103,118.7269,4019851.0
2023-02-13,AAPL,Technology,116.452,117.5594,115.2913,117.4436,4172570.0
2023-02-14,AAPL,Technology,116.0463,117.3232,114.3622,117.0506,6618691.0
2023-02-15,AAPL,Technology,115.2568,116.3673,115.1592,116.0587,5606513.0
2023-02-16,AAPL,Technology,115.677,116.8899,114.4918,114.8739,4738813.0
2023-02-17,AAPL,Technology,116.4362,117.1468,115.8807,116.6766,1803911.0
2023-02-20,AAPL,Technology,116.7418,119.3048,114.3827,117.4731,6878932.0
2023-02-21,AAPL,Technology,115.9305,116.578,114.8198,116.0549,3230810.0
2023-02-22,AAPL,Technology,117.3321,118.1591,116.8308,117.9806,1858534.0
2023-02-23,AAPL,Technology,118.8523,119.6511,118.4968,118.6804,2872996.0
2023-02-24,AAPL,Technology,120.738,123.4813,120.1542,120.4643,8670424.0
2023-02-27,AAPL,Technology,122.1425,124.2906,121.3864,121.8778,2641962.0
2023-02-28,AAPL,Technology,119.1122,122.9663,117.4875,120.1079,5676346.0
2023-03-01,AAPL,Technology,119.0163,119.517,118.5576,118.9448,5751718.0
2023-03-02,AAPL,Technology,121.231,121.9056,120.1912,120.5924,6037488.0
2023-03-03,AAPL,Technology,121.9291,121.9976,121.6489,121.9655,8434970.0
2023-03-06,AAPL,Technology,121.6947,122.9626,120.9771,121.9684,3712135.0
2023-03-07,AAPL,Technology,122.2996,123.8121,119.286,122.2748,4369194.0
2023-03-08,AAPL,Technology,125.9592,126.021,124.8142,125.1358,6488290.0
2023-03-09,AAPL,Technology,124.0173,124.7365,122.5538,123.8533,4514120.0
2023-03-10,AAPL,Technology,121.0187,121.6606,116.9883,120.1684,6940600.0
2023-03-13,AAPL,Technology,118.7423,119.9891,116.6326,119.7791,4431467.0
2023-03-14,AAPL,Technology,119.8362,120.6664,118.9205,119.3577,3075936.0
2023-03-15,AAPL,Technology,122.4334,123.9453,120.786,121.7661,3551812.0
2023-03-16,AAPL,Technology,124.6419,125.7024,123.0531,123.624,7184930.0
2023-03-17,AAPL,Technology,126.0268,126.6098,125.0078,125.4837,3715516.0
2023-03-20,AAPL,Technology,129.1045,130.4793,127.6635,128.4825,5960545.0
2023-03-21,AAPL,Technology,127.6303,129.8209,126.6811,128.5825,4940289.0
2023-03-22,AAPL,Technology,129.9956,131.0036,129.8263,130.2123,3364327.0
2023-03-23,AAPL,Technology,130.2559,130.6149,129.502,129.5372,6778403.0
2023-03-24,AAPL,Technology,129.8746,130.3463,128.9161,130.3449,6952218.0
2023-03-27,AAPL,Technology,129.0384,131.1894,128.8495,130.0917,3506617.0
2023-03-28,AAPL,Technology,129.8904,131.2733,128.7876,130.3708,7569865.0
2023-03-29,AAPL,Technology,131.3961,132.0496,129.5681,,4679445.0
2023-03-30,AAPL,Technology,130.2594,130.3295,129.6065,129.9309,9872639.0
2023-03-31,AAPL,Technology,133.961,136.4652,133.9513,134.8765,8258910.0
2023-04-03,AAPL,Technology,132.3672,134.6349,130.8899,132.488,5552607.0
2023-04-04,AAPL,Technology,129.0432,130.2191,128.0592,129.6454,6613826.0
2023-04-05,AAPL,Technology,133.1243,134.3876,129.1115,132.3999,6083899.0
2023-04-06,AAPL,Technology,133.7868,134.9549,131.5702,134.3395,4930280.0
2023-04-07,AAPL,Technology,135.0067,136.5435,134.8204,135.9025,3314238.0
2023-04-10,AAPL,Technology,136.2568,138.8811,135.4819,137.4939,5038595.0
2023-04-11,AAPL,Technology,136.9645,137.9244,136.7725,137.5186,7553318.0
2023-04-12,AAPL,Technology,134.905,136.4089,134.5724,135.3526,3389452.0
2023-04-13,AAPL,Technology,135.031,136.1726,133.964,135.5914,5701438.0
2023-04-14,AAPL,Technology,133.8333,134.2264,133.5605,133.993,7297009.0
2023-04-17,AAPL,Technology,137.5378,137.8636,135.683,136.3984,1477024.0
2023-04-18,AAPL,Technology,136.417,136.5815,135.4523,136.0919,3324222.0
2023-04-19,AAPL,Technology,134.5259,134.6329,133.886,134.1242,3671542.0
2023-04-20,AAPL,Technology,134.0787,134.4581,132.8759,133.4019,5361942.0
2023-04-21,AAPL,Technology,134.1081,134.4475,133.3807,134.4468,2429074.0
2023-04-24,AAPL,Technology,132.4387,135.8877,130.7557,133.1364,2462529.0
2023-04-25,AAPL,Technology,130.1619,131.7545,128.4466,131.2192,5887375.0
2023-04-26,AAPL,Technology,131.1638,132.2038,130.724,131.8473,14315472.0
2023-04-27,AAPL,Technology,133.3879,134.1874,131.2034,132.4814,2299193.0
2023-04-28,AAPL,Technology,130.4665,132.2922,128.96,131.3255,7496746.0
2023-05-01,AAPL,Technology,129.8322,131.659,127.9064,130.2645,3187151.0
2023-05-02,AAPL,Technology,131.7799,132.5318,129.8261,130.8608,2467412.0
2023-05-03,AAPL,Technology,126.488,127.5491,125.3379,127.5021,7241657.0
2023-05-04,AAPL,Technology,123.2369,124.8972,121.5302,124.323,2836384.0
2023-05-05,AAPL,Technology,121.7028,123.0175,120.6041,122.7649,1388565.0
2023-05-08,AAPL,Technology,122.4105,122.6209,122.2572,122.3424,5037689.0
2023-05-09,AAPL,Technology,122.9965,123.1009,122.3904,123.076,2770510.0
2023-05-10,AAPL,Technology,127.017,128.2846,126.2563,126.3937,10839782.0
2023-05-11,AAPL,Technology,129.4956,130.2731,127.7116,128.3955,4188813.0
2023-05-12,AAPL,Technology,126.965,128.7384,125.8344,128.0772,3449823.0
2023-05-15,AAPL,Technology,128.126,129.5544,126.3929,128.0846,5429344.0
2023-05-16,AAPL,Technology,126.6105,126.6681,125.0655,125.8245,7014090.0
2023-05-17,AAPL,Technology,125.7377,127.6459,124.7995,125.8329,4748413.0
2023-05-18,AAPL,Technology,125.7872,127.6392,124.446,125.2294,
2023-05-19,AAPL,Technology,127.0453,127.069,125.7453,126.0069,
2023-05-22,AAPL,Technology,123.5012,124.8699,123.1225,124.1811,3041491.0
2023-05-23,AAPL,Technology,126.0266,127.2809,125.1134,125.3916,6414421.0
2023-05-24,AAPL,Technology,128.6418,130.224,127.2844,128.9013,7642455.0
2023-05-25,AAPL,Technology,136.0544,136.7219,135.4817,136.4345,8191566.0
2023-05-26,AAPL,Technology,137.9897,138.0836,136.1282,137.4756,4625234.0
2023-05-29,AAPL,Technology,140.3862,142.4008,139.0069,139.2384,13752780.0
2023-05-30,AAPL,Technology,137.2337,138.297,136.1864,138.2886,
2023-05-31,AAPL,Technology,138.8008,141.6668,136.8839,138.9017,2453362.0
2023-06-01,AAPL,Technology,137.8629,139.3223,137.3026,138.9887,6019384.0
2023-06-02,AAPL,Technology,138.6418,141.2921,138.0624,139.2887,13757618.0
2023-06-05,AAPL,Technology,136.3504,139.0921,136.1492,137.4063,5104525.0
2023-06-06,AAPL,Technology,136.7548,138.049,136.7311,137.5219,3628046.0
2023-06-07,AAPL,Technology,138.7519,139.4191,137.5508,138.8097,7575081.0
2023-06-08,AAPL,Technology,142.8516,144.0782,141.8851,142.491,10501267.0
2023-06-09,AAPL,Technology,145.0055,145.4724,144.1983,145.0083,4507303.0
2023-06-12,AAPL,Technology,149.9505,152.3822,149.1307,150.6865,7772597.0
2023-06-13,AAPL,Technology,149.2779,149.8827,148.4596,148.6654,3231586.0
2023-06-14,AAPL,Technology,149.779,153.9138,149.4431,151.0592,4179818.0
2023-06-15,AAPL,Technology,151.3393,152.5018,149.5052,151.6181,2242985.0
2023-06-16,AAPL,Technology,158.3766,161.025,156.2255,157.655,3550622.0
2023-06-19,AAPL,Technology,155.6036,156.7095,153.4958,155.4243,2683232.0
2023-06-20,AAPL,Technology,152.4217,153.1569,151.1069,153.1373,4079276.0
2023-06-21,AAPL,Technology,152.7751,153.7112,149.4455,151.5463,13478974.0
2023-06-22,AAPL,Technology,146.0235,148.1458,145.6763,145.8133,3190079.0
2023-06-23,AAPL,Technology,145.5167,147.2466,142.6567,144.4917,4082595.0
2023-06-26,AAPL,Technology,142.5144,144.4372,142.4989,142.5751,2673106.0
2023-06-27,AAPL,Technology,142.5845,143.4861,142.1131,143.0181,6242483.0
2023-06-28,AAPL,Technology,142.8439,147.3291,142.5861,143.9551,6220231.0
2023-06-29,AAPL,Technology,148.4245,149.4159,147.035,148.8742,7240811.0
2023-06-30,AAPL,Technology,151.9023,154.3271,151.0448,151.4806,3885874.0
2023-07-03,AAPL,Technology,148.9637,150.0782,148.032,149.9682,1391321.0
2023-07-04,AAPL,Technology,146.4197,149.0473,144.9773,147.603,7022537.0
2023-07-05,AAPL,Technology,149.6176,151.1578,148.6315,148.969,8813191.0
2023-07-06,AAPL,Technology,144.9724,147.052,143.6876,145.4884,3963929.0
2023-07-07,AAPL,Technology,149.9936,150.9681,148.0185,150.3428,2115701.0
2023-07-10,AAPL,Technology,154.0399,154.1579,152.4774,153.5948,3300967.0
2023-07-11,AAPL,Technology,153.1287,153.8452,151.5795,152.3591,5270327.0
2023-07-12,AAPL,Technology,146.5051,148.5866,144.5068,147.7218,8460529.0
2023-07-13,AAPL,Technology,152.0866,153.4464,151.3354,151.3808,3099836.0
2023-07-14,AAPL,Technology,151.1535,151.9787,150.8801,151.1293,6531853.0
2023-07-17,AAPL,Technology,155.1532,156.388,153.4218,154.557,4817872.0
2023-07-18,AAPL,Technology,150.7091,151.6092,149.6132,150.1831,7605777.0
2023-07-19,AAPL,Technology,147.8076,149.4485,146.0699,148.6229,2713751.0
2023-07-20,AAPL,Technology,149.9771,150.5653,147.6539,148.6963,6285996.0
2023-07-21,AAPL,Technology,150.0797,152.3234,145.6774,148.8816,4816270.0
2023-07-24,AAPL,Technology,146.8389,148.6598,145.7099,147.735,4316541.0
2023-07-25,AAPL,Technology,150.3623,150.4586,149.3693,149.4504,6276644.0
2023-07-26,AAPL,Technology,145.9386,147.8132,145.1795,146.6382,6422264.0
2023-07-27,AAPL,Technology,145.1402,146.3865,142.7445,146.321,5100844.0
2023-07-28,AAPL,Technology,147.6539,148.3035,146.0019,146.6964,1703638.0
2023-07-31,AAPL,Technology,147.1316,149.576,145.6424,148.1134,3014368.0
2023-08-01,AAPL,Technology,151.0732,152.5047,149.2365,150.0699,7037285.0
2023-08-02,AAPL,Technology,147.2819,149.0902,146.9996,147.092,3631172.0
2023-08-03,AAPL,Technology,142.542,144.4146,140.8,143.089,2335575.0
2023-08-04,AAPL,Technology,147.0504,148.5168,145.534,146.437,4635111.0
2023-08-07,AAPL,Technology,148.1242,148.8349,145.107,147.3715,2861012.0
2023-08-08,AAPL,Technology,144.2841,147.0626,143.5759,145.445,4630643.0
2023-08-09,AAPL,Technology,149.9456,151.4497,147.6143,149.5641,4176834.0
2023-08-10,AAPL,Technology,150.6126,152.4019,149.5382,149.9353,3839796.0
2023-08-11,AAPL,Technology,152.5613,153.652,152.4942,153.178,5082668.0
2023-08-14,AAPL,Technology,152.54,154.4728,150.4499,153.4254,3679428.0
2023-08-15,AAPL,Technology,159.764,162.4088,157.8463,159.1779,2365934.0
2023-08-16,AAPL,Technology,163.3997,165.232,160.8162,164.271,4689927.0
2023-08-17,AAPL,Technology,162.9746,163.9057,162.8725,163.6005,3485352.0
2023-08-18,AAPL,Technology,165.2549,166.7921,165.1299,166.5271,5486465.0
2023-08-21,AAPL,Technology,167.2907,171.0664,165.2576,168.5282,2610775.0
2023-08-22,AAPL,Technology,171.2396,174.0373,169.3896,172.7473,8300168.0
2023-08-23,AAPL,Technology,170.1523,171.868,168.4138,169.8161,8316725.0
2023-08-24,AAPL,Technology,173.364,173.7842,171.6484,171.981,5742155.0
2023-08-25,AAPL,Technology,175.6028,177.2554,173.4808,175.3263,4458188.0
2023-08-28,AAPL,Technology,170.0996,170.1661,169.3461,169.8461,2220339.0
2023-08-29,AAPL,Technology,167.6663,169.349,165.7966,166.2966,6630902.0
2023-08-30,AAPL,Technology,161.635,163.1057,159.0122,160.259,4659806.0
2023-08-31,AAPL,Technology,160.2592,160.448,158.3598,159.5459,4019091.0
2023-09-01,AAPL,Technology,162.3206,164.6583,161.6474,161.6704,4787747.0
2023-09-04,AAPL,Technology,166.4458,168.3776,165.0759,166.107,3888216.0
2023-09-05,AAPL,Technology,165.4943,166.7896,164.9564,166.395,6641971.0
2023-09-06,AAPL,Technology,169.8398,172.5481,168.7749,171.3394,3162433.0
2023-09-07,AAPL,Technology,165.8354,168.403,163.2704,167.1516,4301811.0
2023-09-08,AAPL,Technology,162.4049,163.2511,161.7442,162.0934,6419116.0
2023-09-11,AAPL,Technology,163.258,163.9461,159.9544,161.9962,5544604.0
2023-09-12,AAPL,Technology,163.5239,164.8004,161.8778,163.1809,3413693.0
2023-09-13,AAPL,Technology,162.7717,163.2059,162.5458,163.1502,7335104.0
2023-09-14,AAPL,Technology,157.2524,158.364,155.1907,157.144,5820273.0
2023-09-15,AAPL,Technology,157.7666,158.7859,153.9298,156.9547,3435410.0
2023-09-18,AAPL,Technology,152.6377,154.1682,150.265,153.3321,13540640.0
2023-09-19,AAPL,Technology,156.4609,157.532,154.5724,155.2418,2059958.0
2023-09-20,AAPL,Technology,154.983,156.364,152.2821,156.3283,4965525.0
2023-09-21,AAPL,Technology,154.9281,155.8824,153.3973,153.7461,4142799.0
2023-09-22,AAPL,Technology,152.1377,154.1087,151.0224,152.3855,4349045.0
2023-09-25,AAPL,Technology,148.3849,149.9176,147.6545,149.5411,2974297.0
2023-09-26,AAPL,Technology,150.4588,151.2262,148.1301,149.4322,4236696.0
2023-09-27,AAPL,Technology,151.5405,152.8989,151.4042,152.0611,2180512.0
2023-09-28,AAPL,Technology,149.5195,151.3364,147.6454,149.4238,6362179.0
2023-09-29,AAPL,Technology,150.3175,151.5823,148.7623,150.8393,2528816.0
2023-10-02,AAPL,Technology,149.4751,149.7842,148.3147,149.4599,5457788.0
2023-10-03,AAPL,Technology,146.5745,151.3466,146.0205,147.3867,7636477.0
2023-10-04,AAPL,Technology,148.0568,148.6132,146.3579,147.1617,13981145.0
2023-10-05,AAPL,Technology,143.595,145.9488,142.3106,144.4783,6532744.0
2023-10-06,AAPL,Technology,143.5958,144.1333,142.7162,143.0963,8144527.0
2023-10-09,AAPL,Technology,140.1057,141.2635,139.7138,140.0681,6183725.0
2023-10-10,AAPL,Technology,144.6971,145.361,144.2943,145.0776,16823827.0
2023-10-11,AAPL,Technology,144.5621,145.7936,144.3711,145.2277,3717214.0
2023-10-12,AAPL,Technology,142.7703,144.7754,140.0739,143.4567,2262445.0
2023-10-13,AAPL,Technology,144.1727,146.6102,142.6586,144.0666,8474378.0
2023-10-16,AAPL,Technology,142.983,147.2449,142.9786,143.8329,5890544.0
2023-10-17,AAPL,Technology,143.4022,144.5944,142.9936,143.3184,3161338.0
2023-10-18,AAPL,Technology,143.9613,146.1282,143.4289,144.9601,3039005.0
2023-10-19,AAPL,Technology,146.7085,147.8561,146.5338,146.9946,5462001.0
2023-10-20,AAPL,Technology,145.6702,146.0631,145.584,145.6498,18538218.0
2023-10-23,AAPL,Technology,144.5318,145.9749,142.7755,144.1984,7603102.0
2023-10-24,AAPL,Technology,142.2761,143.9047,140.0042,143.5422,6022428.0
2023-10-25,AAPL,Technology,138.5027,138.9848,135.0679,137.652,4553987.0
2023-10-26,AAPL,Technology,134.6558,136.2462,133.7081,133.9528,3351535.0
2023-10-27,AAPL,Technology,137.0249,137.3806,136.6842,137.3021,8002756.0
2023-10-30,AAPL,Technology,141.5288,142.301,141.1536,141.4225,9110953.0
2023-10-31,AAPL,Technology,140.6764,141.4686,139.3101,140.8451,3543372.0
2023-11-01,AAPL,Technology,147.5987,148.8286,147.353,147.9969,3695314.0
2023-11-02,AAPL,Technology,149.4822,152.4376,147.1575,148.8853,8112784.0
2023-11-03,AAPL,Technology,155.8049,158.1178,154.1954,157.196,4520814.0
2023-11-06,AAPL,Technology,161.3061,161.3155,160.0391,160.4268,10654076.0
2023-11-07,AAPL,Technology,158.872,160.7806,156.7741,160.1216,7111343.0
2023-11-08,AAPL,Technology,158.2902,159.4082,155.8103,157.4316,5145296.0
2023-11-09,AAPL,Technology,153.4134,155.3452,151.9816,152.9423,4006491.0
2023-11-10,AAPL,Technology,154.6427,155.3054,153.0715,153.5636,5575804.0
2023-11-13,AAPL,Technology,152.24,154.5584,150.0729,151.5343,5500041.0
2023-11-14,AAPL,Technology,148.0676,149.319,147.5927,147.7156,2720668.0
2023-11-15,AAPL,Technology,146.6244,147.7386,145.1983,146.0555,2899740.0
2023-11-16,AAPL,Technology,142.5353,144.2824,141.4385,143.2705,4623106.0
2023-11-17,AAPL,Technology,147.6975,148.904,145.6595,147.6788,6454864.0
2023-11-20,AAPL,Technology,150.8817,152.2737,148.8298,150.0814,2886840.0
2023-11-21,AAPL,Technology,149.4824,150.3521,148.7349,,2777748.0
2023-11-22,AAPL,Technology,153.3213,155.421,151.9152,154.179,7099547.0
2023-11-23,AAPL,Technology,154.7204,155.8994,152.7421,154.4554,6590227.0
2023-11-24,AAPL,Technology,152.8369,153.6935,150.8228,152.1226,10245160.0
2023-11-27,AAPL,Technology,156.1637,156.8461,153.9617,156.3541,5244133.0
2023-11-28,AAPL,Technology,157.4303,158.3078,156.4769,157.9334,4320227.0
2023-11-29,AAPL,Technology,156.4325,156.9001,154.6067,155.0478,6322228.0
2023-11-30,AAPL,Technology,153.3746,156.715,151.7588,154.5787,3332788.0
2023-12-01,AAPL,Technology,153.0443,154.437,151.8698,152.2041,4902691.0
2023-12-04,AAPL,Technology,149.2349,149.4146,146.0552,148.4766,6887476.0
2023-12-05,AAPL,Technology,151.4308,152.2763,149.2051,151.0113,6066866.0
2023-12-06,AAPL,Technology,156.4402,157.9745,154.9023,156.2619,5898656.0
2023-12-07,AAPL,Technology,152.6291,152.8278,152.3578,152.3906,4194318.0
2023-12-08,AAPL,Technology,154.5707,156.7375,152.1192,153.9958,3791803.0
2023-12-11,AAPL,Technology,152.5193,153.0231,149.3762,152.2539,6835925.0
2023-12-12,AAPL,Technology,151.2329,152.4358,150.8899,150.9798,3607056.0
2023-12-13,AAPL,Technology,149.9004,151.3245,147.4376,149.4302,13339526.0
2023-12-14,AAPL,Technology,147.6883,147.6932,145.4288,147.1661,7715674.0
2023-12-15,AAPL,Technology,146.4416,148.9859,144.207,147.3535,6625185.0
2023-12-18,AAPL,Technology,145.0913,146.3583,143.8464,145.2085,6336233.0
2023-12-19,AAPL,Technology,145.1057,148.0153,143.9837,145.9735,6152574.0
2023-12-20,AAPL,Technology,147.1103,147.7187,144.6127,145.8998,23113373.0
2023-12-21,AAPL,Technology,145.074,145.6463,143.5685,145.3307,6065394.0
2023-12-22,AAPL,Technology,143.2288,143.492,140.7763,143.0147,8722367.0
2023-12-25,AAPL,Technology,140.4453,141.6813,139.8698,141.5871,5512126.0
2023-12-26,AAPL,Technology,144.5534,145.5332,143.14,143.5689,7456061.0
2023-12-27,AAPL,Technology,144.1676,145.7419,143.1185,144.9208,7823371.0
2023-12-28,AAPL,Technology,143.7036,144.5131,142.0588,142.4288,5190479.0
2023-12-29,AAPL,Technology,142.6505,143.4038,142.3981,142.7404,4510951.0
2024-01-01,AAPL,Technology,143.6106,145.7005,142.7514,144.7281,3514874.0
2024-01-02,AAPL,Technology,140.3589,141.0578,139.9988,140.437,4398871.0
2024-01-03,AAPL,Technology,143.0747,143.3831,139.6933,141.8667,3967079.0
2024-01-04,AAPL,Technology,140.9843,142.5028,138.9162,140.2314,3918999.0
2024-01-05,AAPL,Technology,141.1065,142.1766,139.3599,141.7277,2829653.0
2024-01-08,AAPL,Technology,138.7362,140.5861,138.0347,139.8373,4067135.0
2024-01-09,AAPL,Technology,136.2386,137.3675,133.0137,135.3502,4638475.0
2024-01-10,AAPL,Technology,131.5892,132.0146,131.083,131.4392,5481370.0
2024-01-11,AAPL,Technology,130.7624,134.7953,129.0729,131.6055,7389935.0
2024-01-12,AAPL,Technology,132.2444,132.3693,131.2527,132.2734,7902135.0
2024-01-15,AAPL,Technology,133.0717,134.8048,131.64,134.1414,1565898.0
2024-01-16,AAPL,Technology,136.2867,138.5254,134.7424,135.737,6362817.0
2024-01-17,AAPL,Technology,131.2904,132.1689,129.8394,131.7317,5354026.0
2024-01-18,AAPL,Technology,132.7874,133.1178,130.6265,131.6277,4879239.0
2024-01-19,AAPL,Technology,129.3714,131.0004,124.9567,128.8111,2398818.0
2024-01-22,AAPL,Technology,128.1266,129.2171,126.9312,127.3513,2132941.0
2024-01-23,AAPL,Technology,127.4053,128.5718,126.8412,127.5109,5941195.0
2024-01-24,AAPL,Technology,124.9008,127.7393,123.063,125.5871,15162541.0
2024-01-25,AAPL,Technology,124.1612,124.9466,121.8069,124.768,7700873.0
2024-01-26,AAPL,Technology,127.4477,127.6956,125.8229,127.0779,3724767.0
2024-01-29,AAPL,Technology,125.1721,126.7571,124.6717,125.8091,4031930.0
2024-01-30,AAPL,Technology,127.2591,129.0222,127.0056,127.7519,9192771.0
2024-01-31,AAPL,Technology,124.9064,125.7835,124.7754,125.2052,3277197.0
2024-02-01,AAPL,Technology,127.2348,127.8394,125.8986,126.4493,2881444.0
2024-02-02,AAPL,Technology,129.1227,130.5769,128.7015,129.781,6546283.0
2024-02-05,AAPL,Technology,123.5304,124.6562,122.1582,124.059,3635635.0
2024-02-06,AAPL,Technology,122.2374,122.8338,121.4507,122.3291,4386735.0
2024-02-07,AAPL,Technology,123.6179,124.6909,122.8747,123.6487,5786538.0
2024-02-08,AAPL,Technology,123.1755,123.4541,121.4107,123.2463,4511156.0
2024-02-09,AAPL,Technology,123.347,127.1881,122.7888,124.1189,3843233.0
2024-02-12,AAPL,Technology,123.5433,125.078,122.1567,122.8192,2870356.0
2024-02-13,AAPL,Technology,123.0832,123.934,122.8212,123.0598,6446724.0
2024-02-14,AAPL,Technology,121.7703,127.1022,121.7081,122.7642,3870427.0
2024-02-15,AAPL,Technology,125.2542,125.7182,124.93,125.3938,4887504.0
2024-02-16,AAPL,Technology,125.4227,126.4993,125.1401,126.0182,3198529.0
2024-02-19,AAPL,Technology,126.3345,127.3095,125.0445,126.8344,3992555.0
2024-02-20,AAPL,Technology,126.5133,127.9383,125.5764,125.9448,4000088.0
2024-02-21,AAPL,Technology,124.2984,125.6603,122.2205,124.8898,4579802.0
2024-02-22,AAPL,Technology,122.9993,124.7133,121.2879,123.9673,5356764.0
2024-02-23,AAPL,Technology,124.3,125.1159,124.2279,124.8971,5234724.0
2024-02-26,AAPL,Technology,124.9675,125.249,123.225,124.0006,2406866.0
2024-02-27,AAPL,Technology,125.0976,126.0731,124.1858,124.697,3205337.0
2024-02-28,AAPL,Technology,128.8965,130.5178,127.7421,129.4052,8403318.0
2024-02-29,AAPL,Technology,131.7764,132.4912,131.2144,131.4861,2202726.0
2024-03-01,AAPL,Technology,130.3984,131.229,129.8471,130.7671,2806927.0
2024-03-04,AAPL,Technology,134.6779,135.0677,132.2663,133.6468,5217626.0
2024-03-05,AAPL,Technology,132.1133,136.2914,129.6341,132.7186,4150802.0
2024-03-06,AAPL,Technology,128.481,129.0182,126.1518,127.9027,3111110.0
2024-03-07,AAPL,Technology,125.4123,127.6087,125.1068,125.633,6728829.0
2024-03-08,AAPL,Technology,121.8703,122.7716,120.7874,121.4527,3837991.0
2024-03-11,AAPL,Technology,120.5806,121.8808,120.3314,120.7328,11772564.0
2024-03-12,AAPL,Technology,120.3599,122.9005,120.2853,120.8211,2522575.0
2024-03-13,AAPL,Technology,123.7631,126.7423,123.6255,124.5153,3019544.0
2024-03-14,AAPL,Technology,126.2054,127.6305,124.3435,125.2978,6561226.0
2024-03-15,AAPL,Technology,125.5752,125.7997,122.7082,124.8538,
2024-03-18,AAPL,Technology,127.6768,129.5649,125.6724,126.7677,4702449.0
2024-03-19,AAPL,Technology,121.9415,122.0438,120.6463,121.773,4763005.0
2024-03-20,AAPL,Technology,123.3964,125.0661,121.6752,122.3382,5183374.0
2024-03-21,AAPL,Technology,124.1568,124.3937,122.1366,124.0846,6689640.0
2024-03-22,AAPL,Technology,121.7851,123.8599,119.8962,120.8318,4065900.0
2024-03-25,AAPL,Technology,122.7605,125.4637,121.1878,123.3678,6931210.0
2024-03-26,AAPL,Technology,124.3423,125.5522,123.6423,124.1688,4771304.0
2024-03-27,AAPL,Technology,122.9592,124.7614,121.6792,123.2903,3857942.0
2024-03-28,AAPL,Technology,124.3581,126.4496,121.1784,124.7439,3990268.0
2024-03-29,AAPL,Technology,129.6141,130.5374,129.0478,129.8924,6298245.0
2024-04-01,AAPL,Technology,130.0988,132.5634,129.6429,130.3695,5499459.0
2024-04-02,AAPL,Technology,131.0786,131.6083,130.9725,131.0042,3867153.0
2024-04-03,AAPL,Technology,129.7575,130.5039,128.6085,129.9734,5149656.0
2024-04-04,AAPL,Technology,128.5321,129.047,127.8818,128.0371,3511901.0
2024-04-05,AAPL,Technology,129.1043,130.716,128.9206,130.002,3729119.0
2024-04-08,AAPL,Technology,127.7157,128.3091,125.1973,128.0507,8858312.0
2024-04-09,AAPL,Technology,129.0372,129.5284,126.8848,128.2669,2518342.0
2024-04-10,AAPL,Technology,126.3129,128.0277,125.0886,127.2154,2046160.0
2024-04-11,AAPL,Technology,128.7693,129.4111,128.127,128.3631,2741110.0
2024-04-12,AAPL,Technology,128.3873,129.6454,126.9923,129.1854,4320237.0
2024-04-15,AAPL,Technology,132.5486,134.343,131.2686,131.6497,12023997.0
2024-04-16,AAPL,Technology,131.5698,131.5914,130.0785,130.4937,4399419.0
2024-04-17,AAPL,Technology,130.9276,131.191,129.1021,129.912,2650564.0
2024-04-18,AAPL,Technology,128.2553,130.2116,125.3887,127.6752,5959038.0
2024-04-19,AAPL,Technology,126.5421,127.5892,125.9114,126.7053,5620665.0
2024-04-22,AAPL,Technology,127.709,127.9945,127.3498,127.6165,8950822.0
2024-04-23,AAPL,Technology,129.1246,129.6228,128.7636,129.4064,4860511.0
2024-04-24,AAPL,Technology,127.3424,128.7391,126.5391,127.3101,2069154.0
2024-04-25,AAPL,Technology,128.9468,129.4638,128.4583,129.3538,3246236.0
2024-04-26,AAPL,Technology,132.9702,134.4967,130.9553,132.562,3944275.0
2024-04-29,AAPL,Technology,133.0386,135.5849,131.7513,133.6015,3471673.0
2024-04-30,AAPL,Technology,139.259,139.7084,137.6168,138.1683,2810897.0
2024-05-01,AAPL,Technology,135.6188,136.8519,133.3251,136.2992,2796996.0
2024-05-02,AAPL,Technology,132.5105,133.6397,130.7156,133.3001,3941035.0
2024-05-03,AAPL,Technology,130.0102,130.2359,128.2075,129.0855,8446832.0
2024-05-06,AAPL,Technology,131.8089,134.589,131.3629,132.6133,3879872.0
2024-05-07,AAPL,Technology,135.1184,135.2868,133.3348,134.2283,1924680.0
2024-05-08,AAPL,Technology,133.0096,135.7393,132.7893,134.1477,5078296.0
2024-05-09,AAPL,Technology,135.5751,135.6834,134.8318,134.8774,2103993.0
2024-05-10,AAPL,Technology,133.3263,135.105,130.136,132.1989,5929347.0
2024-05-13,AAPL,Technology,138.5921,139.1805,137.739,138.0716,7635613.0
2024-05-14,AAPL,Technology,137.328,141.0986,135.82,138.448,4370728.0
2024-05-15,AAPL,Technology,139.5395,140.4233,137.8865,138.776,4730851.0
2024-05-16,AAPL,Technology,140.233,141.7794,139.3756,140.6445,3393700.0
2024-05-17,AAPL,Technology,140.7722,145.6314,140.2935,141.9184,2974767.0
2024-05-20,AAPL,Technology,142.6239,144.7168,142.2236,142.5471,2763238.0
2024-05-21,AAPL,Technology,141.3488,142.1161,139.9991,140.5759,3974475.0
2024-05-22,AAPL,Technology,141.4705,142.7117,139.303,141.8251,3244308.0
2024-05-23,AAPL,Technology,145.5159,146.8139,144.9667,146.6864,3116045.0
2024-05-24,AAPL,Technology,150.6803,151.503,149.5895,150.2974,4248832.0
2024-05-27,AAPL,Technology,155.7693,157.1644,153.6203,154.6677,2401384.0
2024-05-28,AAPL,Technology,153.782,154.4738,152.5937,153.3063,8133051.0
2024-05-29,AAPL,Technology,151.5163,153.0126,150.1884,150.6368,3384947.0
2024-05-30,AAPL,Technology,150.8195,152.6201,149.8463,150.356,4509924.0
2024-05-31,AAPL,Technology,151.902,153.112,148.0876,150.567,4073874.0
2024-06-03,AAPL,Technology,153.5033,154.5773,151.6867,153.5927,12094679.0
2024-06-04,AAPL,Technology,148.7806,149.9306,146.2557,148.975,4150705.0
2024-06-05,AAPL,Technology,154.3337,154.9364,151.8571,153.1362,6559091.0
2024-06-06,AAPL,Technology,152.9164,154.2257,151.8311,152.7619,3397732.0
2024-06-07,AAPL,Technology,152.6471,153.7801,151.0308,151.6492,7820900.0
2024-06-10,AAPL,Technology,149.4203,151.6552,146.9052,148.9471,7222844.0
2024-06-11,AAPL,Technology,144.3854,146.8883,143.191,144.57,3409302.0
2024-06-12,AAPL,Technology,146.0467,148.157,145.0461,146.7699,9921518.0
2024-06-13,AAPL,Technology,146.2779,147.9422,144.8582,147.0223,5883526.0
2024-06-14,AAPL,Technology,142.4907,144.7623,140.8749,143.6673,7382500.0
2024-06-17,AAPL,Technology,139.9511,140.425,139.551,140.3757,4943872.0
2024-06-18,AAPL,Technology,138.5322,140.9287,136.131,139.5834,2635861.0
2024-06-19,AAPL,Technology,143.3043,144.078,143.0207,143.8327,5196629.0
2024-06-20,AAPL,Technology,142.0591,143.4562,140.8502,143.2181,5031346.0
2024-06-21,AAPL,Technology,138.3199,142.9991,138.0737,139.4004,3355265.0
2024-06-24,AAPL,Technology,138.4421,139.0555,137.4775,138.8396,6234457.0
2024-06-25,AAPL,Technology,137.6994,139.1255,135.334,138.2135,5651085.0
2024-06-26,AAPL,Technology,132.5072,133.2634,130.3065,131.5594,6008936.0
2024-06-27,AAPL,Technology,131.0002,131.6587,130.2279,131.4834,2830898.0
2024-06-28,AAPL,Technology,131.3047,131.5855,130.9352,130.9895,3180793.0
2024-07-01,AAPL,Technology,133.0776,134.478,130.3309,132.6834,7126336.0
2024-07-02,AAPL,Technology,136.2502,137.438,135.4522,137.1523,4488883.0
2024-07-03,AAPL,Technology,140.5653,141.6651,139.5127,139.9884,5741953.0
2024-07-04,AAPL,Technology,138.1126,140.5161,136.4125,139.3668,8975846.0
2024-07-05,AAPL,Technology,137.7724,137.9375,135.8985,136.6468,19934018.0
2024-07-08,AAPL,Technology,141.9627,145.8017,140.8344,143.031,2290319.0
2024-07-09,AAPL,Technology,142.571,145.1788,142.2063,143.2406,3668935.0
2024-07-10,AAPL,Technology,142.2932,145.1638,139.0839,143.3338,9468027.0
2024-07-11,AAPL,Technology,138.5958,139.4519,137.5727,139.0289,2210318.0
2024-07-12,AAPL,Technology,140.0137,141.4625,138.1515,139.5802,5922237.0
2024-07-15,AAPL,Technology,138.3416,140.449,136.1706,139.2734,7105568.0
2024-07-16,AAPL,Technology,138.3889,139.0491,137.4421,137.891,12061661.0
2024-07-17,AAPL,Technology,136.8818,136.8822,136.0239,136.5888,2096736.0
2024-07-18,AAPL,Technology,136.8508,137.295,136.0511,136.5629,4867037.0
2024-07-19,AAPL,Technology,135.4901,136.6861,134.2428,135.2817,5217821.0
2024-07-22,AAPL,Technology,132.5347,133.8358,131.4477,133.6,2304716.0
2024-07-23,AAPL,Technology,134.2415,134.5524,131.5341,133.9094,4951564.0
2024-07-24,AAPL,Technology,132.7538,134.445,130.8987,133.3484,11071313.0
2024-07-25,AAPL,Technology,136.6783,137.7196,136.0381,137.0117,14752928.0
2024-07-26,AAPL,Technology,129.8001,131.1193,127.6898,130.5286,7116936.0
2024-07-29,AAPL,Technology,131.9972,133.4362,131.5488,133.1454,4625826.0
2024-07-30,AAPL,Technology,136.8384,138.0963,134.6774,136.185,3086646.0
2024-07-31,AAPL,Technology,131.7619,133.6842,128.4936,131.1569,2773798.0
2024-08-01,AAPL,Technology,131.4208,132.0303,130.0003,130.4004,6194094.0
2024-08-02,AAPL,Technology,129.2957,129.6706,129.0842,129.5807,3905011.0
2024-08-05,AAPL,Technology,126.363,126.884,125.2355,126.3495,2808840.0
2024-08-06,AAPL,Technology,123.7677,126.5238,123.5285,124.6311,8080196.0
2024-08-07,AAPL,Technology,121.9416,122.9692,119.7936,122.1895,3843940.0
2024-08-08,AAPL,Technology,126.8044,127.0061,125.8966,126.0924,
2024-08-09,AAPL,Technology,129.316,129.4054,126.8866,128.2665,10328444.0
2024-08-12,AAPL,Technology,131.0208,133.3884,130.0363,131.2536,4173035.0
2024-08-13,AAPL,Technology,132.7519,133.6167,131.88,133.0111,14760666.0
2024-08-14,AAPL,Technology,131.2338,132.6306,128.1952,130.3611,7919195.0
2024-08-15,AAPL,Technology,129.887,130.836,129.0916,129.1824,7692578.0
2024-08-16,AAPL,Technology,130.1287,130.5352,129.2244,130.372,4011998.0
2024-08-19,AAPL,Technology,126.7559,129.8207,125.1648,127.5562,6438093.0
2024-08-20,AAPL,Technology,130.0084,131.7405,129.191,129.2443,3299604.0
2024-08-21,AAPL,Technology,129.0384,129.6078,128.0768,128.7369,5513385.0
2024-08-22,AAPL,Technology,127.0549,128.0336,126.4107,127.9199,3329002.0
2024-08-23,AAPL,Technology,128.5356,130.1166,125.5818,129.608,7032010.0
2024-08-26,AAPL,Technology,131.1016,131.25,129.0741,130.6963,4795835.0
2024-08-27,AAPL,Technology,130.9529,131.7419,129.4282,129.8994,13534128.0
2024-08-28,AAPL,Technology,132.3778,133.6556,132.2207,132.6621,3723463.0
2024-08-29,AAPL,Technology,131.0763,132.5902,129.5104,130.1337,3690495.0
2024-08-30,AAPL,Technology,132.3878,132.4793,131.2425,131.6285,9148700.0
2024-09-02,AAPL,Technology,132.7345,133.3889,131.0761,133.0864,6243475.0
2024-09-03,AAPL,Technology,133.0759,134.3882,130.585,132.3981,11974835.0
2024-09-04,AAPL,Technology,134.3265,137.0513,132.1623,133.2283,6661269.0
2024-09-05,AAPL,Technology,130.4492,131.9457,128.6393,130.2813,6596572.0
2024-09-06,AAPL,Technology,132.5561,133.3854,131.1396,132.5003,4728856.0
2024-09-09,AAPL,Technology,131.3118,133.0694,130.6968,132.1123,3801344.0
2024-09-10,AAPL,Technology,130.6551,131.0725,129.9946,130.9221,1155708.0
2024-09-11,AAPL,Technology,133.165,135.9122,132.9275,133.4466,5495851.0
2024-09-12,AAPL,Technology,131.8216,133.8332,129.5574,131.8081,5407488.0
2024-09-13,AAPL,Technology,129.5828,130.7667,126.0859,128.5192,6737146.0
2024-09-16,AAPL,Technology,123.9474,125.4808,123.7014,124.9696,4776643.0
2024-09-17,AAPL,Technology,125.5257,126.4747,123.6631,126.3827,5308121.0
2024-09-18,AAPL,Technology,123.205,124.6075,120.8642,123.5204,8901618.0
2024-09-19,AAPL,Technology,127.2667,129.0619,124.237,127.4714,4253401.0
2024-09-20,AAPL,Technology,121.6938,123.8619,121.1246,122.7454,10746020.0
2024-09-23,AAPL,Technology,126.1222,127.3,124.5348,126.5427,3767356.0
2024-09-24,AAPL,Technology,126.1521,127.6415,125.5399,127.074,6457147.0
2024-09-25,AAPL,Technology,126.8467,129.1138,125.8216,126.9036,2594377.0
2024-09-26,AAPL,Technology,126.3487,126.3999,125.6517,125.7096,3890531.0
2024-09-27,AAPL,Technology,126.4571,128.2276,125.7761,126.6631,8571037.0
2024-09-30,AAPL,Technology,127.1541,129.1053,124.6362,126.6279,6214112.0
2024-10-01,AAPL,Technology,130.0454,130.5982,129.0076,129.1933,4163337.0
2024-10-02,AAPL,Technology,128.6714,131.002,126.0875,129.5106,6428944.0
2024-10-03,AAPL,Technology,131.0739,133.9891,129.447,129.9128,3304348.0
2024-10-04,AAPL,Technology,128.8728,129.7906,127.5087,129.1145,4528854.0
2024-10-07,AAPL,Technology,128.8443,131.4353,127.5172,129.0338,2102581.0
2024-10-08,AAPL,Technology,129.9769,130.0978,128.3529,129.8003,14258591.0
2024-10-09,AAPL,Technology,125.1999,127.6626,123.8353,125.8566,3659727.0
2024-10-10,AAPL,Technology,122.994,123.9664,121.6615,122.8527,9951130.0
2024-10-11,AAPL,Technology,125.0724,125.4234,124.2517,124.5455,16948682.0
2024-10-14,AAPL,Technology,124.1532,125.5761,122.3896,124.9784,5946441.0
2024-10-15,AAPL,Technology,124.1394,127.4313,124.1374,124.6145,4461539.0
2024-10-16,AAPL,Technology,124.2245,125.4246,124.0863,124.7057,4725029.0
2024-10-17,AAPL,Technology,124.6125,127.0036,123.6492,125.5358,14435955.0
2024-10-18,AAPL,Technology,124.1589,125.439,124.1011,124.3663,5606772.0
2024-10-21,AAPL,Technology,123.5364,124.7225,121.2903,122.6737,6081632.0
2024-10-22,AAPL,Technology,122.9994,123.5108,122.7843,123.1553,2649596.0
2024-10-23,AAPL,Technology,120.532,121.3483,119.8464,121.0357,3437794.0
2024-10-24,AAPL,Technology,121.5485,124.306,120.087,121.9735,13060882.0
2024-10-25,AAPL,Technology,117.3934,119.5861,115.8081,118.2843,5240935.0
2024-10-28,AAPL,Technology,120.0526,121.8673,119.6228,120.5228,8530326.0
2024-10-29,AAPL,Technology,122.5434,123.2045,121.4787,121.5962,8241212.0
2024-10-30,AAPL,Technology,122.3473,123.7323,120.9443,122.2053,3073289.0
2024-10-31,AAPL,Technology,125.2662,126.3939,124.106,124.4158,6264404.0
2024-11-01,AAPL,Technology,127.5507,130.5603,127.5499,128.1953,7392773.0
2024-11-04,AAPL,Technology,131.1984,132.128,129.6391,130.5873,2144908.0
2024-11-05,AAPL,Technology,125.6523,126.3511,125.5257,126.3124,4571728.0
2024-11-06,AAPL,Technology,130.4277,130.89,128.8815,,8470961.0
2024-11-07,AAPL,Technology,129.4376,130.5764,128.0334,128.3617,9086768.0
2024-11-08,AAPL,Technology,128.6469,129.6814,128.4477,128.4733,2408430.0
2024-11-11,AAPL,Technology,129.2833,131.9375,128.1766,129.7218,3294572.0
2024-11-12,AAPL,Technology,127.8608,128.9598,126.9003,128.0791,3633874.0
2024-11-13,AAPL,Technology,129.2167,129.4897,127.6998,128.5609,6173160.0
2024-11-14,AAPL,Technology,127.6547,127.9593,125.1423,126.8643,2803724.0
2024-11-15,AAPL,Technology,124.53,126.6369,124.4904,125.5186,3333215.0
2024-11-18,AAPL,Technology,123.0711,124.2982,121.9751,122.3907,7156919.0
2024-11-19,AAPL,Technology,121.1832,121.6253,119.8089,120.4057,6245272.0
2024-11-20,AAPL,Technology,118.4658,119.3391,116.3245,117.5244,9247239.0
2024-11-21,AAPL,Technology,115.5082,115.675,113.2069,115.507,4176269.0
2024-11-22,AAPL,Technology,118.3848,119.1563,117.6073,117.7439,5928462.0
2024-11-25,AAPL,Technology,116.1171,116.8792,115.1636,115.7788,4656968.0
2024-11-26,AAPL,Technology,122.0939,122.4637,120.8722,121.3111,3484958.0
2024-11-27,AAPL,Technology,122.9701,124.2296,121.533,122.4368,4840865.0
2024-11-28,AAPL,Technology,121.9057,122.9737,121.6804,122.8931,
2024-11-29,AAPL,Technology,121.8041,123.0238,120.6148,121.0435,5467302.0
2024-12-02,AAPL,Technology,121.9318,123.9743,121.8312,122.6178,12338263.0
2024-12-03,AAPL,Technology,121.6242,123.0177,121.2306,121.3963,6528110.0
2024-12-04,AAPL,Technology,120.847,122.631,120.3288,121.7115,7989287.0
2024-12-05,AAPL,Technology,127.8205,128.8203,127.0076,127.3688,3756790.0
2024-12-06,AAPL,Technology,126.9884,127.5803,126.9051,127.1995,5490864.0
2024-12-09,AAPL,Technology,130.1889,131.26,128.9035,129.8818,4661094.0
2024-12-10,AAPL,Technology,128.926,129.2812,127.1091,128.2898,4297172.0
2024-12-11,AAPL,Technology,127.1307,128.7498,127.0852,128.2603,2438743.0
2024-12-12,AAPL,Technology,132.0283,133.9678,128.7844,132.3998,8010158.0
2024-12-13,AAPL,Technology,131.8542,135.6766,128.2384,130.9586,4566346.0
2024-12-16,AAPL,Technology,135.6807,135.8101,133.392,135.2834,11969641.0
2024-12-17,AAPL,Technology,136.869,137.8283,136.1502,137.061,6410098.0
2024-12-18,AAPL,Technology,135.5302,137.0349,133.508,135.7281,4334845.0
2024-12-19,AAPL,Technology,137.9507,140.4454,137.1482,137.3275,7433715.0
2024-12-20,AAPL,Technology,139.3965,139.94,137.6237,139.7864,4076015.0
2024-12-23,AAPL,Technology,140.1348,142.3165,139.4714,141.4069,5872480.0
2024-12-24,AAPL,Technology,137.2949,137.6747,137.2529,137.4668,2969857.0
2024-12-25,AAPL,Technology,135.3532,137.4679,133.5525,135.7225,3730245.0
2024-12-26,AAPL,Technology,134.0422,135.5725,133.9126,135.1721,3985017.0
2024-12-27,AAPL,Technology,135.7802,136.6215,132.652,135.0451,5265399.0
2024-12-30,AAPL,Technology,137.4966,140.0073,136.3467,136.6078,10607327.0
2024-12-31,AAPL,Technology,138.3058,138.7032,137.0857,137.0994,3329861.0
2022-01-03,MSFT,Technology,281.1743,281.4704,279.743,280.0,3209933.0
2022-01-04,MSFT,Technology,281.8632,285.7617,280.931,283.8283,4454448.0
2022-01-05,MSFT,Technology,285.6027,287.7892,283.0052,284.9954,10322899.0
2022-01-06,MSFT,Technology,283.6032,288.4723,282.3765,285.2183,6938876.0
2022-01-07,MSFT,Technology,281.5942,285.2549,277.2964,280.9098,4425120.0
2022-01-10,MSFT,Technology,288.3764,289.3733,284.9523,286.9089,2704308.0
2022-01-11,MSFT,Technology,292.2642,292.278,288.1109,290.1037,4104982.0
2022-01-12,MSFT,Technology,289.8799,290.6155,286.3097,287.6823,4305300.0
2022-01-13,MSFT,Technology,291.3693,293.4875,288.6431,292.4375,4403440.0
2022-01-14,MSFT,Technology,292.4912,294.0305,287.5226,290.2556,12424991.0
2022-01-17,MSFT,Technology,285.239,287.546,284.8441,286.769,7186484.0
2022-01-18,MSFT,Technology,283.4119,283.7365,282.985,283.4266,9079275.0
2022-01-19,MSFT,Technology,276.4564,278.1528,274.3304,275.5369,9889552.0
2022-01-20,MSFT,Technology,275.8456,280.8172,274.6329,277.7535,1688181.0
2022-01-21,MSFT,Technology,271.8964,274.7998,269.5207,269.7546,9942613.0
2022-01-24,MSFT,Technology,264.9914,265.6584,264.1303,264.5875,7989887.0
2022-01-25,MSFT,Technology,256.3601,258.743,252.1828,255.933,3465321.0
2022-01-26,MSFT,Technology,256.6742,258.0444,255.5697,255.7085,1821161.0
2022-01-27,MSFT,Technology,253.8432,255.7637,251.7268,255.2213,3771966.0
2022-01-28,MSFT,Technology,252.0178,254.8587,251.9042,254.0149,4282825.0
2022-01-31,MSFT,Technology,249.7262,250.3836,249.7087,249.9046,11436558.0
2022-02-01,MSFT,Technology,245.1174,246.4939,243.3758,245.3424,7354673.0
2022-02-02,MSFT,Technology,248.5269,251.2096,246.4677,247.2879,6885306.0
2022-02-03,MSFT,Technology,246.5278,249.1094,242.2023,245.2333,3818224.0
2022-02-04,MSFT,Technology,248.0452,249.224,242.7537,246.5972,2425340.0
2022-02-07,MSFT,Technology,243.7211,243.8363,239.3023,243.2277,1213216.0
2022-02-08,MSFT,Technology,244.3111,247.725,243.291,244.0539,4449010.0
2022-02-09,MSFT,Technology,248.038,254.5259,244.814,249.2651,4458207.0
2022-02-10,MSFT,Technology,253.3983,254.1376,251.4584,251.7275,15138031.0
2022-02-11,MSFT,Technology,250.3642,251.4785,249.5612,250.1923,3123413.0
2022-02-14,MSFT,Technology,249.7349,253.1777,245.498,251.347,3538651.0
2022-02-15,MSFT,Technology,249.1603,251.8827,247.7206,250.5048,4620784.0
2022-02-16,MSFT,Technology,251.5055,252.6258,245.4033,250.6616,2696662.0
2022-02-17,MSFT,Technology,249.8236,251.7347,248.5225,249.4811,2950232.0
2022-02-18,MSFT,Technology,247.9359,250.8045,246.4783,248.9498,8378897.0
2022-02-21,MSFT,Technology,251.4885,254.6153,249.4567,249.9191,3748021.0
2022-02-22,MSFT,Technology,245.0809,247.8388,242.856,246.0719,3568932.0
2022-02-23,MSFT,Technology,241.3477,243.6366,238.5507,242.1953,3927421.0
2022-02-24,MSFT,Technology,225.5013,229.5592,223.2337,227.2478,4316257.0
2022-02-25,MSFT,Technology,220.3365,222.0229,219.4323,221.5429,9447243.0
2022-02-28,MSFT,Technology,215.7561,219.9399,214.0879,217.3388,9507971.0
2022-03-01,MSFT,Technology,219.0865,220.1775,216.995,218.002,4688478.0
2022-03-02,MSFT,Technology,214.6751,215.1557,211.9983,214.9969,6388360.0
2022-03-03,MSFT,Technology,215.8334,217.8214,215.1227,216.8712,5977033.0
2022-03-04,MSFT,Technology,216.3677,217.3197,214.3224,217.1001,12755851.0
2022-03-07,MSFT,Technology,208.745,212.0169,207.5285,210.3709,5287457.0
2022-03-08,MSFT,Technology,213.2453,216.7044,209.0866,212.6806,3368595.0
2022-03-09,MSFT,Technology,216.1821,216.1854,212.7997,215.546,5048594.0
2022-03-10,MSFT,Technology,212.1763,212.9168,210.5432,212.2262,5348368.0
2022-03-11,MSFT,Technology,214.146,214.3487,212.4067,213.7592,5085747.0
2022-03-14,MSFT,Technology,211.3648,212.6613,209.883,210.9367,1061414.0
2022-03-15,MSFT,Technology,212.229,212.4466,211.1374,211.3718,2904829.0
2022-03-16,MSFT,Technology,207.3543,207.628,205.831,207.201,6697802.0
2022-03-17,MSFT,Technology,200.1645,201.9565,199.3031,201.3601,5794583.0
2022-03-18,MSFT,Technology,200.6219,202.5189,199.2824,200.2274,6958675.0
2022-03-21,MSFT,Technology,199.0856,201.9541,198.0109,199.9311,6058964.0
2022-03-22,MSFT,Technology,197.5722,199.1743,195.9452,198.759,4524225.0
2022-03-23,MSFT,Technology,194.0343,196.6992,192.4277,195.093,7446833.0
2022-03-24,MSFT,Technology,192.719,196.0534,192.6778,193.9422,5057471.0
2022-03-25,MSFT,Technology,196.2788,197.4286,191.2575,194.8748,7394620.0
2022-03-28,MSFT,Technology,195.9178,201.0224,193.5574,194.8323,9150229.0
2022-03-29,MSFT,Technology,196.5369,196.5898,192.8544,195.4986,3065430.0
2022-03-30,MSFT,Technology,193.4753,195.8305,192.8272,193.5003,4835538.0
2022-03-31,MSFT,Technology,196.701,199.5198,196.2819,197.2247,4093902.0
2022-04-01,MSFT,Technology,195.0035,196.3735,192.8054,193.6118,1941548.0
2022-04-04,MSFT,Technology,193.767,195.8213,193.0077,195.2189,1886554.0
2022-04-05,MSFT,Technology,199.1728,200.3683,195.7541,199.0082,4758049.0
2022-04-06,MSFT,Technology,199.8628,201.2433,199.4411,200.639,2251261.0
2022-04-07,MSFT,Technology,200.92,201.98,198.6,200.0891,4859656.0
2022-04-08,MSFT,Technology,199.374,199.9081,197.2966,198.4979,1920158.0
2022-04-11,MSFT,Technology,200.9347,202.4613,200.2647,201.8877,4215000.0
2022-04-12,MSFT,Technology,198.0954,199.4649,196.4011,197.3921,4347861.0
2022-04-13,MSFT,Technology,193.2655,194.4717,191.1991,194.4269,7025494.0
2022-04-14,MSFT,Technology,193.426,193.7335,191.8594,193.2874,2956855.0
2022-04-15,MSFT,Technology,197.713,198.3099,196.9823,197.2116,5127950.0
2022-04-18,MSFT,Technology,197.8735,200.8744,197.1295,198.5085,3421418.0
2022-04-19,MSFT,Technology,195.1451,195.9207,192.6403,195.5331,4527616.0
2022-04-20,MSFT,Technology,196.0093,197.3827,192.8437,194.6601,6520334.0
2022-04-21,MSFT,Technology,192.7403,194.0974,192.2976,192.8441,5797529.0
2022-04-22,MSFT,Technology,189.7375,191.3501,185.7321,190.7504,17884649.0
2022-04-25,MSFT,Technology,194.2213,194.3923,192.877,193.8334,3637094.0
2022-04-26,MSFT,Technology,188.3496,189.7625,187.0283,189.6761,8035301.0
2022-04-27,MSFT,Technology,193.5198,195.0831,193.1013,194.6533,2962902.0
2022-04-28,MSFT,Technology,196.9269,198.6386,196.8071,197.3301,2153520.0
2022-04-29,MSFT,Technology,200.5753,201.7314,200.3328,200.8729,5112772.0
2022-05-02,MSFT,Technology,199.5717,201.5778,197.4993,199.4855,5617417.0
2022-05-03,MSFT,Technology,198.1436,200.4903,195.4622,199.1066,4270950.0
2022-05-04,MSFT,Technology,196.1046,196.4755,193.5796,194.6406,8112052.0
2022-05-05,MSFT,Technology,191.9782,193.7916,190.744,193.104,9138507.0
2022-05-06,MSFT,Technology,196.0888,197.0378,193.3979,194.7258,6341534.0
2022-05-09,MSFT,Technology,198.0448,199.5368,197.2494,198.8611,5528659.0
2022-05-10,MSFT,Technology,185.2055,186.1221,184.8679,185.4948,6871770.0
2022-05-11,MSFT,Technology,183.2936,185.998,180.8033,184.5028,4987254.0
2022-05-12,MSFT,Technology,183.0385,185.1169,180.551,184.1484,2855977.0
2022-05-13,MSFT,Technology,180.9143,181.5368,179.5834,180.1279,2512129.0
2022-05-16,MSFT,Technology,180.9076,184.0334,179.9696,181.9223,7953091.0
2022-05-17,MSFT,Technology,179.0146,181.0744,178.6196,179.9059,3194315.0
2022-05-18,MSFT,Technology,180.8285,181.2641,178.6895,179.4334,9699515.0
2022-05-19,MSFT,Technology,178.4496,178.6103,177.0043,178.2256,4049927.0
2022-05-20,MSFT,Technology,177.0305,178.6236,174.1608,176.0638,9543025.0
2022-05-23,MSFT,Technology,177.1658,177.3037,174.8653,176.132,7706471.0
2022-05-24,MSFT,Technology,175.9123,177.0502,174.9839,175.6125,3891601.0
2022-05-25,MSFT,Technology,175.2705,175.3753,173.4572,,3889885.0
2022-05-26,MSFT,Technology,171.3754,174.0988,169.8603,172.7071,1671649.0
2022-05-27,MSFT,Technology,174.0087,175.3558,173.0215,173.6764,4161098.0
2022-05-30,MSFT,Technology,179.3615,179.7545,178.3538,178.3583,9248238.0
2022-05-31,MSFT,Technology,180.2243,180.6401,177.9967,178.8467,2492069.0
2022-06-01,MSFT,Technology,183.0325,184.8989,181.6661,181.7866,3474157.0
2022-06-02,MSFT,Technology,178.0924,179.8837,176.7142,177.8339,8342192.0
2022-06-03,MSFT,Technology,177.5011,178.9474,177.1583,178.3717,9355873.0
2022-06-06,MSFT,Technology,176.0645,177.351,174.3895,175.329,8489484.0
2022-06-07,MSFT,Technology,171.0875,171.545,171.0169,171.2735,6430055.0
2022-06-08,MSFT,Technology,168.3652,170.0416,168.1918,169.333,7461978.0
2022-06-09,MSFT,Technology,173.7001,174.2418,171.7413,172.6469,4444121.0
2022-06-10,MSFT,Technology,175.9876,177.4379,174.3913,175.3575,3476282.0
2022-06-13,MSFT,Technology,166.3419,170.0905,164.2695,165.6056,1762069.0
2022-06-14,MSFT,Technology,161.307,162.1949,158.4044,161.6272,3873229.0
2022-06-15,MSFT,Technology,161.263,162.7342,159.6555,161.2004,7791066.0
2022-06-16,MSFT,Technology,161.4823,162.247,161.118,162.0592,12659428.0
2022-06-17,MSFT,Technology,161.3708,163.8581,161.1203,162.5953,16535221.0
2022-06-20,MSFT,Technology,157.9955,158.8402,157.5963,157.88,3224282.0
2022-06-21,MSFT,Technology,154.5955,158.7052,153.7093,155.7099,23709907.0
2022-06-22,MSFT,Technology,154.9885,156.5082,154.3392,155.6281,4587213.0
2022-06-23,MSFT,Technology,156.5043,158.75,155.5836,157.0413,2644076.0
2022-06-24,MSFT,Technology,151.9679,152.3455,150.1126,151.6017,4585256.0
2022-06-27,MSFT,Technology,152.4461,152.8415,149.3499,151.2843,7215358.0
2022-06-28,MSFT,Technology,150.5104,152.3803,150.4838,151.7062,7411991.0
2022-06-29,MSFT,Technology,154.9973,155.1567,151.2538,153.8443,13881081.0
2022-06-30,MSFT,Technology,156.7348,157.3251,155.3911,155.6267,2253435.0
2022-07-01,MSFT,Technology,157.0792,157.4195,154.2163,157.1551,2697112.0
2022-07-04,MSFT,Technology,154.8665,155.2396,153.2993,155.2222,6391512.0
2022-07-05,MSFT,Technology,150.1719,151.752,149.2914,150.5612,6544698.0
2022-07-06,MSFT,Technology,150.8102,151.0886,148.6101,149.6896,3954345.0
2022-07-07,MSFT,Technology,151.5466,152.1998,148.8867,152.1634,3546922.0
2022-07-08,MSFT,Technology,155.7746,156.8625,154.4335,155.632,3281960.0
2022-07-11,MSFT,Technology,157.2617,157.6465,156.2185,157.4792,8541854.0
2022-07-12,MSFT,Technology,159.8851,159.9037,156.3534,158.6397,3587070.0
2022-07-13,MSFT,Technology,160.5947,163.0298,158.7513,159.6827,5959702.0
2022-07-14,MSFT,Technology,157.5905,158.7543,156.6525,158.3417,5334359.0
2022-07-15,MSFT,Technology,159.2061,161.7174,157.9162,158.0913,4045045.0
2022-07-18,MSFT,Technology,163.3187,164.9691,161.822,162.3922,1931705.0
2022-07-19,MSFT,Technology,161.088,162.6881,159.9842,160.0244,11169949.0
2022-07-20,MSFT,Technology,165.5222,166.4326,164.1673,164.2389,4018200.0
2022-07-21,MSFT,Technology,162.5774,165.601,161.7802,163.4748,2297337.0
2022-07-22,MSFT,Technology,167.6151,169.6778,166.9092,167.0233,11948741.0
2022-07-25,MSFT,Technology,162.3404,166.032,162.23,163.3473,2929438.0
2022-07-26,MSFT,Technology,164.3502,165.0743,163.7905,164.9602,6394227.0
2022-07-27,MSFT,Technology,163.0569,163.1518,162.9466,163.0981,3499589.0
2022-07-28,MSFT,Technology,160.3568,161.1568,159.1329,159.4864,6268078.0
2022-07-29,MSFT,Technology,159.8823,161.6728,159.7348,160.1238,4205857.0
2022-08-01,MSFT,Technology,162.1786,163.1979,162.0096,162.7901,7482901.0
2022-08-02,MSFT,Technology,159.5277,161.4426,158.542,160.6708,5173109.0
2022-08-03,MSFT,Technology,157.9871,158.8734,155.4029,156.8975,6366821.0
2022-08-04,MSFT,Technology,157.9215,159.2522,156.2435,156.7454,5530423.0
2022-08-05,MSFT,Technology,156.6474,156.7419,155.3204,156.6045,5656461.0
2022-08-08,MSFT,Technology,158.0124,159.3152,157.962,158.0567,2477668.0
2022-08-09,MSFT,Technology,161.6943,163.2787,158.0989,160.5372,7271371.0
2022-08-10,MSFT,Technology,159.9486,162.4538,158.1763,160.4648,4020314.0
2022-08-11,MSFT,Technology,166.5416,166.9716,164.0696,165.309,3612066.0
2022-08-12,MSFT,Technology,164.8695,166.7952,164.506,165.9847,4964451.0
2022-08-15,MSFT,Technology,164.0505,165.9252,163.1694,165.1477,4224534.0
2022-08-16,MSFT,Technology,161.7004,161.878,160.4663,160.9719,6272849.0
2022-08-17,MSFT,Technology,160.3976,161.1452,159.7977,160.3759,4003237.0
2022-08-18,MSFT,Technology,158.857,160.3054,158.124,159.5929,6538088.0
2022-08-19,MSFT,Technology,161.0007,162.6759,159.6285,162.1248,5502782.0
2022-08-22,MSFT,Technology,164.4556,166.0224,163.2431,163.4056,4498508.0
2022-08-23,MSFT,Technology,160.8384,160.9694,159.1335,160.4038,2713800.0
2022-08-24,MSFT,Technology,161.7113,162.2517,159.807,160.9261,4972905.0
2022-08-25,MSFT,Technology,162.8896,164.4098,162.7237,162.7356,1904103.0
2022-08-26,MSFT,Technology,166.8539,167.7537,166.673,166.7957,5040224.0
2022-08-29,MSFT,Technology,169.9544,171.1478,167.3463,169.2476,3044741.0
2022-08-30,MSFT,Technology,171.6035,172.3627,170.824,171.3925,3039979.0
2022-08-31,MSFT,Technology,172.1841,175.0133,170.1449,171.643,10873603.0
2022-09-01,MSFT,Technology,171.4291,175.5532,171.1268,172.7952,3999933.0
2022-09-02,MSFT,Technology,177.5213,178.6321,174.3692,176.3362,8209672.0
2022-09-05,MSFT,Technology,173.8849,174.1322,172.1544,172.6641,5564139.0
2022-09-06,MSFT,Technology,172.25,173.352,168.4112,171.785,4461227.0
2022-09-07,MSFT,Technology,169.2088,171.7014,167.8108,169.7475,4224877.0
2022-09-08,MSFT,Technology,171.5428,172.3437,170.3854,170.8621,
2022-09-09,MSFT,Technology,174.5383,174.7552,170.9894,174.3107,7561397.0
2022-09-12,MSFT,Technology,172.3627,172.8784,170.4444,172.7329,7182267.0
2022-09-13,MSFT,Technology,165.7035,166.2945,165.2243,166.2131,6433906.0
2022-09-14,MSFT,Technology,164.5334,166.3159,163.6844,165.2,5077462.0
2022-09-15,MSFT,Technology,168.302,171.4272,167.3954,167.6971,3142572.0
2022-09-16,MSFT,Technology,169.1831,171.0115,168.9538,169.2235,6242043.0
2022-09-19,MSFT,Technology,170.9935,171.6389,168.0023,170.4674,6439924.0
2022-09-20,MSFT,Technology,169.55,170.3304,168.369,169.789,15114177.0
2022-09-21,MSFT,Technology,165.9679,166.9206,165.7284,166.3992,7601557.0
2022-09-22,MSFT,Technology,166.7409,169.978,166.3251,167.8544,4933567.0
2022-09-23,MSFT,Technology,166.7442,168.6747,164.9026,165.6977,2293420.0
2022-09-26,MSFT,Technology,172.6651,173.0904,170.6635,171.5709,4091780.0
2022-09-27,MSFT,Technology,172.3313,174.3533,171.6845,173.2228,2382012.0
2022-09-28,MSFT,Technology,171.0166,172.8203,170.466,171.7001,6789886.0
2022-09-29,MSFT,Technology,169.9481,172.4548,168.2436,170.1064,3386944.0
2022-09-30,MSFT,Technology,171.0084,172.0485,168.3486,169.9385,3597477.0
2022-10-03,MSFT,Technology,168.3704,169.9988,166.8906,169.3722,3801840.0
2022-10-04,MSFT,Technology,171.7835,172.9816,170.4476,172.4835,5989038.0
2022-10-05,MSFT,Technology,173.1606,175.3915,171.423,173.0842,7091506.0
2022-10-06,MSFT,Technology,172.1424,173.6665,169.6479,171.1446,6782545.0
2022-10-07,MSFT,Technology,175.2008,179.3417,174.2961,176.4068,6951552.0
2022-10-10,MSFT,Technology,177.1345,177.5259,174.7161,,7544332.0
2022-10-11,MSFT,Technology,178.4818,180.6476,177.6157,178.8953,7882516.0
2022-10-12,MSFT,Technology,177.4458,178.4198,175.2691,177.2438,4124395.0
2022-10-13,MSFT,Technology,188.1769,190.9748,187.1052,187.2244,7307126.0
2022-10-14,MSFT,Technology,188.7363,189.8876,186.7734,188.25,5763046.0
2022-10-17,MSFT,Technology,182.4044,183.0288,182.2158,182.6525,
2022-10-18,MSFT,Technology,187.8206,190.1029,186.6936,188.6333,12975809.0
2022-10-19,MSFT,Technology,191.3583,194.836,190.3463,192.623,4389798.0
2022-10-20,MSFT,Technology,192.9093,193.1853,189.3941,191.4951,3056315.0
2022-10-21,MSFT,Technology,188.4038,189.0833,186.5811,188.2136,5554394.0
2022-10-24,MSFT,Technology,189.285,191.7925,188.2287,189.3544,2017112.0
2022-10-25,MSFT,Technology,188.4565,190.5267,188.0677,189.7117,9080174.0
2022-10-26,MSFT,Technology,192.4108,193.9464,189.3954,190.8862,4309876.0
2022-10-27,MSFT,Technology,190.9083,192.0278,190.3762,191.5667,7351019.0
2022-10-28,MSFT,Technology,192.0173,193.7344,190.6031,193.2142,4408133.0
2022-10-31,MSFT,Technology,197.1118,199.69,196.5904,197.785,11552105.0
2022-11-01,MSFT,Technology,201.2449,201.4982,198.9038,199.6817,6817632.0
2022-11-02,MSFT,Technology,195.8495,202.0569,194.885,196.428,6032526.0
2022-11-03,MSFT,Technology,202.2181,202.8735,200.2382,200.8085,9458621.0
2022-11-04,MSFT,Technology,205.5319,206.5063,202.84,206.1801,3180263.0
2022-11-07,MSFT,Technology,216.5684,217.7709,216.0612,216.6815,3541250.0
2022-11-08,MSFT,Technology,211.5682,212.9659,211.2442,212.8948,2364849.0
2022-11-09,MSFT,Technology,213.6002,214.9279,212.2244,213.8286,1993814.0
2022-11-10,MSFT,Technology,206.2048,208.16,204.3911,206.8121,4833168.0
2022-11-11,MSFT,Technology,207.8627,209.0081,204.7675,208.7459,6249733.0
2022-11-14,MSFT,Technology,208.5621,208.5937,206.0111,207.0193,3784344.0
2022-11-15,MSFT,Technology,212.4596,214.6206,210.6267,213.4938,7048057.0
2022-11-16,MSFT,Technology,209.5674,211.2097,208.1459,210.9546,5058327.0
2022-11-17,MSFT,Technology,206.6864,207.3435,203.6662,205.3586,2916338.0
2022-11-18,MSFT,Technology,205.4398,206.0549,201.742,203.9128,1682791.0
2022-11-21,MSFT,Technology,197.8825,199.6087,195.2359,197.5695,6282004.0
2022-11-22,MSFT,Technology,200.4712,200.8722,197.0136,200.0426,5842643.0
2022-11-23,MSFT,Technology,193.2012,194.0061,191.2599,193.533,5009947.0
2022-11-24,MSFT,Technology,192.4251,194.6361,190.0516,193.7179,8886840.0
2022-11-25,MSFT,Technology,188.4416,190.4415,186.9493,187.3746,6704886.0
2022-11-28,MSFT,Technology,185.8085,187.5143,184.75,186.508,6901478.0
2022-11-29,MSFT,Technology,190.959,192.5528,190.8774,191.5053,3063496.0
2022-11-30,MSFT,Technology,192.7369,193.3477,191.2786,192.7061,4777416.0
2022-12-01,MSFT,Technology,191.4483,191.708,186.4799,190.1401,2413546.0
2022-12-02,MSFT,Technology,189.2262,190.7815,189.0634,190.1402,4207482.0
2022-12-05,MSFT,Technology,189.567,190.9273,189.0197,190.2901,1359700.0
2022-12-06,MSFT,Technology,193.2909,194.0972,190.9005,191.8242,3643053.0
2022-12-07,MSFT,Technology,187.0999,188.3485,185.4085,187.725,5568068.0
2022-12-08,MSFT,Technology,189.3316,190.7614,188.8463,189.5987,2474321.0
2022-12-09,MSFT,Technology,181.8251,181.9725,180.7893,181.4895,9761552.0
2022-12-12,MSFT,Technology,180.1485,181.5974,178.8472,179.7512,4352198.0
2022-12-13,MSFT,Technology,178.2287,181.2621,177.8448,178.4368,4969524.0
2022-12-14,MSFT,Technology,179.786,182.6241,179.3625,180.3341,5664092.0
2022-12-15,MSFT,Technology,180.9892,181.1133,179.6418,180.4896,3831865.0
2022-12-16,MSFT,Technology,175.7545,177.0652,175.5146,176.5208,11334009.0
2022-12-19,MSFT,Technology,173.6791,174.6889,170.7159,173.8271,9038818.0
2022-12-20,MSFT,Technology,175.7395,177.1857,171.1388,174.4666,7257339.0
2022-12-21,MSFT,Technology,175.5987,177.5148,172.9841,174.3331,10105228.0
2022-12-22,MSFT,Technology,172.7242,174.4757,172.1286,172.8049,2642159.0
2022-12-23,MSFT,Technology,170.356,173.2198,167.2738,171.5619,11023990.0
2022-12-26,MSFT,Technology,174.4693,175.0339,173.329,173.5586,2505351.0
2022-12-27,MSFT,Technology,173.4059,173.8131,171.8096,172.2078,3648428.0
2022-12-28,MSFT,Technology,171.9706,174.471,171.658,172.0512,4657874.0
2022-12-29,MSFT,Technology,179.3318,181.8955,176.8868,178.1107,4407906.0
2022-12-30,MSFT,Technology,174.4811,175.4173,173.4396,174.1426,6839448.0
2023-01-02,MSFT,Technology,168.6658,169.9005,165.6163,169.0699,3580025.0
2023-01-03,MSFT,Technology,172.1124,173.1829,170.1007,171.2741,3682607.0
2023-01-04,MSFT,Technology,169.5116,170.0312,168.7654,169.5,
2023-01-05,MSFT,Technology,169.3902,170.2604,166.9461,168.7217,5554931.0
2023-01-06,MSFT,Technology,167.9231,168.5384,164.9624,166.6973,3745783.0
2023-01-09,MSFT,Technology,167.3747,167.3859,164.6851,166.0877,4189557.0
2023-01-10,MSFT,Technology,170.8733,171.7558,168.1993,170.4187,2563977.0
2023-01-11,MSFT,Technology,173.6198,176.5702,172.1865,172.6911,2168103.0
2023-01-12,MSFT,Technology,175.2654,176.8436,174.2504,175.1598,11354754.0
2023-01-13,MSFT,Technology,170.3208,172.8973,170.0843,171.2783,6881085.0
2023-01-16,MSFT,Technology,168.827,170.2464,168.1608,168.2093,7350896.0
2023-01-17,MSFT,Technology,160.6108,160.7152,159.267,160.6524,4934777.0
2023-01-18,MSFT,Technology,159.4206,159.926,158.3323,158.6523,13714814.0
2023-01-19,MSFT,Technology,161.8783,162.1756,160.808,161.1602,3035365.0
2023-01-20,MSFT,Technology,161.3623,164.1572,161.3512,162.5737,3937364.0
2023-01-23,MSFT,Technology,161.9036,163.5346,161.0373,162.0788,5507592.0
2023-01-24,MSFT,Technology,162.1116,162.4968,160.4494,162.102,7611165.0
2023-01-25,MSFT,Technology,161.0079,163.6206,158.8982,160.3963,3481473.0
2023-01-26,MSFT,Technology,160.8288,163.8208,160.5278,161.002,2338021.0
2023-01-27,MSFT,Technology,161.9748,164.2922,160.9915,163.0555,6054275.0
2023-01-30,MSFT,Technology,158.557,160.3965,158.1504,,2429436.0
2023-01-31,MSFT,Technology,158.6558,160.6406,158.3825,159.7627,8122159.0
2023-02-01,MSFT,Technology,162.798,163.0173,161.2285,162.2261,5195637.0
2023-02-02,MSFT,Technology,162.2825,164.0682,160.3791,161.2297,12093810.0
2023-02-03,MSFT,Technology,164.1814,164.3047,161.75,163.1179,4456774.0
2023-02-06,MSFT,Technology,170.4963,171.869,170.2666,170.5454,4247929.0
2023-02-07,MSFT,Technology,169.8677,170.4616,169.6308,170.346,13549767.0
2023-02-08,MSFT,Technology,170.5761,172.128,168.2219,171.5031,4762035.0
2023-02-09,MSFT,Technology,170.5589,172.5779,168.0557,169.5636,5960421.0
2023-02-10,MSFT,Technology,169.4999,170.78,169.2938,170.1401,5804676.0
2023-02-13,MSFT,Technology,172.1746,172.5812,169.4726,171.4782,9738932.0
2023-02-14,MSFT,Technology,171.008,172.8996,169.9253,172.0985,3779776.0
2023-02-15,MSFT,Technology,169.4264,172.0413,168.8385,169.3767,11122445.0
2023-02-16,MSFT,Technology,169.7784,170.7867,167.8091,170.0207,7994532.0
2023-02-17,MSFT,Technology,174.6714,177.0135,173.6718,174.0833,4740645.0
2023-02-20,MSFT,Technology,176.5057,178.7785,173.4855,175.42,3573987.0
2023-02-21,MSFT,Technology,177.0581,178.5632,177.0408,178.2077,3514322.0
2023-02-22,MSFT,Technology,177.6251,178.5613,176.9281,177.621,2438324.0
2023-02-23,MSFT,Technology,180.6469,181.6933,178.7972,,5425737.0
2023-02-24,MSFT,Technology,180.3873,181.8123,176.7763,180.7345,5116349.0
2023-02-27,MSFT,Technology,178.2457,180.075,173.0336,178.0751,6265021.0
2023-02-28,MSFT,Technology,179.1913,179.8599,178.5563,179.0716,3896664.0
2023-03-01,MSFT,Technology,177.5398,177.7499,175.6023,176.3198,5143470.0
2023-03-02,MSFT,Technology,173.5402,176.1883,172.752,174.6226,2368884.0
2023-03-03,MSFT,Technology,174.9113,175.5347,172.9153,175.2388,3825385.0
2023-03-06,MSFT,Technology,176.1856,177.253,175.6925,176.1599,2961983.0
2023-03-07,MSFT,Technology,173.0779,173.4727,172.7024,172.896,3810274.0
2023-03-08,MSFT,Technology,175.3417,176.4281,175.194,175.8982,6792596.0
2023-03-09,MSFT,Technology,176.2016,178.4354,176.0951,177.5959,1821635.0
2023-03-10,MSFT,Technology,168.5067,169.3186,167.1936,168.5784,5805680.0
2023-03-13,MSFT,Technology,164.9416,166.6265,164.1676,164.5154,2029479.0
2023-03-14,MSFT,Technology,163.0262,164.5673,161.9007,164.2163,6101056.0
2023-03-15,MSFT,Technology,162.2468,163.5988,161.8295,163.1267,4484356.0
2023-03-16,MSFT,Technology,164.5603,165.0629,162.7763,163.5035,1928930.0
2023-03-17,MSFT,Technology,161.4657,164.748,160.9844,162.6354,6640466.0
2023-03-20,MSFT,Technology,156.234,158.7954,155.6696,157.4929,2723818.0
2023-03-21,MSFT,Technology,156.5552,158.3069,155.169,156.5931,5260959.0
2023-03-22,MSFT,Technology,154.7169,156.3215,153.4411,155.9057,4545850.0
2023-03-23,MSFT,Technology,157.0637,157.8325,156.6428,157.5643,9545670.0
2023-03-24,MSFT,Technology,154.7694,158.3146,154.3475,155.8829,3043928.0
2023-03-27,MSFT,Technology,159.399,164.1064,159.04,160.1476,5297098.0
2023-03-28,MSFT,Technology,156.1805,156.2498,154.8524,155.3294,5532158.0
2023-03-29,MSFT,Technology,157.6658,160.2457,157.6322,158.6657,1607514.0
2023-03-30,MSFT,Technology,158.5283,158.7932,157.9278,158.1755,2969228.0
2023-03-31,MSFT,Technology,159.8518,161.6706,158.9837,160.4301,1928938.0
2023-04-03,MSFT,Technology,160.3618,161.0462,160.2239,160.7151,4263177.0
2023-04-04,MSFT,Technology,163.5758,165.7666,159.8644,163.7258,4112864.0
2023-04-05,MSFT,Technology,161.9953,163.0318,161.0868,162.7929,3291660.0
2023-04-06,MSFT,Technology,159.2169,161.8187,158.7508,160.0127,1677310.0
2023-04-07,MSFT,Technology,163.0329,164.0878,162.4338,163.7295,14275555.0
2023-04-10,MSFT,Technology,164.6758,166.7668,162.3954,163.5141,20438714.0
2023-04-11,MSFT,Technology,163.5655,167.3156,161.4305,164.1755,1427824.0
2023-04-12,MSFT,Technology,168.0549,168.2849,166.9071,167.5011,4988001.0
2023-04-13,MSFT,Technology,164.9364,165.7193,164.1465,164.8192,3613784.0
2023-04-14,MSFT,Technology,167.7636,168.2681,165.5459,166.4719,13011080.0
2023-04-17,MSFT,Technology,165.9068,168.7759,161.9427,164.984,4174244.0
2023-04-18,MSFT,Technology,164.6998,166.4188,164.2668,164.7176,5786551.0
2023-04-19,MSFT,Technology,165.3422,166.2299,164.7014,164.9904,3282243.0
2023-04-20,MSFT,Technology,160.1355,161.1811,159.0775,161.1125,10897459.0
2023-04-21,MSFT,Technology,158.1392,161.3575,156.5476,159.1854,4378994.0
2023-04-24,MSFT,Technology,163.9742,166.3617,161.9272,162.7061,3613882.0
2023-04-25,MSFT,Technology,166.3515,166.721,164.3062,165.0945,2164529.0
2023-04-26,MSFT,Technology,165.4073,167.7365,164.6274,165.0116,5848926.0
2023-04-27,MSFT,Technology,165.0728,166.6191,164.8284,165.736,4052865.0
2023-04-28,MSFT,Technology,165.2298,167.4983,163.4505,165.0386,6962506.0
2023-05-01,MSFT,Technology,169.9738,171.466,168.2197,168.7033,2748784.0
2023-05-02,MSFT,Technology,168.0428,170.4273,167.57,168.2469,4853762.0
2023-05-03,MSFT,Technology,169.0725,170.8419,167.7097,168.9551,3768742.0
2023-05-04,MSFT,Technology,170.9972,173.3638,170.1329,172.1376,3177307.0
2023-05-05,MSFT,Technology,169.8535,172.222,166.8279,170.0827,3858981.0
2023-05-08,MSFT,Technology,173.2952,175.9199,171.5394,174.4097,2691543.0
2023-05-09,MSFT,Technology,170.1174,171.5342,169.3456,170.2261,3704421.0
2023-05-10,MSFT,Technology,173.4161,174.9715,173.112,174.7497,3436707.0
2023-05-11,MSFT,Technology,172.759,175.0839,171.8754,173.7951,5548896.0
2023-05-12,MSFT,Technology,172.1933,175.0915,170.492,173.2071,6382026.0
2023-05-15,MSFT,Technology,167.3998,170.4322,166.3009,168.0559,5871344.0
2023-05-16,MSFT,Technology,167.0142,169.2197,166.3198,166.917,8167838.0
2023-05-17,MSFT,Technology,165.5344,165.8956,162.2807,164.2235,11537133.0
2023-05-18,MSFT,Technology,161.9936,162.8949,159.7949,162.709,7142223.0
2023-05-19,MSFT,Technology,162.0906,162.7301,160.2725,162.4328,2337996.0
2023-05-22,MSFT,Technology,165.892,167.4633,162.928,165.0033,8336654.0
2023-05-23,MSFT,Technology,164.4105,166.3407,164.3607,165.6339,8630829.0
2023-05-24,MSFT,Technology,166.261,169.3186,166.2138,166.5321,1848787.0
2023-05-25,MSFT,Technology,172.6829,174.626,172.4382,173.6882,1173136.0
2023-05-26,MSFT,Technology,171.0633,172.4032,168.6336,171.3275,5259072.0
2023-05-29,MSFT,Technology,177.2114,177.8739,176.0124,176.3439,3198494.0
2023-05-30,MSFT,Technology,173.9025,175.8761,173.6103,174.3577,4096710.0
2023-05-31,MSFT,Technology,179.5487,180.2451,177.2713,179.0652,5419955.0
2023-06-01,MSFT,Technology,177.3879,178.6912,175.871,178.4584,4718965.0
2023-06-02,MSFT,Technology,178.0597,179.422,177.0993,178.5541,5434490.0
2023-06-05,MSFT,Technology,182.6808,183.0496,180.397,181.7013,3766408.0
2023-06-06,MSFT,Technology,184.7158,186.745,184.5631,185.4898,1572105.0
2023-06-07,MSFT,Technology,185.4326,186.6767,183.2942,185.2537,9856869.0
2023-06-08,MSFT,Technology,184.3359,186.976,182.2491,184.1955,7353223.0
2023-06-09,MSFT,Technology,182.8992,184.553,182.3045,184.1228,9294346.0
2023-06-12,MSFT,Technology,185.807,185.8081,184.3198,185.2105,8956649.0
2023-06-13,MSFT,Technology,187.6576,189.8038,187.0161,187.9444,5347354.0
2023-06-14,MSFT,Technology,189.523,190.4983,186.973,188.0511,7494992.0
2023-06-15,MSFT,Technology,191.0093,191.3999,189.8285,190.0072,11901381.0
2023-06-16,MSFT,Technology,194.9733,196.605,193.7052,195.083,14326151.0
2023-06-19,MSFT,Technology,195.3924,201.4609,193.9861,196.3707,
2023-06-20,MSFT,Technology,197.9656,199.2216,196.9143,197.4481,3718489.0
2023-06-21,MSFT,Technology,192.7493,192.9169,192.165,192.7483,2792781.0
2023-06-22,MSFT,Technology,185.4596,185.6666,182.2883,184.7316,6827657.0
2023-06-23,MSFT,Technology,187.2116,188.7194,184.1682,185.9719,5241341.0
2023-06-26,MSFT,Technology,186.3033,187.8436,183.419,185.7827,3761673.0
2023-06-27,MSFT,Technology,184.4099,185.1452,183.2338,184.3454,7994867.0
2023-06-28,MSFT,Technology,184.1981,186.9677,182.919,185.1559,5447585.0
2023-06-29,MSFT,Technology,184.5371,186.5876,183.7089,185.0695,2363759.0
2023-06-30,MSFT,Technology,187.6305,190.2257,186.2099,188.5015,3801668.0
2023-07-03,MSFT,Technology,190.07,192.2386,187.9802,188.8555,1926359.0
2023-07-04,MSFT,Technology,187.4231,188.2421,186.6053,186.693,6250779.0
2023-07-05,MSFT,Technology,190.8401,192.6275,189.4006,189.744,5356901.0
2023-07-06,MSFT,Technology,189.6356,192.5968,188.9567,189.1797,8096247.0
2023-07-07,MSFT,Technology,192.0932,192.2084,188.3349,190.8681,2207031.0
2023-07-10,MSFT,Technology,190.9718,192.4393,189.0238,189.5055,5300107.0
2023-07-11,MSFT,Technology,187.1095,188.4599,186.8788,187.63,4892352.0
2023-07-12,MSFT,Technology,187.4732,188.6001,185.0161,187.9764,4043142.0
2023-07-13,MSFT,Technology,187.0999,188.3366,184.1457,188.109,3674657.0
2023-07-14,MSFT,Technology,189.9258,191.479,188.4028,189.6472,7523948.0
2023-07-17,MSFT,Technology,189.5808,190.0023,185.8237,188.9269,4187289.0
2023-07-18,MSFT,Technology,183.8269,183.9874,183.4674,183.4703,10760420.0
2023-07-19,MSFT,Technology,181.8761,183.5487,179.9168,182.2917,7277477.0
2023-07-20,MSFT,Technology,184.2322,185.2746,183.728,184.6981,10586453.0
2023-07-21,MSFT,Technology,185.0382,187.6366,179.8126,183.9117,10789820.0
2023-07-24,MSFT,Technology,184.6413,185.3459,183.2063,,7175420.0
2023-07-25,MSFT,Technology,186.6052,187.9581,186.2042,186.2628,7317538.0
2023-07-26,MSFT,Technology,183.679,185.4514,182.4009,184.2341,3899158.0
2023-07-27,MSFT,Technology,178.5483,180.2693,177.7795,179.7784,6963757.0
2023-07-28,MSFT,Technology,179.9175,180.1203,176.9558,179.4062,3400860.0
2023-07-31,MSFT,Technology,177.6615,179.1588,175.8372,178.1061,4003709.0
2023-08-01,MSFT,Technology,174.1253,175.6419,171.9517,175.4417,5868189.0
2023-08-02,MSFT,Technology,175.1418,176.9577,174.1168,175.0371,3409498.0
2023-08-03,MSFT,Technology,177.7836,177.9169,176.128,176.5011,
2023-08-04,MSFT,Technology,176.7158,177.2787,176.2165,176.5631,7107101.0
2023-08-07,MSFT,Technology,177.639,177.8127,175.8949,177.5186,5223537.0
2023-08-08,MSFT,Technology,181.2983,183.7906,180.9649,182.758,6832762.0
2023-08-09,MSFT,Technology,180.621,183.4485,178.9721,181.8468,5956003.0
2023-08-10,MSFT,Technology,183.4375,183.9415,180.0108,182.7476,2781012.0
2023-08-11,MSFT,Technology,182.0512,182.566,179.8398,181.35,2655966.0
2023-08-14,MSFT,Technology,178.0063,180.0758,177.4544,178.9849,2321107.0
2023-08-15,MSFT,Technology,178.1043,178.7475,176.616,177.3994,4209689.0
2023-08-16,MSFT,Technology,177.2333,177.8847,174.3924,176.1291,4516997.0
2023-08-17,MSFT,Technology,177.8352,178.9302,175.5688,177.2302,10574936.0
2023-08-18,MSFT,Technology,183.34,185.1919,182.9677,183.9801,5081289.0
2023-08-21,MSFT,Technology,182.5721,185.2165,180.7965,181.9643,2817523.0
2023-08-22,MSFT,Technology,180.3626,180.8835,180.3312,180.8423,1213220.0
2023-08-23,MSFT,Technology,179.3932,182.4268,179.3692,180.7501,7036424.0
2023-08-24,MSFT,Technology,181.5248,183.9179,178.3085,181.9851,4169987.0
2023-08-25,MSFT,Technology,183.2889,185.385,181.7127,182.8435,3235145.0
2023-08-28,MSFT,Technology,185.311,187.763,184.7963,186.6915,5856030.0
2023-08-29,MSFT,Technology,180.5556,181.3686,179.3094,179.5371,3159546.0
2023-08-30,MSFT,Technology,172.0236,175.0866,171.8737,172.7702,1895978.0
2023-08-31,MSFT,Technology,171.1597,172.7068,168.9929,171.4858,3682375.0
2023-09-01,MSFT,Technology,174.4472,175.5756,171.7624,174.5823,2554547.0
2023-09-04,MSFT,Technology,171.3222,171.8612,170.0823,170.2962,2730152.0
2023-09-05,MSFT,Technology,162.4606,163.6684,160.2045,162.1863,5511801.0
2023-09-06,MSFT,Technology,163.5911,165.1291,163.5111,163.7496,3438509.0
2023-09-07,MSFT,Technology,165.3139,166.7916,163.9603,164.4699,2973154.0
2023-09-08,MSFT,Technology,160.425,161.7043,159.0242,161.6832,2919018.0
2023-09-11,MSFT,Technology,159.954,160.0052,156.805,159.2145,2036926.0
2023-09-12,MSFT,Technology,156.1497,158.8102,155.7748,156.8238,4180018.0
2023-09-13,MSFT,Technology,156.0613,159.0348,154.7755,157.1796,2657945.0
2023-09-14,MSFT,Technology,154.4586,157.39,151.6041,155.683,12719915.0
2023-09-15,MSFT,Technology,157.3778,159.362,155.4693,156.9916,14721478.0
2023-09-18,MSFT,Technology,150.8298,153.062,149.3281,149.8996,2604246.0
2023-09-19,MSFT,Technology,147.4855,149.2045,147.1183,147.9195,10178008.0
2023-09-20,MSFT,Technology,145.1925,145.348,143.7981,145.3284,4919955.0
2023-09-21,MSFT,Technology,145.2824,147.2518,144.7274,144.805,5506570.0
2023-09-22,MSFT,Technology,142.99,144.7392,142.0371,143.6308,3645932.0
2023-09-25,MSFT,Technology,144.4747,146.0677,142.9792,145.5362,8426324.0
2023-09-26,MSFT,Technology,141.0825,141.3034,140.3688,141.2793,5133055.0
2023-09-27,MSFT,Technology,140.3265,142.3486,139.0605,141.4528,12096911.0
2023-09-28,MSFT,Technology,143.2717,144.4874,142.0962,142.7872,6413031.0
2023-09-29,MSFT,Technology,147.8576,148.4522,145.4452,147.1003,2709309.0
2023-10-02,MSFT,Technology,145.1564,147.0214,142.0745,146.0399,5814615.0
2023-10-03,MSFT,Technology,146.5405,149.4898,146.0677,146.8711,7307564.0
2023-10-04,MSFT,Technology,141.9382,143.01,140.7926,142.7055,4236602.0
2023-10-05,MSFT,Technology,137.5899,137.882,137.1606,137.3154,5392204.0
2023-10-06,MSFT,Technology,138.2534,139.9533,138.1717,139.24,8115881.0
2023-10-09,MSFT,Technology,139.6747,139.9853,139.0028,139.2973,3394671.0
2023-10-10,MSFT,Technology,141.9219,142.4324,141.4638,141.9935,5215846.0
2023-10-11,MSFT,Technology,138.4439,139.0308,137.9369,138.9443,2973146.0
2023-10-12,MSFT,Technology,141.0798,141.552,138.8136,140.1696,5143885.0
2023-10-13,MSFT,Technology,145.4055,146.342,143.3902,144.4309,3159254.0
2023-10-16,MSFT,Technology,144.8003,146.2189,143.5898,145.473,7091137.0
2023-10-17,MSFT,Technology,146.046,146.9726,145.2683,146.1895,10222787.0
2023-10-18,MSFT,Technology,147.0752,147.3429,144.8889,146.2826,7020271.0
2023-10-19,MSFT,Technology,142.1632,143.5042,141.7645,142.6791,3235426.0
2023-10-20,MSFT,Technology,145.7408,146.6382,144.622,145.845,8787067.0
2023-10-23,MSFT,Technology,143.5579,144.6382,142.6586,144.4925,9585335.0
2023-10-24,MSFT,Technology,145.1653,146.5371,145.0855,145.731,5072458.0
2023-10-25,MSFT,Technology,142.9314,145.2898,141.2651,142.1594,7062175.0
2023-10-26,MSFT,Technology,140.1555,141.3693,136.9525,139.5477,3838050.0
2023-10-27,MSFT,Technology,142.7219,142.8277,141.6071,142.8217,6116011.0
2023-10-30,MSFT,Technology,141.896,142.619,141.3372,142.0995,2467178.0
2023-10-31,MSFT,Technology,146.234,146.3955,143.6738,145.4747,3821524.0
2023-11-01,MSFT,Technology,151.5283,152.8866,150.6482,151.1843,4328193.0
2023-11-02,MSFT,Technology,147.4959,147.8247,146.2278,146.8044,4089621.0
2023-11-03,MSFT,Technology,150.1007,151.2088,147.8697,148.9732,4723757.0
2023-11-06,MSFT,Technology,148.1318,149.2815,146.9047,147.6416,2186604.0
2023-11-07,MSFT,Technology,148.7314,150.6021,145.4095,149.3659,2975589.0
2023-11-08,MSFT,Technology,149.8161,149.832,149.091,149.5009,3704714.0
2023-11-09,MSFT,Technology,146.0494,148.3416,143.5714,145.8845,2362799.0
2023-11-10,MSFT,Technology,146.8858,147.9488,145.748,146.3409,6831757.0
2023-11-13,MSFT,Technology,151.763,153.491,151.2577,151.5564,1582019.0
2023-11-14,MSFT,Technology,152.3723,153.2772,151.8097,152.8276,5851296.0
2023-11-15,MSFT,Technology,153.1563,153.9843,152.5536,152.7634,8659702.0
2023-11-16,MSFT,Technology,155.6817,155.7181,154.9317,155.4682,4398381.0
2023-11-17,MSFT,Technology,156.2816,157.951,155.4267,156.0699,4693499.0
2023-11-20,MSFT,Technology,157.4262,159.014,156.1214,156.6712,11707397.0
2023-11-21,MSFT,Technology,154.6795,154.7242,151.6205,154.0131,4990498.0
2023-11-22,MSFT,Technology,155.8387,157.0394,152.5288,154.6664,8132703.0
2023-11-23,MSFT,Technology,156.6572,158.4692,156.5102,157.3061,2629102.0
2023-11-24,MSFT,Technology,154.7587,156.3723,154.3903,155.2804,2622075.0
2023-11-27,MSFT,Technology,157.6267,160.0705,157.1618,158.8972,6433851.0
2023-11-28,MSFT,Technology,159.4506,159.9073,158.6382,158.7435,10491733.0
2023-11-29,MSFT,Technology,155.4747,157.8613,154.9242,156.5681,4760168.0
2023-11-30,MSFT,Technology,159.2448,160.0746,158.6819,159.1455,8104814.0
2023-12-01,MSFT,Technology,158.1751,160.2158,157.552,158.4948,4458879.0
2023-12-04,MSFT,Technology,160.0403,160.7926,157.923,160.5001,6656744.0
2023-12-05,MSFT,Technology,159.5369,160.9315,157.8072,159.8311,3959631.0
2023-12-06,MSFT,Technology,160.941,161.2172,158.4589,159.758,1562453.0
2023-12-07,MSFT,Technology,160.7469,161.5615,160.5727,161.0995,4247459.0
2023-12-08,MSFT,Technology,161.7646,162.6001,161.1174,161.9299,4843436.0
2023-12-11,MSFT,Technology,156.3349,158.6157,154.5992,156.8407,7848341.0
2023-12-12,MSFT,Technology,153.4545,154.6475,152.7204,154.1054,5085750.0
2023-12-13,MSFT,Technology,156.1356,157.395,155.7941,156.4741,8121585.0
2023-12-14,MSFT,Technology,155.8091,156.8711,154.2531,156.2215,8845133.0
2023-12-15,MSFT,Technology,154.4687,156.4531,153.6029,154.9905,5320279.0
2023-12-18,MSFT,Technology,150.9497,152.4965,150.7806,151.699,10651527.0
2023-12-19,MSFT,Technology,148.5696,150.5043,147.5557,149.1541,3927275.0
2023-12-20,MSFT,Technology,143.6505,146.7964,142.503,144.4037,20905372.0
2023-12-21,MSFT,Technology,143.8112,144.5861,142.6143,144.2419,3171467.0
2023-12-22,MSFT,Technology,143.782,144.1071,142.0714,142.9329,1781570.0
2023-12-25,MSFT,Technology,139.9509,141.6432,139.1589,140.7939,17438024.0
2023-12-26,MSFT,Technology,140.0421,142.2949,139.7854,140.7108,3264463.0
2023-12-27,MSFT,Technology,141.7094,141.9261,140.5154,141.6006,6967181.0
2023-12-28,MSFT,Technology,146.7162,147.2697,145.499,146.4138,2089981.0
2023-12-29,MSFT,Technology,143.3327,144.3866,142.4437,142.9452,2520417.0
2024-01-01,MSFT,Technology,146.6314,148.1098,143.5863,145.6683,4060608.0
2024-01-02,MSFT,Technology,149.1483,149.8629,146.5071,148.0092,6392620.0
2024-01-03,MSFT,Technology,145.2685,146.9029,144.4543,146.2382,9603610.0
2024-01-04,MSFT,Technology,147.2472,149.102,145.8925,146.7868,4290618.0
2024-01-05,MSFT,Technology,144.7816,146.4735,141.8188,145.7854,5173829.0
2024-01-08,MSFT,Technology,146.1099,148.2815,145.7024,146.2914,4816148.0
2024-01-09,MSFT,Technology,149.5026,150.9708,147.4155,149.8969,4530145.0
2024-01-10,MSFT,Technology,150.2565,152.8383,150.2327,151.4243,3347530.0
2024-01-11,MSFT,Technology,153.8795,154.4282,152.4852,152.7323,6672950.0
2024-01-12,MSFT,Technology,152.5862,153.3885,149.8869,151.7571,9366249.0
2024-01-15,MSFT,Technology,151.6293,153.3736,150.9554,152.7823,7757535.0
2024-01-16,MSFT,Technology,151.654,153.5854,151.0243,152.349,2997597.0
2024-01-17,MSFT,Technology,155.1637,159.4115,153.6778,155.3664,2299039.0
2024-01-18,MSFT,Technology,151.1593,153.5482,150.6847,151.6478,6688093.0
2024-01-19,MSFT,Technology,150.0174,151.3322,149.1457,149.1636,3063378.0
2024-01-22,MSFT,Technology,149.3989,150.3221,149.2695,149.5395,8718857.0
2024-01-23,MSFT,Technology,147.8341,149.2689,146.6929,147.2584,10161836.0
2024-01-24,MSFT,Technology,145.3773,145.8585,145.3519,145.4647,7121038.0
2024-01-25,MSFT,Technology,144.4651,145.225,143.8681,144.5515,2616792.0
2024-01-26,MSFT,Technology,141.3924,141.7148,138.9671,141.4654,3953319.0
2024-01-29,MSFT,Technology,140.067,141.6068,139.085,139.3312,2812083.0
2024-01-30,MSFT,Technology,141.0387,142.1264,140.6444,140.9691,5651704.0
2024-01-31,MSFT,Technology,137.5017,139.248,134.35,138.0908,4284908.0
2024-02-01,MSFT,Technology,135.2538,136.9178,133.6816,134.6294,5720340.0
2024-02-02,MSFT,Technology,132.6064,135.5095,131.2813,133.3396,6465381.0
2024-02-05,MSFT,Technology,134.7263,136.6421,134.1817,134.9678,3689629.0
2024-02-06,MSFT,Technology,134.7727,135.3345,131.7287,134.6101,6395263.0
2024-02-07,MSFT,Technology,134.4308,135.4949,133.613,133.6768,2135295.0
2024-02-08,MSFT,Technology,134.8568,135.8943,132.0181,133.8385,5538064.0
2024-02-09,MSFT,Technology,129.3125,130.99,128.6025,130.1671,8090490.0
2024-02-12,MSFT,Technology,131.451,132.6337,131.0972,131.2625,4996831.0
2024-02-13,MSFT,Technology,133.0458,133.681,130.9817,132.1334,16315927.0
2024-02-14,MSFT,Technology,131.2385,131.3983,129.5338,131.3342,3166228.0
2024-02-15,MSFT,Technology,134.5404,136.8148,132.8145,133.5136,1794417.0
2024-02-16,MSFT,Technology,130.4026,132.7613,129.9717,131.1718,5617396.0
2024-02-19,MSFT,Technology,133.078,134.8178,132.6575,133.6046,3415175.0
2024-02-20,MSFT,Technology,133.1802,134.2975,132.8167,134.0017,3574323.0
2024-02-21,MSFT,Technology,134.1203,134.2644,132.9234,133.3471,4897388.0
2024-02-22,MSFT,Technology,133.6716,135.357,132.7404,133.3713,6739422.0
2024-02-23,MSFT,Technology,133.0306,134.4202,132.4413,133.2091,3130340.0
2024-02-26,MSFT,Technology,136.0181,136.7343,134.6974,135.8766,5946404.0
2024-02-27,MSFT,Technology,133.4788,134.3361,132.1222,133.6038,10778100.0
2024-02-28,MSFT,Technology,133.0057,133.25,131.9507,132.0406,4352874.0
2024-02-29,MSFT,Technology,134.9482,135.4689,133.3674,134.296,1291321.0
2024-03-01,MSFT,Technology,132.6468,133.5596,130.8059,133.0835,5273558.0
2024-03-04,MSFT,Technology,135.5104,135.6118,134.8073,135.0675,3584400.0
2024-03-05,MSFT,Technology,139.1489,139.3086,138.7136,138.8077,5410305.0
2024-03-06,MSFT,Technology,138.5715,138.9126,137.9511,137.9847,3192522.0
2024-03-07,MSFT,Technology,138.9587,140.0904,138.4118,139.558,4766925.0
2024-03-08,MSFT,Technology,138.0134,139.2321,137.034,137.0517,5371413.0
2024-03-11,MSFT,Technology,138.0428,139.5852,136.0702,138.7752,2867810.0
2024-03-12,MSFT,Technology,140.3398,141.4166,138.7602,139.2874,3518315.0
2024-03-13,MSFT,Technology,139.2889,141.2813,139.0877,140.4112,3233731.0
2024-03-14,MSFT,Technology,139.3685,140.0223,137.9221,139.0311,8785590.0
2024-03-15,MSFT,Technology,135.0141,135.4929,134.1479,135.4056,4607953.0
2024-03-18,MSFT,Technology,136.3983,137.8591,136.1259,136.5636,2795236.0
2024-03-19,MSFT,Technology,132.2024,132.2511,131.7073,132.1233,7041129.0
2024-03-20,MSFT,Technology,131.8029,132.9286,130.0094,131.5185,5765057.0
2024-03-21,MSFT,Technology,133.6531,134.5405,133.1351,133.5647,4814744.0
2024-03-22,MSFT,Technology,134.8525,135.9259,132.1708,134.0416,7685647.0
2024-03-25,MSFT,Technology,138.9604,140.1375,136.4495,138.2872,10131285.0
2024-03-26,MSFT,Technology,140.3402,140.696,139.4317,140.6245,4471400.0
2024-03-27,MSFT,Technology,140.147,140.4303,138.4419,139.2235,2118786.0
2024-03-28,MSFT,Technology,139.7543,141.515,139.1898,139.354,3557972.0
2024-03-29,MSFT,Technology,139.9244,140.3495,138.8946,139.318,5781838.0
2024-04-01,MSFT,Technology,136.6909,137.4947,132.6704,135.8609,2990605.0
2024-04-02,MSFT,Technology,134.7822,134.9099,132.8995,133.8846,3499782.0
2024-04-03,MSFT,Technology,132.5119,134.3503,131.4485,132.7503,3152965.0
2024-04-04,MSFT,Technology,129.234,129.4443,127.9826,128.4917,3918697.0
2024-04-05,MSFT,Technology,127.7511,129.7091,126.8307,128.6536,3408514.0
2024-04-08,MSFT,Technology,128.995,129.1972,126.6605,128.2052,8539715.0
2024-04-09,MSFT,Technology,125.3627,125.4476,122.7762,124.8378,5411278.0
2024-04-10,MSFT,Technology,126.4062,126.4085,125.6958,125.7076,5637807.0
2024-04-11,MSFT,Technology,127.2975,127.7116,125.0487,127.2103,
2024-04-12,MSFT,Technology,127.7779,128.7505,125.8848,127.736,7161820.0
2024-04-15,MSFT,Technology,126.4351,127.5708,124.1796,127.1375,2788068.0
2024-04-16,MSFT,Technology,128.7893,129.5385,127.0681,128.4042,4489599.0
2024-04-17,MSFT,Technology,130.7199,131.7515,128.6172,129.8659,5022019.0
2024-04-18,MSFT,Technology,129.5676,132.1616,128.8216,130.5696,4048445.0
2024-04-19,MSFT,Technology,129.2973,130.0259,127.7788,128.9121,7050871.0
2024-04-22,MSFT,Technology,128.5829,131.2271,127.8596,129.5471,6541919.0
2024-04-23,MSFT,Technology,131.999,132.6742,130.3726,132.0898,10975187.0
2024-04-24,MSFT,Technology,131.5801,133.2977,130.3213,130.8949,5701343.0
2024-04-25,MSFT,Technology,135.244,137.1997,134.3085,135.3541,4693467.0
2024-04-26,MSFT,Technology,134.7531,135.4191,133.6543,134.2835,2453159.0
2024-04-29,MSFT,Technology,134.6006,135.0914,133.5197,134.4202,1743672.0
2024-04-30,MSFT,Technology,133.1202,133.6195,132.6111,133.0411,4582275.0
2024-05-01,MSFT,Technology,133.395,134.6532,133.3925,133.5829,3810020.0
2024-05-02,MSFT,Technology,130.0386,131.8744,129.4042,129.926,3790824.0
2024-05-03,MSFT,Technology,129.4965,130.2394,127.3142,128.8558,4969348.0
2024-05-06,MSFT,Technology,125.777,127.544,125.3483,126.6686,5789869.0
2024-05-07,MSFT,Technology,126.2825,128.8616,125.8903,127.0063,2776289.0
2024-05-08,MSFT,Technology,128.7538,130.8686,127.9292,129.0906,4801725.0
2024-05-09,MSFT,Technology,129.8381,130.6154,127.8849,130.4894,3267404.0
2024-05-10,MSFT,Technology,125.1284,125.615,124.8193,125.603,6240977.0
2024-05-13,MSFT,Technology,129.9555,130.0606,127.1432,129.7697,3042383.0
2024-05-14,MSFT,Technology,131.3408,131.8768,129.4534,130.4477,3372498.0
2024-05-15,MSFT,Technology,128.9013,129.8003,128.8692,128.8922,11660551.0
2024-05-16,MSFT,Technology,128.3867,130.16,127.7442,129.2807,8138200.0
2024-05-17,MSFT,Technology,129.5574,131.0064,127.5512,129.7098,5684898.0
2024-05-20,MSFT,Technology,129.1782,131.216,128.344,128.3907,3377379.0
2024-05-21,MSFT,Technology,128.6316,129.5945,128.2099,128.8615,6977926.0
2024-05-22,MSFT,Technology,127.4769,128.2895,126.2568,127.6734,3297294.0
2024-05-23,MSFT,Technology,127.4053,127.9688,126.6058,126.9112,2216173.0
2024-05-24,MSFT,Technology,125.3518,125.6289,125.1406,125.5811,11650572.0
2024-05-27,MSFT,Technology,122.6057,124.2829,121.9837,122.7653,4763858.0
2024-05-28,MSFT,Technology,123.1457,124.3197,123.0972,123.1131,5611323.0
2024-05-29,MSFT,Technology,123.7238,125.1621,123.0201,124.3276,3819206.0
2024-05-30,MSFT,Technology,126.3327,126.7455,124.8708,125.414,2916793.0
2024-05-31,MSFT,Technology,127.1055,127.7735,126.1426,127.122,5139415.0
2024-06-03,MSFT,Technology,127.1587,128.4304,126.5492,127.8452,4375983.0
2024-06-04,MSFT,Technology,126.1502,127.8136,125.278,126.8195,3203210.0
2024-06-05,MSFT,Technology,128.7023,129.3119,128.466,128.5866,
2024-06-06,MSFT,Technology,125.5337,126.5869,124.4576,125.858,2628564.0
2024-06-07,MSFT,Technology,124.2391,124.7311,120.7836,124.1072,4074412.0
2024-06-10,MSFT,Technology,122.5836,122.8092,121.8318,122.2546,3493300.0
2024-06-11,MSFT,Technology,124.3036,125.4574,124.0302,124.4284,2913872.0
2024-06-12,MSFT,Technology,126.3203,126.3874,125.5294,126.3676,7660065.0
2024-06-13,MSFT,Technology,127.3769,127.7086,126.2042,127.4161,4411963.0
2024-06-14,MSFT,Technology,129.4617,129.9947,129.0167,129.6651,8099666.0
2024-06-17,MSFT,Technology,128.2221,128.9157,126.2211,127.9057,8276054.0
2024-06-18,MSFT,Technology,128.3583,130.6053,127.9797,128.6831,7104330.0
2024-06-19,MSFT,Technology,128.7987,129.846,126.8397,128.4897,3308641.0
2024-06-20,MSFT,Technology,130.1088,131.5996,130.0103,130.295,12335514.0
2024-06-21,MSFT,Technology,131.0434,131.0475,129.5042,130.1199,7348154.0
2024-06-24,MSFT,Technology,128.4502,129.5433,127.2944,129.3835,
2024-06-25,MSFT,Technology,130.0288,130.8083,129.8999,130.568,3429507.0
2024-06-26,MSFT,Technology,131.4991,134.5239,131.4372,132.4637,7558249.0
2024-06-27,MSFT,Technology,130.1253,131.3096,128.075,131.1134,4323350.0
2024-06-28,MSFT,Technology,130.1376,131.4517,128.1331,131.0508,8948339.0
2024-07-01,MSFT,Technology,128.9088,129.2179,128.6255,128.897,3492037.0
2024-07-02,MSFT,Technology,123.9394,125.6324,122.5067,123.8096,
2024-07-03,MSFT,Technology,125.0979,125.4869,123.4383,124.2686,2847327.0
2024-07-04,MSFT,Technology,124.9675,127.0352,123.5591,125.5414,14224773.0
2024-07-05,MSFT,Technology,125.1905,127.1349,124.607,126.1306,8723967.0
2024-07-08,MSFT,Technology,122.6468,123.5654,121.6422,122.2592,4308132.0
2024-07-09,MSFT,Technology,121.1912,121.9059,121.1878,121.6341,4062975.0
2024-07-10,MSFT,Technology,117.5252,118.3137,116.7065,117.3776,4448539.0
2024-07-11,MSFT,Technology,117.0102,117.5626,115.1651,116.4874,10370332.0
2024-07-12,MSFT,Technology,114.7573,115.9853,114.2545,114.5214,5081113.0
2024-07-15,MSFT,Technology,117.3134,117.7228,116.5746,116.879,15354345.0
2024-07-16,MSFT,Technology,119.3315,121.9202,116.7607,118.7063,2218190.0
2024-07-17,MSFT,Technology,117.1058,117.2065,116.6517,117.0551,4235051.0
2024-07-18,MSFT,Technology,115.1657,115.4583,113.9278,114.9921,5874907.0
2024-07-19,MSFT,Technology,114.9972,115.7461,114.7631,115.6942,3682666.0
2024-07-22,MSFT,Technology,114.4954,114.9587,112.7226,114.1891,9220286.0
2024-07-23,MSFT,Technology,113.6792,114.656,112.8883,114.4335,4117227.0
2024-07-24,MSFT,Technology,113.4068,115.3575,112.7103,113.6067,4065311.0
2024-07-25,MSFT,Technology,110.9233,112.363,109.9344,110.4259,1924968.0
2024-07-26,MSFT,Technology,106.238,107.1962,105.4131,106.5402,6103937.0
2024-07-29,MSFT,Technology,107.1668,107.5511,106.4034,106.9799,1242014.0
2024-07-30,MSFT,Technology,105.2434,107.0041,103.586,106.0722,7049214.0
2024-07-31,MSFT,Technology,105.3413,105.75,103.8329,105.1866,2299740.0
2024-08-01,MSFT,Technology,105.6946,106.9772,104.3278,106.4103,1766619.0
2024-08-02,MSFT,Technology,108.1642,109.2208,106.9997,108.4614,9004127.0
2024-08-05,MSFT,Technology,108.2997,108.9667,107.3505,108.0426,14004243.0
2024-08-06,MSFT,Technology,106.6674,108.3113,105.3937,107.5079,2347954.0
2024-08-07,MSFT,Technology,107.9079,108.8859,107.64,108.4219,1745684.0
2024-08-08,MSFT,Technology,105.7759,107.1958,105.728,106.1222,12110908.0
2024-08-09,MSFT,Technology,106.4451,106.7242,105.2001,106.5542,9070870.0
2024-08-12,MSFT,Technology,107.2062,107.6043,104.8634,107.5483,2177942.0
2024-08-13,MSFT,Technology,108.5411,109.3118,108.3496,108.7726,4691416.0
2024-08-14,MSFT,Technology,104.7878,106.5177,104.0461,105.4564,4891384.0
2024-08-15,MSFT,Technology,103.9002,105.1312,101.9262,104.2244,5967471.0
2024-08-16,MSFT,Technology,102.9177,104.4557,102.0576,102.812,3182000.0
2024-08-19,MSFT,Technology,103.5771,104.7277,101.5827,103.0277,4165605.0
2024-08-20,MSFT,Technology,103.2193,104.2656,102.6409,103.8717,3962895.0
2024-08-21,MSFT,Technology,106.0983,106.7327,105.6915,106.4111,4889718.0
2024-08-22,MSFT,Technology,105.4479,106.1117,105.3707,105.6216,9753525.0
2024-08-23,MSFT,Technology,104.9126,104.9713,104.7712,104.8335,4559268.0
2024-08-26,MSFT,Technology,106.9434,107.5546,106.2211,106.8143,6140664.0
2024-08-27,MSFT,Technology,107.1903,107.8275,104.4235,107.3746,6093589.0
2024-08-28,MSFT,Technology,109.1736,110.0458,109.1689,109.6061,3954043.0
2024-08-29,MSFT,Technology,110.1975,111.5473,108.963,110.1672,3457582.0
2024-08-30,MSFT,Technology,108.6746,109.3559,107.3768,108.1827,3696727.0
2024-09-02,MSFT,Technology,105.8781,106.8627,104.8885,105.9292,3393681.0
2024-09-03,MSFT,Technology,103.0704,103.5903,102.2184,103.3526,2759833.0
2024-09-04,MSFT,Technology,103.7818,106.1617,102.1952,104.4991,4723413.0
2024-09-05,MSFT,Technology,106.5612,106.8933,105.9531,106.5386,9049128.0
2024-09-06,MSFT,Technology,110.2571,111.9177,108.7022,109.7444,3086516.0
2024-09-09,MSFT,Technology,110.6305,111.9549,110.2339,111.2796,3765030.0
2024-09-10,MSFT,Technology,113.8002,114.3778,113.3666,113.4057,7048866.0
2024-09-11,MSFT,Technology,112.4819,114.2636,112.0112,112.41,16821700.0
2024-09-12,MSFT,Technology,111.2446,111.752,110.314,110.3863,8207377.0
2024-09-13,MSFT,Technology,112.2249,112.4344,111.1695,111.9429,4779492.0
2024-09-16,MSFT,Technology,112.9293,113.3754,112.621,112.7469,5165233.0
2024-09-17,MSFT,Technology,112.5354,113.1251,111.0226,112.9971,7750688.0
2024-09-18,MSFT,Technology,113.849,114.5166,112.5979,113.754,8906530.0
2024-09-19,MSFT,Technology,114.3648,115.6598,112.8089,114.3991,11932556.0
2024-09-20,MSFT,Technology,116.6399,116.8859,115.5984,116.8062,2095590.0
2024-09-23,MSFT,Technology,119.1115,121.2189,117.1457,119.2848,2854835.0
2024-09-24,MSFT,Technology,120.3755,120.3915,120.3202,120.3831,4874597.0
2024-09-25,MSFT,Technology,122.9174,124.5183,121.0189,122.0724,7491501.0
2024-09-26,MSFT,Technology,123.4092,123.6005,122.5187,123.1375,9512711.0
2024-09-27,MSFT,Technology,123.1905,123.502,122.0084,122.2904,3814166.0
2024-09-30,MSFT,Technology,123.4072,124.5996,122.7254,123.8319,4005364.0
2024-10-01,MSFT,Technology,120.2237,121.3132,119.8819,121.1309,3665889.0
2024-10-02,MSFT,Technology,123.8215,124.5064,123.118,123.234,5037710.0
2024-10-03,MSFT,Technology,120.8036,121.8449,120.5878,120.9403,9066679.0
2024-10-04,MSFT,Technology,121.9835,122.9923,120.8545,121.5539,12420195.0
2024-10-07,MSFT,Technology,120.8263,122.8468,118.8098,119.9709,7291255.0
2024-10-08,MSFT,Technology,120.2718,121.1331,118.3502,121.0932,5029789.0
2024-10-09,MSFT,Technology,121.6535,122.4611,120.924,121.088,4250303.0
2024-10-10,MSFT,Technology,117.7366,118.1217,116.9111,118.0588,5199994.0
2024-10-11,MSFT,Technology,119.5719,120.4023,116.6045,118.9125,6357310.0
2024-10-14,MSFT,Technology,118.6784,118.9433,117.0191,117.8724,4466184.0
2024-10-15,MSFT,Technology,119.3711,119.7598,117.7311,119.5932,11620095.0
2024-10-16,MSFT,Technology,119.4012,119.9716,117.5184,119.6555,4903091.0
2024-10-17,MSFT,Technology,120.1538,121.5227,119.1201,120.4724,4829527.0
2024-10-18,MSFT,Technology,119.4747,121.2712,115.8818,118.6868,3627611.0
2024-10-21,MSFT,Technology,117.0613,117.7737,116.9996,117.627,2577161.0
2024-10-22,MSFT,Technology,116.4566,117.4805,115.7879,116.8227,8759926.0
2024-10-23,MSFT,Technology,117.9937,118.9521,117.4282,118.4824,4675823.0
2024-10-24,MSFT,Technology,121.735,122.7803,120.7266,121.7215,10253528.0
2024-10-25,MSFT,Technology,120.8119,120.8522,120.1242,120.2142,3479247.0
2024-10-28,MSFT,Technology,121.9329,122.7865,121.7137,122.3456,1889241.0
2024-10-29,MSFT,Technology,118.469,119.8546,117.4089,118.1596,2674162.0
2024-10-30,MSFT,Technology,116.0374,116.9444,115.3716,115.961,4714318.0
2024-10-31,MSFT,Technology,114.6449,115.2868,112.8962,114.24,4168228.0
2024-11-01,MSFT,Technology,111.3267,112.9124,108.6938,111.825,7182758.0
2024-11-04,MSFT,Technology,109.1144,109.6545,108.9692,109.0475,4365511.0
2024-11-05,MSFT,Technology,109.814,110.2303,109.7981,109.8227,9159349.0
2024-11-06,MSFT,Technology,115.4489,115.8282,114.4394,114.9925,3447260.0
2024-11-07,MSFT,Technology,115.4728,116.2242,114.7115,115.7481,2626455.0
2024-11-08,MSFT,Technology,117.475,118.2831,115.1523,117.0847,10324104.0
2024-11-11,MSFT,Technology,118.0651,119.2605,117.3527,117.6408,4454470.0
2024-11-12,MSFT,Technology,119.1589,120.3752,118.6649,118.9377,3672596.0
2024-11-13,MSFT,Technology,119.4538,120.5095,117.8778,118.8649,7326841.0
2024-11-14,MSFT,Technology,116.5571,117.4002,115.1585,116.6669,6623059.0
2024-11-15,MSFT,Technology,119.6038,120.7657,118.3262,118.6998,1924832.0
2024-11-18,MSFT,Technology,117.9678,119.102,117.5032,117.6403,6029466.0
2024-11-19,MSFT,Technology,116.599,117.4349,115.6481,115.9381,3358328.0
2024-11-20,MSFT,Technology,116.3626,116.8546,115.2435,115.666,5563450.0
2024-11-21,MSFT,Technology,114.3753,114.5608,112.8643,114.0346,5198871.0
2024-11-22,MSFT,Technology,113.1835,113.8917,112.3845,113.3299,25729484.0
2024-11-25,MSFT,Technology,114.5679,115.0605,113.6627,114.0105,9896697.0
2024-11-26,MSFT,Technology,115.2182,115.9672,113.7316,114.7029,8177607.0
2024-11-27,MSFT,Technology,112.7469,113.3268,111.0502,113.1125,9019890.0
2024-11-28,MSFT,Technology,112.3491,112.5969,110.7544,112.2864,6861707.0
2024-11-29,MSFT,Technology,115.1844,115.2477,113.5578,114.2727,3169675.0
2024-12-02,MSFT,Technology,115.0126,116.0641,112.2181,115.2374,6464045.0
2024-12-03,MSFT,Technology,118.7416,120.8046,118.4305,119.1211,2784241.0
2024-12-04,MSFT,Technology,120.9097,122.795,120.752,121.4299,2704900.0
2024-12-05,MSFT,Technology,124.0522,124.0821,123.2675,123.7138,5791623.0
2024-12-06,MSFT,Technology,120.9661,121.1826,120.2925,121.0285,5528959.0
2024-12-09,MSFT,Technology,122.6024,124.2843,122.4788,122.5682,7415259.0
2024-12-10,MSFT,Technology,122.688,123.243,122.4038,122.5253,3471669.0
2024-12-11,MSFT,Technology,122.1756,123.0917,120.3038,121.5064,4402620.0
2024-12-12,MSFT,Technology,122.5236,123.1033,120.9971,121.8938,2999272.0
2024-12-13,MSFT,Technology,123.3948,124.8448,122.4939,123.7982,7309595.0
2024-12-16,MSFT,Technology,123.8552,125.6723,123.3183,124.8522,4407965.0
2024-12-17,MSFT,Technology,122.9231,123.5339,122.3263,123.1597,4920532.0
2024-12-18,MSFT,Technology,125.6231,126.5876,123.5058,124.6844,3818046.0
2024-12-19,MSFT,Technology,123.7241,125.6014,123.1556,123.4747,4161266.0
2024-12-20,MSFT,Technology,124.6775,125.361,122.574,123.9646,6010635.0
2024-12-23,MSFT,Technology,123.1123,124.2522,123.0181,123.4249,11876941.0
2024-12-24,MSFT,Technology,123.671,123.6971,122.1747,123.0544,3815077.0
2024-12-25,MSFT,Technology,125.0032,127.1605,124.3997,124.6245,5796149.0
2024-12-26,MSFT,Technology,123.4331,123.7865,122.0021,122.6127,7560290.0
2024-12-27,MSFT,Technology,127.106,128.636,126.2365,126.4901,7491158.0
2024-12-30,MSFT,Technology,121.8959,122.8899,119.6572,122.8677,4700135.0
2024-12-31,MSFT,Technology,121.1293,122.1173,120.6265,121.7542,14464769.0
2022-01-03,GOOGL,Technology,100.5926,101.7282,98.4795,100.0,1657402.0
2022-01-04,GOOGL,Technology,94.5067,95.4554,93.5901,94.4824,5393888.0
2022-01-05,GOOGL,Technology,93.8454,95.1354,91.9619,94.1713,3380620.0
2022-01-06,GOOGL,Technology,97.4383,98.2342,95.3038,97.4498,7772846.0
2022-01-07,GOOGL,Technology,97.7833,98.7873,96.9516,97.7165,6030693.0
2022-01-10,GOOGL,Technology,99.0838,100.6607,98.6076,99.2182,3485645.0
2022-01-11,GOOGL,Technology,100.226,100.364,99.3183,99.4461,3720230.0
2022-01-12,GOOGL,Technology,98.007,98.7779,97.7468,98.1486,3183912.0
2022-01-13,GOOGL,Technology,93.0356,96.3077,91.6773,93.7773,7041333.0
2022-01-14,GOOGL,Technology,94.6942,94.8711,93.399,94.1907,3309482.0
2022-01-17,GOOGL,Technology,92.638,93.2151,91.2993,92.7579,1963000.0
2022-01-18,GOOGL,Technology,91.4532,91.5133,89.7827,91.301,4615409.0
2022-01-19,GOOGL,Technology,89.5973,90.6373,88.8848,90.4172,6297291.0
2022-01-20,GOOGL,Technology,93.4762,93.7402,92.8093,93.5996,8373970.0
2022-01-21,GOOGL,Technology,97.7308,98.5105,97.0207,98.1296,4391000.0
2022-01-24,GOOGL,Technology,99.3759,99.5225,98.4164,98.5853,5223322.0
2022-01-25,GOOGL,Technology,97.6443,97.7142,96.2755,97.6985,17745064.0
2022-01-26,GOOGL,Technology,95.0873,95.7867,94.7857,95.4275,6695123.0
2022-01-27,GOOGL,Technology,96.1753,97.5876,95.5856,96.3504,4055889.0
2022-01-28,GOOGL,Technology,100.2146,102.404,98.861,99.815,4860025.0
2022-01-31,GOOGL,Technology,98.7425,100.2358,98.1299,99.3511,2863590.0
2022-02-01,GOOGL,Technology,95.4324,96.6852,94.2412,94.6538,7754022.0
2022-02-02,GOOGL,Technology,96.4272,96.7646,95.8471,95.9507,8620193.0
2022-02-03,GOOGL,Technology,98.3635,98.7413,96.9742,97.8705,5664636.0
2022-02-04,GOOGL,Technology,95.6092,97.9228,94.3564,94.7957,2935447.0
2022-02-07,GOOGL,Technology,94.7605,95.9292,94.5409,,5261057.0
2022-02-08,GOOGL,Technology,96.6956,96.9898,94.6459,96.046,5325031.0
2022-02-09,GOOGL,Technology,95.9818,97.5456,95.5791,95.9344,3724047.0
2022-02-10,GOOGL,Technology,94.1891,95.6297,94.1255,94.4459,6588093.0
2022-02-11,GOOGL,Technology,96.8851,97.6923,95.5298,96.3933,7941314.0
2022-02-14,GOOGL,Technology,95.5971,95.8058,95.1731,95.6445,5476635.0
2022-02-15,GOOGL,Technology,93.4393,93.6564,91.7508,92.8322,6835277.0
2022-02-16,GOOGL,Technology,88.934,89.2057,86.8807,89.0549,11472281.0
2022-02-17,GOOGL,Technology,91.4457,92.0185,91.29,91.3274,4646887.0
2022-02-18,GOOGL,Technology,92.6456,93.5764,91.7255,92.4811,3006666.0
2022-02-21,GOOGL,Technology,91.9287,92.7316,91.8426,92.6716,3798003.0
2022-02-22,GOOGL,Technology,90.9902,92.352,90.5787,91.8834,5881173.0
2022-02-23,GOOGL,Technology,91.1464,91.6905,90.1488,90.9388,6794870.0
2022-02-24,GOOGL,Technology,84.9406,85.3998,84.5701,85.372,11469041.0
2022-02-25,GOOGL,Technology,84.3186,85.3097,84.2519,84.6609,3636476.0
2022-02-28,GOOGL,Technology,81.4622,82.0631,80.9227,81.0966,4588002.0
2022-03-01,GOOGL,Technology,80.4218,80.441,79.5189,79.927,3358889.0
2022-03-02,GOOGL,Technology,78.9524,80.5659,77.9761,79.454,4503277.0
2022-03-03,GOOGL,Technology,81.2225,81.3738,79.7622,80.447,6973415.0
2022-03-04,GOOGL,Technology,80.6677,82.4444,80.2918,80.4069,3035242.0
2022-03-07,GOOGL,Technology,81.3616,82.433,80.851,81.7093,2882894.0
2022-03-08,GOOGL,Technology,83.9537,84.5683,83.6552,83.9386,7009832.0
2022-03-09,GOOGL,Technology,85.5595,86.3836,83.7058,85.7402,6287933.0
2022-03-10,GOOGL,Technology,86.3375,87.5292,85.9599,86.5727,6746053.0
2022-03-11,GOOGL,Technology,86.8107,87.8578,86.129,86.6193,4814356.0
2022-03-14,GOOGL,Technology,84.4785,86.2522,84.0823,84.9461,4042949.0
2022-03-15,GOOGL,Technology,86.7067,86.8382,84.8909,86.2287,15128840.0
2022-03-16,GOOGL,Technology,89.8239,91.0254,89.023,89.1514,8593131.0
2022-03-17,GOOGL,Technology,88.9179,91.5055,87.7283,89.7882,13481117.0
2022-03-18,GOOGL,Technology,92.6129,93.9642,91.5997,93.2581,6425392.0
2022-03-21,GOOGL,Technology,90.8937,92.0393,89.5624,90.4406,4724957.0
2022-03-22,GOOGL,Technology,88.7425,89.2332,87.7748,88.3801,3642649.0
2022-03-23,GOOGL,Technology,90.1534,91.7539,88.9613,89.9182,17499325.0
2022-03-24,GOOGL,Technology,90.3707,90.8289,89.8353,90.4205,12121109.0
2022-03-25,GOOGL,Technology,92.2708,93.7965,91.4927,92.8235,3703463.0
2022-03-28,GOOGL,Technology,93.6748,94.2257,92.0316,92.8226,5012291.0
2022-03-29,GOOGL,Technology,91.6164,92.0108,91.0277,91.2391,3144803.0
2022-03-30,GOOGL,Technology,91.3977,92.5686,89.9374,90.8767,3852683.0
2022-03-31,GOOGL,Technology,87.4674,88.5544,86.5721,88.1183,2089777.0
2022-04-01,GOOGL,Technology,86.61,87.5192,85.9233,86.1557,3469739.0
2022-04-04,GOOGL,Technology,88.4498,89.2246,86.5897,87.8572,6356447.0
2022-04-05,GOOGL,Technology,89.6753,90.9121,88.9929,89.4172,5867001.0
2022-04-06,GOOGL,Technology,90.6936,91.2688,88.5637,90.0932,5903105.0
2022-04-07,GOOGL,Technology,86.4999,87.5813,86.2941,87.019,1239657.0
2022-04-08,GOOGL,Technology,85.6526,86.4739,83.9879,86.4214,5207378.0
2022-04-11,GOOGL,Technology,83.8728,85.3241,83.6057,84.33,3224661.0
2022-04-12,GOOGL,Technology,85.9173,86.7946,85.9108,86.3396,8011734.0
2022-04-13,GOOGL,Technology,85.6151,85.7699,84.3629,85.3576,4800711.0
2022-04-14,GOOGL,Technology,83.4818,83.8648,82.8891,83.5296,7952177.0
2022-04-15,GOOGL,Technology,84.3366,84.5109,83.6033,83.6045,3570156.0
2022-04-18,GOOGL,Technology,82.3527,83.575,81.9172,82.5592,6248599.0
2022-04-19,GOOGL,Technology,85.3888,86.8533,84.8214,,4323240.0
2022-04-20,GOOGL,Technology,83.9876,84.109,83.4696,83.8097,5041103.0
2022-04-21,GOOGL,Technology,80.8144,82.2937,80.6825,81.4895,11320661.0
2022-04-22,GOOGL,Technology,77.8001,78.1408,77.3179,78.0051,2225210.0
2022-04-25,GOOGL,Technology,78.6203,79.1113,77.6116,77.9805,1989542.0
2022-04-26,GOOGL,Technology,77.195,77.7346,76.966,77.1275,10348597.0
2022-04-27,GOOGL,Technology,74.9669,76.1934,74.7086,74.9465,5359558.0
2022-04-28,GOOGL,Technology,76.4208,77.0864,75.6163,76.7515,2930513.0
2022-04-29,GOOGL,Technology,77.1238,78.0675,76.8065,77.7988,4279462.0
2022-05-02,GOOGL,Technology,77.4864,79.7895,77.1605,77.7782,6794209.0
2022-05-03,GOOGL,Technology,80.0977,81.0071,79.332,79.9239,1436573.0
2022-05-04,GOOGL,Technology,80.8684,81.3787,80.3972,81.0069,5577814.0
2022-05-05,GOOGL,Technology,80.2703,80.4033,77.7346,79.698,4735013.0
2022-05-06,GOOGL,Technology,77.714,78.607,76.4771,78.0655,3368371.0
2022-05-09,GOOGL,Technology,79.8969,80.4468,78.0119,79.366,2069264.0
2022-05-10,GOOGL,Technology,76.6179,76.8762,75.3199,76.0507,6909450.0
2022-05-11,GOOGL,Technology,76.2295,76.8541,76.192,76.3317,4540153.0
2022-05-12,GOOGL,Technology,75.305,76.1399,74.1858,75.0623,9457232.0
2022-05-13,GOOGL,Technology,75.3259,76.8605,74.7786,75.9975,7120277.0
2022-05-16,GOOGL,Technology,74.2443,76.0827,73.6675,74.872,8856207.0
2022-05-17,GOOGL,Technology,74.4653,74.8799,73.1298,74.7417,21226857.0
2022-05-18,GOOGL,Technology,76.7023,77.117,75.8367,76.9271,2901103.0
2022-05-19,GOOGL,Technology,75.7675,76.3598,74.8592,,7604288.0
2022-05-20,GOOGL,Technology,73.491,73.6176,73.3981,73.5674,15837985.0
2022-05-23,GOOGL,Technology,72.3183,73.3264,71.3421,72.0408,5626496.0
2022-05-24,GOOGL,Technology,73.2846,74.2167,72.7799,73.495,6061280.0
2022-05-25,GOOGL,Technology,74.1287,74.7188,73.1126,73.8915,5944486.0
2022-05-26,GOOGL,Technology,73.6941,73.9755,73.029,73.7232,5546584.0
2022-05-27,GOOGL,Technology,72.6402,73.32,71.7094,72.9947,17225955.0
2022-05-30,GOOGL,Technology,73.1912,74.9691,72.5784,73.7251,7730827.0
2022-05-31,GOOGL,Technology,72.7505,72.9877,72.3521,72.4952,1643437.0
2022-06-01,GOOGL,Technology,73.2166,73.5891,72.813,72.9602,6518358.0
2022-06-02,GOOGL,Technology,72.2067,72.2926,69.8131,71.915,2822136.0
2022-06-03,GOOGL,Technology,70.7394,70.8127,69.8115,70.6455,11083420.0
2022-06-06,GOOGL,Technology,70.1828,70.5929,69.6684,69.766,6662043.0
2022-06-07,GOOGL,Technology,68.9232,70.4712,68.4635,69.2631,5539126.0
2022-06-08,GOOGL,Technology,69.034,69.4994,68.0601,69.2162,2130605.0
2022-06-09,GOOGL,Technology,69.0994,70.3335,68.7053,69.5629,6900495.0
2022-06-10,GOOGL,Technology,64.0231,64.5467,63.4032,64.4523,7537788.0
2022-06-13,GOOGL,Technology,59.0738,59.7287,58.8831,59.5634,4665851.0
2022-06-14,GOOGL,Technology,59.1258,59.3489,58.0961,59.1148,5637301.0
2022-06-15,GOOGL,Technology,61.4134,61.6883,60.8323,60.912,5788379.0
2022-06-16,GOOGL,Technology,59.5051,60.7356,59.1181,59.6146,4097327.0
2022-06-17,GOOGL,Technology,60.2084,61.0927,58.9397,59.8265,3434135.0
2022-06-20,GOOGL,Technology,62.1325,63.0694,60.5622,61.6333,
2022-06-21,GOOGL,Technology,60.2095,60.2691,59.8698,60.0334,1881635.0
2022-06-22,GOOGL,Technology,60.7667,60.9546,60.1936,60.5244,7351136.0
2022-06-23,GOOGL,Technology,60.1544,60.5232,59.3477,59.5714,3601639.0
2022-06-24,GOOGL,Technology,59.2643,60.013,58.891,58.9881,4467751.0
2022-06-27,GOOGL,Technology,58.0958,58.6598,57.3063,58.0583,2761188.0
2022-06-28,GOOGL,Technology,56.6884,57.5572,55.6255,57.2259,
2022-06-29,GOOGL,Technology,60.813,60.8446,59.8877,60.3583,4144919.0
2022-06-30,GOOGL,Technology,61.698,62.661,61.07,61.3959,2723183.0
2022-07-01,GOOGL,Technology,62.9356,63.1511,62.0502,62.7671,8917897.0
2022-07-04,GOOGL,Technology,63.7531,63.8619,62.7778,63.4036,2760808.0
2022-07-05,GOOGL,Technology,61.6054,62.3444,61.2475,61.3857,6849106.0
2022-07-06,GOOGL,Technology,62.122,62.3071,61.6636,61.8891,13762994.0
2022-07-07,GOOGL,Technology,63.0419,63.2757,62.8674,63.2357,2801447.0
2022-07-08,GOOGL,Technology,62.5882,63.7171,61.9574,62.1753,4637627.0
2022-07-11,GOOGL,Technology,62.9882,64.1907,62.2352,63.3944,3325044.0
2022-07-12,GOOGL,Technology,64.737,65.4789,63.8247,64.3064,8874847.0
2022-07-13,GOOGL,Technology,66.753,67.3313,66.6879,66.7077,6379227.0
2022-07-14,GOOGL,Technology,66.7574,67.2651,65.932,66.1703,5411646.0
2022-07-15,GOOGL,Technology,64.8081,65.0107,64.695,64.7376,4372144.0
2022-07-18,GOOGL,Technology,64.5765,64.6288,63.155,64.2888,7698163.0
2022-07-19,GOOGL,Technology,66.8024,66.9779,65.7245,66.1539,7777549.0
2022-07-20,GOOGL,Technology,63.8918,64.7628,63.4986,63.7546,3944067.0
2022-07-21,GOOGL,Technology,61.2851,61.5191,60.7658,61.1364,3920031.0
2022-07-22,GOOGL,Technology,61.2494,61.8421,60.3246,61.264,2286334.0
2022-07-25,GOOGL,Technology,61.0503,61.4795,60.303,60.7401,4827487.0
2022-07-26,GOOGL,Technology,60.332,60.9422,59.7432,60.7677,9412284.0
2022-07-27,GOOGL,Technology,61.3699,62.2441,60.9555,61.9348,12730124.0
2022-07-28,GOOGL,Technology,61.1824,61.7311,60.7418,61.2689,4762801.0
2022-07-29,GOOGL,Technology,58.8759,59.1148,58.7977,58.9922,2243034.0
2022-08-01,GOOGL,Technology,61.6709,62.7857,60.567,61.422,4343469.0
2022-08-02,GOOGL,Technology,60.3475,60.5149,59.7051,60.2154,5112630.0
2022-08-03,GOOGL,Technology,58.9924,59.7978,58.8962,58.9581,8461604.0
2022-08-04,GOOGL,Technology,60.0113,60.5565,59.8106,60.2772,4355720.0
2022-08-05,GOOGL,Technology,59.4575,60.5644,59.3709,59.8318,10809486.0
2022-08-08,GOOGL,Technology,59.5959,60.3604,59.3647,59.7739,11922536.0
2022-08-09,GOOGL,Technology,60.8484,61.1073,60.1948,60.369,7011070.0
2022-08-10,GOOGL,Technology,62.2537,62.2958,61.5329,61.6954,4298659.0
2022-08-11,GOOGL,Technology,61.0242,61.6279,60.4855,61.3024,2310124.0
2022-08-12,GOOGL,Technology,63.1064,63.5195,62.9141,63.1844,2946684.0
2022-08-15,GOOGL,Technology,61.0279,61.4051,60.0907,60.5043,3972870.0
2022-08-16,GOOGL,Technology,60.938,62.042,60.8396,61.4419,4045160.0
2022-08-17,GOOGL,Technology,60.1648,60.8913,59.4341,60.4287,6100680.0
2022-08-18,GOOGL,Technology,62.4299,62.9762,61.5958,62.1053,4472399.0
2022-08-19,GOOGL,Technology,62.8577,63.0334,61.8408,62.3004,1885573.0
2022-08-22,GOOGL,Technology,61.7353,62.7898,60.9728,61.4806,11601045.0
2022-08-23,GOOGL,Technology,61.7437,62.5589,61.729,62.3141,4358591.0
2022-08-24,GOOGL,Technology,62.9788,64.1556,62.5709,63.446,2544140.0
2022-08-25,GOOGL,Technology,64.3418,64.5348,63.9983,64.2795,3435506.0
2022-08-26,GOOGL,Technology,62.4308,62.9891,61.8095,62.975,6840606.0
2022-08-29,GOOGL,Technology,62.9393,62.9697,62.0761,62.3843,9834621.0
2022-08-30,GOOGL,Technology,62.3417,62.6952,62.2461,62.3979,10145600.0
2022-08-31,GOOGL,Technology,62.0308,63.5138,61.6742,62.3652,1977628.0
2022-09-01,GOOGL,Technology,62.831,63.4451,62.714,63.319,5905110.0
2022-09-02,GOOGL,Technology,60.3787,61.1267,59.2765,60.7864,6875496.0
2022-09-05,GOOGL,Technology,60.8172,61.3838,60.174,61.2111,2795381.0
2022-09-06,GOOGL,Technology,60.7321,61.092,60.5289,60.8744,7865837.0
2022-09-07,GOOGL,Technology,60.4126,60.5663,59.735,59.8718,6979453.0
2022-09-08,GOOGL,Technology,59.3539,60.2655,58.9201,59.0007,5608140.0
2022-09-09,GOOGL,Technology,58.8708,59.1006,57.8958,58.7653,3596373.0
2022-09-12,GOOGL,Technology,54.2713,55.2753,53.9643,54.5505,11152925.0
2022-09-13,GOOGL,Technology,54.3197,54.6563,53.6816,53.8018,4287975.0
2022-09-14,GOOGL,Technology,53.317,54.041,52.0112,52.8755,4231630.0
2022-09-15,GOOGL,Technology,53.4195,53.8174,53.0912,53.4548,10715555.0
2022-09-16,GOOGL,Technology,52.7202,52.9543,52.0191,52.6096,8131887.0
2022-09-19,GOOGL,Technology,52.3796,52.4092,52.3264,52.3991,8962478.0
2022-09-20,GOOGL,Technology,54.3422,55.2004,53.5796,54.0311,3385172.0
2022-09-21,GOOGL,Technology,55.329,55.6039,54.0511,55.1218,4626157.0
2022-09-22,GOOGL,Technology,56.561,57.2097,55.4762,56.133,4365177.0
2022-09-23,GOOGL,Technology,55.689,55.879,54.867,55.5887,1417669.0
2022-09-26,GOOGL,Technology,55.7815,56.2927,55.3707,56.2091,4656181.0
2022-09-27,GOOGL,Technology,55.5139,56.9147,55.1027,55.963,4536665.0
2022-09-28,GOOGL,Technology,56.0479,56.4192,54.7224,55.7603,5739516.0
2022-09-29,GOOGL,Technology,55.9641,56.2605,55.5735,56.2339,4019592.0
2022-09-30,GOOGL,Technology,55.135,56.175,54.3642,55.5794,4728798.0
2022-10-03,GOOGL,Technology,57.4015,57.4183,57.0293,57.2557,5083243.0
2022-10-04,GOOGL,Technology,57.0847,57.8584,56.6905,57.0895,8115781.0
2022-10-05,GOOGL,Technology,57.8647,58.039,56.9544,57.8126,9474257.0
2022-10-06,GOOGL,Technology,59.9844,60.0206,59.3447,59.513,4876390.0
2022-10-07,GOOGL,Technology,61.1984,61.455,60.0731,60.7588,4825842.0
2022-10-10,GOOGL,Technology,59.639,59.837,58.9641,59.065,3198273.0
2022-10-11,GOOGL,Technology,59.3783,59.7176,59.3098,59.6082,
2022-10-12,GOOGL,Technology,60.849,61.5474,60.0148,60.6403,6983951.0
2022-10-13,GOOGL,Technology,65.2354,65.8161,64.4007,64.7722,10541025.0
2022-10-14,GOOGL,Technology,63.1143,63.8086,62.8826,63.3494,8944624.0
2022-10-17,GOOGL,Technology,62.3973,63.8208,61.4325,62.5359,4227221.0
2022-10-18,GOOGL,Technology,63.5988,64.5353,62.6885,63.7986,3813910.0
2022-10-19,GOOGL,Technology,62.8238,62.9348,62.6338,62.8458,9946655.0
2022-10-20,GOOGL,Technology,62.5454,62.798,62.0808,62.4879,5174470.0
2022-10-21,GOOGL,Technology,64.3454,64.9257,64.1213,64.4761,2804317.0
2022-10-24,GOOGL,Technology,64.4899,65.3155,64.1394,64.4338,3082673.0
2022-10-25,GOOGL,Technology,63.3073,63.5847,62.9898,63.5166,4216019.0
2022-10-26,GOOGL,Technology,62.7205,63.3584,61.5362,62.4208,10350752.0
2022-10-27,GOOGL,Technology,62.4037,63.3319,62.122,62.8549,10757768.0
2022-10-28,GOOGL,Technology,60.7212,61.4552,60.5995,61.1978,9166613.0
2022-10-31,GOOGL,Technology,61.1449,61.7919,60.7164,60.9135,5035845.0
2022-11-01,GOOGL,Technology,61.4532,62.0119,60.826,61.3377,6490646.0
2022-11-02,GOOGL,Technology,62.4733,63.0022,61.6063,62.9499,1671044.0
2022-11-03,GOOGL,Technology,63.8209,64.7285,63.7635,63.8092,6959120.0
2022-11-04,GOOGL,Technology,63.4873,63.8465,62.4046,62.917,6650426.0
2022-11-07,GOOGL,Technology,64.5565,65.1971,63.7127,64.4188,5517106.0
2022-11-08,GOOGL,Technology,64.4643,65.4399,63.7118,64.0522,4539863.0
2022-11-09,GOOGL,Technology,62.8738,63.5301,61.8974,62.4884,4973215.0
2022-11-10,GOOGL,Technology,62.6091,62.8763,61.2302,62.2922,4417000.0
2022-11-11,GOOGL,Technology,64.4635,64.7711,63.839,64.1026,3073233.0
2022-11-14,GOOGL,Technology,64.8708,65.5111,63.9634,64.3337,4314190.0
2022-11-15,GOOGL,Technology,64.877,65.1749,63.7965,64.3691,9924519.0
2022-11-16,GOOGL,Technology,66.7139,67.074,66.4283,66.4961,6993259.0
2022-11-17,GOOGL,Technology,64.5773,65.3025,64.39,64.6125,7121562.0
2022-11-18,GOOGL,Technology,62.7115,63.1422,62.496,62.9705,2886654.0
2022-11-21,GOOGL,Technology,60.6071,60.9816,59.904,60.9544,10948626.0
2022-11-22,GOOGL,Technology,61.8404,62.6129,61.0993,61.427,2992547.0
2022-11-23,GOOGL,Technology,61.0746,61.9324,60.5773,61.65,4460326.0
2022-11-24,GOOGL,Technology,63.2388,63.6795,63.1968,63.5706,2127238.0
2022-11-25,GOOGL,Technology,63.3436,64.1496,61.9768,63.8993,4532082.0
2022-11-28,GOOGL,Technology,63.2984,63.7938,63.0787,63.4019,3019893.0
2022-11-29,GOOGL,Technology,63.5675,64.5377,63.2045,63.4232,16026548.0
2022-11-30,GOOGL,Technology,63.4652,64.6499,63.1625,63.5916,3912324.0
2022-12-01,GOOGL,Technology,61.303,61.6583,61.1609,61.4844,4885382.0
2022-12-02,GOOGL,Technology,65.244,65.9264,63.6409,64.8358,5658017.0
2022-12-05,GOOGL,Technology,66.1195,66.7004,65.0233,65.5293,4025527.0
2022-12-06,GOOGL,Technology,66.4806,67.2792,65.4735,65.8242,3672215.0
2022-12-07,GOOGL,Technology,66.7528,67.5542,66.3145,66.6538,7846540.0
2022-12-08,GOOGL,Technology,66.972,68.2282,66.6924,67.6195,5769764.0
2022-12-09,GOOGL,Technology,66.825,67.5769,66.3519,67.4497,2984508.0
2022-12-12,GOOGL,Technology,66.7742,67.7696,66.4979,66.6184,3910501.0
2022-12-13,GOOGL,Technology,67.4405,67.8634,66.968,67.4371,4859594.0
2022-12-14,GOOGL,Technology,68.2893,69.0893,67.0854,67.9776,6538007.0
2022-12-15,GOOGL,Technology,67.261,68.3789,66.8049,66.8969,5655218.0
2022-12-16,GOOGL,Technology,68.5882,69.3536,68.5432,68.8155,4966355.0
2022-12-19,GOOGL,Technology,68.6951,70.0062,68.0438,69.2399,4066881.0
2022-12-20,GOOGL,Technology,70.4625,71.397,69.0939,70.2713,3340692.0
2022-12-21,GOOGL,Technology,71.824,73.4604,71.2987,72.2486,4599989.0
2022-12-22,GOOGL,Technology,72.5845,731.889,71.5096,72.3019,19957893.0
2022-12-23,GOOGL,Technology,72.883,73.0661,71.849,72.782,4149001.0
2022-12-26,GOOGL,Technology,74.3456,75.036,73.4847,73.9829,4419288.0
2022-12-27,GOOGL,Technology,72.8587,74.3372,72.2265,72.9326,10399837.0
2022-12-28,GOOGL,Technology,73.2442,73.9753,72.2787,73.0333,3610032.0
2022-12-29,GOOGL,Technology,72.9565,74.6057,72.8928,73.2386,3020872.0
2022-12-30,GOOGL,Technology,72.3746,72.9806,71.3557,71.8601,5519436.0
2023-01-02,GOOGL,Technology,75.6792,77.5758,73.7526,75.2126,5236364.0
2023-01-03,GOOGL,Technology,72.5506,74.264,72.2529,73.1182,13276130.0
2023-01-04,GOOGL,Technology,70.8956,71.9506,70.6943,71.2419,4047538.0
2023-01-05,GOOGL,Technology,72.728,73.2309,71.9506,73.1358,6172238.0
2023-01-06,GOOGL,Technology,73.8984,74.8294,72.6184,74.2011,6403151.0
2023-01-09,GOOGL,Technology,73.0324,73.636,72.4297,72.7008,5581918.0
2023-01-10,GOOGL,Technology,73.5023,74.3655,72.6935,73.6056,6384449.0
2023-01-11,GOOGL,Technology,75.0392,76.6056,74.9738,75.7885,4686103.0
2023-01-12,GOOGL,Technology,75.2086,76.9295,74.3119,75.7654,4125246.0
2023-01-13,GOOGL,Technology,79.5087,80.084,79.1849,79.7261,5247833.0
2023-01-16,GOOGL,Technology,77.1083,78.3517,76.4506,77.001,3393053.0
2023-01-17,GOOGL,Technology,77.7951,78.2685,77.3213,78.0926,10122736.0
2023-01-18,GOOGL,Technology,80.4462,80.6938,79.1612,79.938,2649400.0
2023-01-19,GOOGL,Technology,82.0966,83.2291,81.2142,81.387,5082609.0
2023-01-20,GOOGL,Technology,81.1326,81.1498,80.922,81.0788,3233590.0
2023-01-23,GOOGL,Technology,81.0811,81.1061,80.5017,80.6321,5899522.0
2023-01-24,GOOGL,Technology,82.157,82.7671,80.9075,81.3725,8105343.0
2023-01-25,GOOGL,Technology,83.508,84.012,82.45,82.7246,5881599.0
2023-01-26,GOOGL,Technology,83.8525,84.2544,83.6731,83.7462,2976575.0
2023-01-27,GOOGL,Technology,85.2684,86.078,84.6291,85.5133,4103804.0
2023-01-30,GOOGL,Technology,83.0947,84.0554,83.0564,83.7964,4592974.0
2023-01-31,GOOGL,Technology,83.6562,83.6806,83.3236,83.4398,8713673.0
2023-02-01,GOOGL,Technology,82.4295,83.6586,80.3325,81.8962,2976016.0
2023-02-02,GOOGL,Technology,81.8676,83.0916,81.2477,81.2883,3722815.0
2023-02-03,GOOGL,Technology,82.5382,83.2378,82.097,82.9632,2053063.0
2023-02-06,GOOGL,Technology,82.9975,83.4997,82.8668,83.1673,4994407.0
2023-02-07,GOOGL,Technology,87.2429,88.4626,86.9126,87.5283,4574274.0
2023-02-08,GOOGL,Technology,88.5888,89.2244,87.5709,87.8932,3358784.0
2023-02-09,GOOGL,Technology,88.3796,89.9169,87.3429,88.0245,7127112.0
2023-02-10,GOOGL,Technology,88.1988,88.4302,88.1712,88.2378,5443516.0
2023-02-13,GOOGL,Technology,86.6214,87.7502,86.327,87.1387,5979887.0
2023-02-14,GOOGL,Technology,86.5955,87.6867,86.2531,87.064,2261082.0
2023-02-15,GOOGL,Technology,89.3921,89.5767,88.3577,89.054,5312685.0
2023-02-16,GOOGL,Technology,88.6812,90.3532,88.3004,89.2837,4115400.0
2023-02-17,GOOGL,Technology,87.1789,89.0852,86.3938,87.8936,4915272.0
2023-02-20,GOOGL,Technology,85.6534,86.7759,85.3042,86.2938,2710801.0
2023-02-21,GOOGL,Technology,85.6268,86.3905,84.7873,85.5427,6473496.0
2023-02-22,GOOGL,Technology,86.2883,86.5387,85.5963,85.6947,7720175.0
2023-02-23,GOOGL,Technology,88.5872,88.6075,87.3584,87.7661,7638704.0
2023-02-24,GOOGL,Technology,84.9203,87.1303,83.1886,85.4394,7696881.0
2023-02-27,GOOGL,Technology,84.2307,85.6234,83.392,84.9185,2282181.0
2023-02-28,GOOGL,Technology,85.398,85.4955,85.0967,85.1891,7559894.0
2023-03-01,GOOGL,Technology,82.0377,82.1758,81.4689,82.0904,4022352.0
2023-03-02,GOOGL,Technology,79.945,81.5314,79.8808,80.7465,10242302.0
2023-03-03,GOOGL,Technology,79.3153,81.0586,78.9016,79.6727,3678493.0
2023-03-06,GOOGL,Technology,79.1291,79.4284,77.8478,78.4283,4584429.0
2023-03-07,GOOGL,Technology,78.9958,79.3233,78.653,78.7528,4509401.0
2023-03-08,GOOGL,Technology,78.9533,79.5669,78.4824,78.5235,8433130.0
2023-03-09,GOOGL,Technology,77.5957,77.8315,77.0109,77.675,4232447.0
2023-03-10,GOOGL,Technology,75.7794,76.1833,74.3158,75.2562,10239519.0
2023-03-13,GOOGL,Technology,78.4249,79.8731,77.8304,77.8722,6168355.0
2023-03-14,GOOGL,Technology,79.7414,80.7803,78.4733,80.4486,1974454.0
2023-03-15,GOOGL,Technology,77.3827,77.7756,76.4527,77.379,3434061.0
2023-03-16,GOOGL,Technology,78.364,78.4585,77.4779,78.2953,6694969.0
2023-03-17,GOOGL,Technology,78.1293,78.469,77.6325,78.04,2690513.0
2023-03-20,GOOGL,Technology,78.0828,78.4325,77.1469,78.3056,3932717.0
2023-03-21,GOOGL,Technology,77.5438,77.9143,77.1563,77.7053,3414283.0
2023-03-22,GOOGL,Technology,77.6462,78.8797,77.0797,77.9114,5167472.0
2023-03-23,GOOGL,Technology,78.6566,79.9583,77.3681,78.1707,4588526.0
2023-03-24,GOOGL,Technology,77.3886,78.817,76.5233,77.289,4706419.0
2023-03-27,GOOGL,Technology,75.6706,76.4787,75.3633,75.9266,1860567.0
2023-03-28,GOOGL,Technology,75.1402,76.0051,74.9523,75.268,5546732.0
2023-03-29,GOOGL,Technology,74.9231,76.662,74.5819,75.6433,10441132.0
2023-03-30,GOOGL,Technology,76.7645,76.9182,76.2623,76.5722,8366537.0
2023-03-31,GOOGL,Technology,78.0767,79.6211,76.5687,77.902,6020250.0
2023-04-03,GOOGL,Technology,76.7611,78.0727,76.4203,77.1554,5458858.0
2023-04-04,GOOGL,Technology,77.9933,78.1113,76.8348,77.6165,11837522.0
2023-04-05,GOOGL,Technology,78.7572,79.783,78.3871,79.1339,3354607.0
2023-04-06,GOOGL,Technology,80.8835,81.8275,80.8661,81.0024,4956985.0
2023-04-07,GOOGL,Technology,81.292,81.9258,80.471,80.9314,10112251.0
2023-04-10,GOOGL,Technology,81.0639,81.1652,80.0207,80.5981,9263981.0
2023-04-11,GOOGL,Technology,80.8557,81.2223,80.7972,80.9304,6601856.0
2023-04-12,GOOGL,Technology,78.7289,79.2729,76.9253,79.0937,3464433.0
2023-04-13,GOOGL,Technology,78.4526,79.264,78.188,78.8112,4266895.0
2023-04-14,GOOGL,Technology,80.4291,81.0719,79.3283,80.0085,5612080.0
2023-04-17,GOOGL,Technology,81.6307,82.0117,80.9759,81.0597,3053283.0
2023-04-18,GOOGL,Technology,80.6036,81.0627,80.4426,80.6459,5159577.0
2023-04-19,GOOGL,Technology,80.2352,81.3258,79.7806,81.0212,3914669.0
2023-04-20,GOOGL,Technology,79.1322,81.8975,78.3887,79.7092,11595069.0
2023-04-21,GOOGL,Technology,80.5223,81.7295,80.2484,80.8546,10408878.0
2023-04-24,GOOGL,Technology,80.8293,81.9673,80.1938,80.7531,2754999.0
2023-04-25,GOOGL,Technology,80.5148,80.8423,79.8649,80.3316,1785784.0
2023-04-26,GOOGL,Technology,79.5592,80.4115,79.4302,79.7745,5161048.0
2023-04-27,GOOGL,Technology,79.8663,80.6417,79.6682,79.6981,6648008.0
2023-04-28,GOOGL,Technology,79.0871,79.3433,78.435,79.0081,4645711.0
2023-05-01,GOOGL,Technology,80.4147,81.1011,78.851,80.0718,1231806.0
2023-05-02,GOOGL,Technology,79.611,79.9561,78.1183,79.4628,7443157.0
2023-05-03,GOOGL,Technology,81.9357,82.3877,81.602,82.0183,8307295.0
2023-05-04,GOOGL,Technology,84.1347,85.4359,83.8128,84.4464,5814404.0
2023-05-05,GOOGL,Technology,83.4018,83.553,82.226,82.9659,2707243.0
2023-05-08,GOOGL,Technology,83.3008,83.8658,82.8912,83.1065,5011872.0
2023-05-09,GOOGL,Technology,82.8429,83.5512,80.376,82.05,13621501.0
2023-05-10,GOOGL,Technology,80.8888,81.6179,80.4415,81.5385,4475376.0
2023-05-11,GOOGL,Technology,84.1047,84.8864,82.9114,84.8285,4812989.0
2023-05-12,GOOGL,Technology,84.0546,85.5945,83.9708,84.3321,3309379.0
2023-05-15,GOOGL,Technology,84.5763,85.1897,84.5222,84.965,4486282.0
2023-05-16,GOOGL,Technology,85.8641,86.1619,85.6101,85.9104,7124238.0
2023-05-17,GOOGL,Technology,85.0456,85.9917,83.6467,84.2168,5506167.0
2023-05-18,GOOGL,Technology,83.2945,84.5518,81.4267,82.8018,7678407.0
2023-05-19,GOOGL,Technology,80.9283,81.9829,80.7202,80.8295,4871785.0
2023-05-22,GOOGL,Technology,79.8398,80.0633,79.2728,79.4215,4367210.0
2023-05-23,GOOGL,Technology,74.7256,75.0033,74.4389,74.9182,3148653.0
2023-05-24,GOOGL,Technology,76.3991,76.6028,74.9972,75.7567,9199824.0
2023-05-25,GOOGL,Technology,83.2549,83.9592,82.0161,83.4372,2992954.0
2023-05-26,GOOGL,Technology,83.6885,85.0394,82.2922,83.7089,3597897.0
2023-05-29,GOOGL,Technology,81.7943,82.4288,80.5559,81.3629,1950227.0
2023-05-30,GOOGL,Technology,81.1261,82.3502,78.9963,80.3414,4507114.0
2023-05-31,GOOGL,Technology,80.2512,82.2661,79.4467,79.6281,4455079.0
2023-06-01,GOOGL,Technology,78.7247,79.3466,76.6622,78.0315,8285213.0
2023-06-02,GOOGL,Technology,79.5968,79.7922,79.0426,79.3973,6705758.0
2023-06-05,GOOGL,Technology,80.179,80.713,79.5537,80.7078,10513245.0
2023-06-06,GOOGL,Technology,79.1503,80.211,78.019,78.8669,2962332.0
2023-06-07,GOOGL,Technology,79.9056,80.5769,79.8535,80.0342,6256348.0
2023-06-08,GOOGL,Technology,83.2767,83.4902,81.6229,82.5022,6731951.0
2023-06-09,GOOGL,Technology,86.1523,86.6776,85.2769,85.6663,2705245.0
2023-06-12,GOOGL,Technology,91.481,92.1611,90.3296,90.601,5005461.0
2023-06-13,GOOGL,Technology,89.5157,90.7394,88.615,88.9937,3137494.0
2023-06-14,GOOGL,Technology,93.7154,95.2412,92.5443,94.0472,9857649.0
2023-06-15,GOOGL,Technology,92.7664,93.5433,92.246,93.4092,2896993.0
2023-06-16,GOOGL,Technology,92.9858,93.7375,91.2545,92.3304,2409180.0
2023-06-19,GOOGL,Technology,93.5406,93.7153,92.4742,92.962,6121889.0
2023-06-20,GOOGL,Technology,91.8413,92.5346,90.7822,91.9077,3924047.0
2023-06-21,GOOGL,Technology,92.8703,93.0032,92.4075,92.6688,4311492.0
2023-06-22,GOOGL,Technology,89.9891,90.9482,89.5417,90.25,4693158.0
2023-06-23,GOOGL,Technology,89.6125,90.3413,89.181,89.8461,4410196.0
2023-06-26,GOOGL,Technology,92.6458,92.7828,91.905,92.1832,7972285.0
2023-06-27,GOOGL,Technology,91.7611,92.1642,91.7352,92.1056,19901202.0
2023-06-28,GOOGL,Technology,92.3748,93.7105,92.1785,92.3941,4299029.0
2023-06-29,GOOGL,Technology,94.1556,95.6367,92.4931,93.3,2838786.0
2023-06-30,GOOGL,Technology,96.3544,97.1538,95.1605,95.5125,3977284.0
2023-07-03,GOOGL,Technology,92.5642,93.5541,92.2638,92.3793,2731535.0
2023-07-04,GOOGL,Technology,92.9829,93.6673,91.4156,93.4869,2286336.0
2023-07-05,GOOGL,Technology,93.9413,94.5002,92.764,93.0136,5976007.0
2023-07-06,GOOGL,Technology,94.2328,94.4012,92.459,93.3515,3721135.0
2023-07-07,GOOGL,Technology,96.2699,97.4572,94.2644,95.3585,
2023-07-10,GOOGL,Technology,93.0462,93.979,92.5776,93.1096,15835532.0
2023-07-11,GOOGL,Technology,90.8272,92.1785,89.3773,91.2518,6104537.0
2023-07-12,GOOGL,Technology,88.5452,90.3635,87.5671,87.7469,3772858.0
2023-07-13,GOOGL,Technology,87.3874,87.9968,86.1536,,5551248.0
2023-07-14,GOOGL,Technology,88.6676,89.2473,88.6659,89.1454,2900161.0
2023-07-17,GOOGL,Technology,89.6277,90.6137,88.4474,88.9572,7881858.0
2023-07-18,GOOGL,Technology,85.9928,86.7521,84.6643,86.5996,2149898.0
2023-07-19,GOOGL,Technology,85.222,86.2997,84.6025,85.7844,8174037.0
2023-07-20,GOOGL,Technology,82.8325,83.6365,82.5379,83.2574,14764101.0
2023-07-21,GOOGL,Technology,81.7434,82.6019,80.4579,81.4088,8300132.0
2023-07-24,GOOGL,Technology,81.7878,82.9746,80.6926,82.0663,3803196.0
2023-07-25,GOOGL,Technology,79.7988,81.1673,79.478,80.1642,6433470.0
2023-07-26,GOOGL,Technology,81.2586,82.651,80.6965,81.9721,3632209.0
2023-07-27,GOOGL,Technology,81.4318,82.0081,80.9473,81.8801,6646729.0
2023-07-28,GOOGL,Technology,81.5642,82.7486,81.2485,82.0448,6601579.0
2023-07-31,GOOGL,Technology,82.046,83.7224,81.2887,81.6127,6230844.0
2023-08-01,GOOGL,Technology,82.0971,83.3387,81.2074,82.8986,5297506.0
2023-08-02,GOOGL,Technology,84.5006,84.5256,83.8821,84.222,7541785.0
2023-08-03,GOOGL,Technology,85.642,85.6917,83.7703,84.8116,4260916.0
2023-08-04,GOOGL,Technology,85.7403,86.9883,85.7073,85.7951,5666151.0
2023-08-07,GOOGL,Technology,85.6347,86.5828,83.9932,85.4569,5116232.0
2023-08-08,GOOGL,Technology,85.567,86.6188,85.1235,86.4092,3859181.0
2023-08-09,GOOGL,Technology,86.1144,86.2348,85.5632,85.8512,5682700.0
2023-08-10,GOOGL,Technology,86.1586,87.1199,85.0589,85.8808,7704267.0
2023-08-11,GOOGL,Technology,84.733,85.5514,84.068,85.4348,4005719.0
2023-08-14,GOOGL,Technology,84.858,85.0869,83.7501,84.6792,9972598.0
2023-08-15,GOOGL,Technology,84.1409,85.0743,83.5029,83.5375,8122858.0
2023-08-16,GOOGL,Technology,84.5348,85.5961,82.6882,84.344,5904799.0
2023-08-17,GOOGL,Technology,86.818,87.0071,85.7421,86.5801,3492128.0
2023-08-18,GOOGL,Technology,88.9499,89.6553,88.4291,88.634,7510154.0
2023-08-21,GOOGL,Technology,86.9156,87.0773,86.3506,86.4331,2988084.0
2023-08-22,GOOGL,Technology,89.5165,89.7178,88.6353,88.6876,5118979.0
2023-08-23,GOOGL,Technology,87.483,89.6651,86.5602,88.1499,5117963.0
2023-08-24,GOOGL,Technology,89.0353,89.7003,88.8889,89.2354,5709305.0
2023-08-25,GOOGL,Technology,88.21,88.8284,86.9034,87.6449,6944064.0
2023-08-28,GOOGL,Technology,88.7077,89.3428,87.3676,87.92,5977597.0
2023-08-29,GOOGL,Technology,88.7436,89.8613,86.8067,88.4981,3764873.0
2023-08-30,GOOGL,Technology,85.9866,87.5341,84.4313,85.8969,6236410.0
2023-08-31,GOOGL,Technology,86.9257,89.0053,86.3917,86.9677,4528546.0
2023-09-01,GOOGL,Technology,89.52,90.6819,89.0503,89.3348,6551888.0
2023-09-04,GOOGL,Technology,88.2214,89.842,87.3658,89.0496,5677447.0
2023-09-05,GOOGL,Technology,90.7333,92.1365,89.4734,91.4987,7321697.0
2023-09-06,GOOGL,Technology,91.8349,92.8111,90.4639,91.179,7054642.0
2023-09-07,GOOGL,Technology,92.895,93.1125,92.6895,92.7557,11814425.0
2023-09-08,GOOGL,Technology,87.8323,88.724,87.1865,88.6678,3168137.0
2023-09-11,GOOGL,Technology,93.3964,94.0486,92.6483,92.9838,9445827.0
2023-09-12,GOOGL,Technology,96.2648,97.8687,94.9297,95.7927,3013478.0
2023-09-13,GOOGL,Technology,94.639,96.953,94.0252,95.2762,3054341.0
2023-09-14,GOOGL,Technology,92.3105,93.4026,91.1874,91.5469,4152484.0
2023-09-15,GOOGL,Technology,91.7161,93.7374,91.004,92.1017,3231628.0
2023-09-18,GOOGL,Technology,88.5889,90.7522,88.4176,89.4696,6962386.0
2023-09-19,GOOGL,Technology,90.5975,91.9506,89.6641,90.2924,13539627.0
2023-09-20,GOOGL,Technology,90.7833,91.5142,90.1965,91.0628,3561531.0
2023-09-21,GOOGL,Technology,88.6101,89.6486,88.4548,89.3755,3267599.0
2023-09-22,GOOGL,Technology,90.5865,92.5004,89.8817,91.4061,8246988.0
2023-09-25,GOOGL,Technology,93.3623,94.0885,92.14,92.9062,3162684.0
2023-09-26,GOOGL,Technology,95.2168,96.4635,94.3058,94.7473,7545355.0
2023-09-27,GOOGL,Technology,95.0572,95.0966,94.2957,94.7925,3128341.0
2023-09-28,GOOGL,Technology,92.0032,93.5607,91.4466,92.1373,9874357.0
2023-09-29,GOOGL,Technology,94.3844,94.4453,92.9773,93.9669,5947441.0
2023-10-02,GOOGL,Technology,94.1151,95.7087,93.4093,93.487,7546995.0
2023-10-03,GOOGL,Technology,90.2635,91.7762,90.1333,90.9165,5441647.0
2023-10-04,GOOGL,Technology,93.9575,95.8039,92.9397,93.4022,4294200.0
2023-10-05,GOOGL,Technology,97.6672,97.9719,96.3471,97.352,5356495.0
2023-10-06,GOOGL,Technology,96.5472,97.4211,96.3364,97.3009,4392185.0
2023-10-09,GOOGL,Technology,101.6542,101.7805,101.2519,101.5318,6635984.0
2023-10-10,GOOGL,Technology,102.615,103.0805,101.3064,101.7477,2061614.0
2023-10-11,GOOGL,Technology,100.4339,101.6473,99.3276,101.004,2393909.0
2023-10-12,GOOGL,Technology,99.1076,99.9828,97.4297,99.7607,
2023-10-13,GOOGL,Technology,103.9292,105.4128,102.2329,103.057,9074024.0
2023-10-16,GOOGL,Technology,101.6478,103.0327,101.4267,101.4799,4354763.0
2023-10-17,GOOGL,Technology,102.1607,103.4494,101.4319,103.0027,6567496.0
2023-10-18,GOOGL,Technology,101.6206,102.8881,101.1528,101.8817,7911536.0
2023-10-19,GOOGL,Technology,100.3954,101.2877,99.4972,100.9743,4003195.0
2023-10-20,GOOGL,Technology,103.3337,105.2394,101.7372,103.0852,5733166.0
2023-10-23,GOOGL,Technology,102.5938,104.1972,102.1566,102.3326,6023676.0
2023-10-24,GOOGL,Technology,101.2488,102.3167,99.7195,101.5348,4014901.0
2023-10-25,GOOGL,Technology,103.7988,105.0487,102.5078,103.8656,4279027.0
2023-10-26,GOOGL,Technology,108.1252,108.247,105.5006,107.2151,7000662.0
2023-10-27,GOOGL,Technology,107.8392,108.9611,107.5371,108.6297,2217747.0
2023-10-30,GOOGL,Technology,107.881,110.1358,106.5174,107.2397,3255447.0
2023-10-31,GOOGL,Technology,106.7959,107.3759,106.0678,106.1767,6552369.0
2023-11-01,GOOGL,Technology,111.6263,111.7114,109.1723,110.6253,3529680.0
2023-11-02,GOOGL,Technology,111.4994,113.5755,111.2034,111.3686,4230809.0
2023-11-03,GOOGL,Technology,108.225,109.6872,107.7513,109.2017,3431094.0
2023-11-06,GOOGL,Technology,110.7721,112.0579,109.012,110.8136,7173914.0
2023-11-07,GOOGL,Technology,111.2417,111.5522,110.8951,111.0363,6333452.0
2023-11-08,GOOGL,Technology,106.5019,110.1796,105.2797,107.2595,5426315.0
2023-11-09,GOOGL,Technology,105.5332,106.434,105.0108,105.299,2954333.0
2023-11-10,GOOGL,Technology,104.0047,104.7647,102.2382,104.2689,3522178.0
2023-11-13,GOOGL,Technology,104.4745,104.6606,103.3641,104.1482,3676517.0
2023-11-14,GOOGL,Technology,108.8802,109.7723,106.582,108.1148,15459940.0
2023-11-15,GOOGL,Technology,107.9008,110.5448,107.4735,108.6622,5086247.0
2023-11-16,GOOGL,Technology,106.2799,107.7809,105.2287,106.8676,4450350.0
2023-11-17,GOOGL,Technology,107.4303,108.6083,106.7026,107.3712,6428305.0
2023-11-20,GOOGL,Technology,106.5792,107.94,105.8773,106.6473,2853360.0
2023-11-21,GOOGL,Technology,108.3595,111.0189,106.834,107.372,10687834.0
2023-11-22,GOOGL,Technology,108.3035,108.7777,107.9486,108.651,2695388.0
2023-11-23,GOOGL,Technology,111.679,112.3915,110.9145,111.3113,3592575.0
2023-11-24,GOOGL,Technology,112.3108,112.534,109.065,111.2906,2951306.0
2023-11-27,GOOGL,Technology,115.3544,116.9863,114.7145,114.972,7226968.0
2023-11-28,GOOGL,Technology,117.2185,117.9431,115.905,117.0944,4925321.0
2023-11-29,GOOGL,Technology,114.512,116.9475,113.2612,115.4728,5619459.0
2023-11-30,GOOGL,Technology,119.8086,123.1641,119.7446,120.611,5535297.0
2023-12-01,GOOGL,Technology,120.4813,122.7442,120.4596,121.436,4229720.0
2023-12-04,GOOGL,Technology,118.3428,120.1197,116.6052,119.4441,12804779.0
2023-12-05,GOOGL,Technology,124.2015,124.5616,123.1643,123.4286,
2023-12-06,GOOGL,Technology,129.8708,129.9417,125.453,128.5947,4990353.0
2023-12-07,GOOGL,Technology,128.8391,128.852,127.6631,128.5484,4279996.0
2023-12-08,GOOGL,Technology,127.1047,127.8045,126.9656,127.2921,6997666.0
2023-12-11,GOOGL,Technology,126.532,128.029,123.0546,126.8914,9053500.0
2023-12-12,GOOGL,Technology,128.62,129.4144,128.4379,128.7434,9732334.0
2023-12-13,GOOGL,Technology,131.6457,133.7558,130.4244,132.0723,3589784.0
2023-12-14,GOOGL,Technology,132.7366,133.7348,131.4023,133.6188,3053384.0
2023-12-15,GOOGL,Technology,134.3953,135.5924,132.4521,133.9308,2373377.0
2023-12-18,GOOGL,Technology,139.0446,139.2466,137.8286,137.9835,3290132.0
2023-12-19,GOOGL,Technology,138.1202,140.1855,136.0095,137.1616,11614900.0
2023-12-20,GOOGL,Technology,141.3562,142.2612,139.6064,140.0308,7297860.0
2023-12-21,GOOGL,Technology,140.6537,141.3202,138.5479,139.2661,11250074.0
2023-12-22,GOOGL,Technology,140.8578,141.5882,140.4803,140.5084,2240149.0
2023-12-25,GOOGL,Technology,141.4268,142.2095,138.837,140.2314,6510758.0
2023-12-26,GOOGL,Technology,139.2306,141.1935,137.9591,140.1168,5064481.0
2023-12-27,GOOGL,Technology,140.2722,141.2263,138.7365,139.1013,4021208.0
2023-12-28,GOOGL,Technology,144.0524,144.0993,141.7373,142.8844,5087682.0
2023-12-29,GOOGL,Technology,139.7351,141.6653,139.5148,140.8328,7324844.0
2024-01-01,GOOGL,Technology,138.4194,139.3463,138.053,138.7901,2631386.0
2024-01-02,GOOGL,Technology,145.1166,146.2174,143.8929,144.7192,5304804.0
2024-01-03,GOOGL,Technology,148.6173,149.1952,144.1426,147.5929,8634339.0
2024-01-04,GOOGL,Technology,141.9385,143.4037,140.2687,140.5966,5313109.0
2024-01-05,GOOGL,Technology,139.1855,139.6221,138.2898,139.0494,3854481.0
2024-01-08,GOOGL,Technology,133.3945,135.3906,131.5285,134.052,3220637.0
2024-01-09,GOOGL,Technology,130.3393,131.7726,129.7781,131.5433,13508798.0
2024-01-10,GOOGL,Technology,123.188,124.6657,122.6383,123.3258,12977060.0
2024-01-11,GOOGL,Technology,124.1409,125.3433,122.709,123.0249,9012284.0
2024-01-12,GOOGL,Technology,120.6001,120.8872,118.7202,120.2521,5036870.0
2024-01-15,GOOGL,Technology,125.1006,125.5796,123.3767,124.0398,5236710.0
2024-01-16,GOOGL,Technology,120.2537,120.9341,119.0719,120.0454,3605883.0
2024-01-17,GOOGL,Technology,119.5451,121.3815,119.4693,120.2805,5569921.0
2024-01-18,GOOGL,Technology,119.5603,120.9121,116.86,119.3184,5671421.0
2024-01-19,GOOGL,Technology,122.7017,123.6749,122.3973,122.9384,5755321.0
2024-01-22,GOOGL,Technology,126.5574,126.7327,125.8157,126.4455,6472221.0
2024-01-23,GOOGL,Technology,129.3415,130.7102,128.4208,128.4695,5188946.0
2024-01-24,GOOGL,Technology,126.8254,130.0888,126.6335,127.6689,5525947.0
2024-01-25,GOOGL,Technology,133.2943,133.3833,131.1044,132.7766,4085018.0
2024-01-26,GOOGL,Technology,128.3219,129.2723,125.7458,128.6923,3610311.0
2024-01-29,GOOGL,Technology,124.3698,126.3296,123.4433,125.1183,8061780.0
2024-01-30,GOOGL,Technology,125.2835,126.2595,124.6771,124.9462,5365530.0
2024-01-31,GOOGL,Technology,129.5486,132.6083,126.9604,130.6164,2315459.0
2024-02-01,GOOGL,Technology,130.1844,130.8348,127.536,130.127,4173782.0
2024-02-02,GOOGL,Technology,128.5645,129.848,127.3391,129.6891,5319699.0
2024-02-05,GOOGL,Technology,124.7845,126.2971,123.2191,125.988,3117350.0
2024-02-06,GOOGL,Technology,128.8415,129.6707,127.8669,128.4093,2768659.0
2024-02-07,GOOGL,Technology,130.6653,131.9093,130.3725,130.8958,5898774.0
2024-02-08,GOOGL,Technology,134.1827,134.9346,130.9882,133.0008,7371678.0
2024-02-09,GOOGL,Technology,132.0552,132.2809,131.1743,131.367,16183499.0
2024-02-12,GOOGL,Technology,129.6623,130.8929,129.1681,129.5496,3609590.0
2024-02-13,GOOGL,Technology,125.1051,127.7901,124.5851,126.238,12369277.0
2024-02-14,GOOGL,Technology,126.5689,127.3014,123.9552,126.4876,2787413.0
2024-02-15,GOOGL,Technology,124.6384,125.5263,122.7285,123.7924,3952348.0
2024-02-16,GOOGL,Technology,120.4243,122.7264,119.3357,120.9145,4839630.0
2024-02-19,GOOGL,Technology,118.837,120.002,118.7428,119.9261,9103165.0
2024-02-20,GOOGL,Technology,118.1608,118.8059,117.4144,118.7888,4523659.0
2024-02-21,GOOGL,Technology,117.7082,119.0658,117.3187,117.5464,5007320.0
2024-02-22,GOOGL,Technology,118.3108,118.8893,114.8489,118.6782,6352582.0
2024-02-23,GOOGL,Technology,119.6741,120.6906,118.8903,118.9014,8478912.0
2024-02-26,GOOGL,Technology,117.4201,118.7219,116.9156,118.2519,7707680.0
2024-02-27,GOOGL,Technology,117.9372,118.7679,117.3412,118.7202,8694310.0
2024-02-28,GOOGL,Technology,117.1922,118.6474,115.2413,116.4015,1929974.0
2024-02-29,GOOGL,Technology,117.8061,118.099,116.4722,116.6815,2342237.0
2024-03-01,GOOGL,Technology,116.8616,117.4768,116.1715,117.068,5885650.0
2024-03-04,GOOGL,Technology,113.0625,113.6828,112.4002,113.5839,6377707.0
2024-03-05,GOOGL,Technology,115.2702,116.1085,114.0478,115.8799,8016155.0
2024-03-06,GOOGL,Technology,114.2687,115.3947,113.3129,113.8718,3832326.0
2024-03-07,GOOGL,Technology,114.6339,117.6378,111.894,114.1117,3512418.0
2024-03-08,GOOGL,Technology,116.3209,117.6053,115.3331,116.8034,4373171.0
2024-03-11,GOOGL,Technology,117.8979,119.8443,117.1989,119.0009,3442574.0
2024-03-12,GOOGL,Technology,118.7025,120.576,117.5717,119.1183,6497629.0
2024-03-13,GOOGL,Technology,117.1582,118.4001,116.9484,118.2904,5507829.0
2024-03-14,GOOGL,Technology,120.1499,121.0052,118.7349,120.5675,3041885.0
2024-03-15,GOOGL,Technology,122.3272,123.7364,121.3549,122.2306,11928539.0
2024-03-18,GOOGL,Technology,121.6106,123.2259,120.0164,120.7556,6646447.0
2024-03-19,GOOGL,Technology,119.7733,119.8585,116.9637,118.8721,3461841.0
2024-03-20,GOOGL,Technology,113.3754,115.1299,113.2785,113.9808,2902264.0
2024-03-21,GOOGL,Technology,115.444,116.2265,113.3828,114.3662,9575733.0
2024-03-22,GOOGL,Technology,113.2813,115.9101,113.1817,114.2113,9328644.0
2024-03-25,GOOGL,Technology,117.1115,117.2698,116.0677,116.8409,14706580.0
2024-03-26,GOOGL,Technology,118.7209,118.7474,116.8159,117.715,4110738.0
2024-03-27,GOOGL,Technology,120.1337,123.1673,120.1318,120.8915,15632634.0
2024-03-28,GOOGL,Technology,118.2956,119.3551,116.6118,119.2417,5431328.0
2024-03-29,GOOGL,Technology,122.4346,123.6133,120.981,121.9917,1965321.0
2024-04-01,GOOGL,Technology,120.6108,121.2344,120.435,120.7379,1941422.0
2024-04-02,GOOGL,Technology,122.2254,122.728,122.0988,122.6518,1867292.0
2024-04-03,GOOGL,Technology,119.975,121.8102,118.4831,119.1102,4023050.0
2024-04-04,GOOGL,Technology,119.4493,120.6824,118.2022,119.7061,3994658.0
2024-04-05,GOOGL,Technology,113.9425,116.2524,112.5949,114.9904,2013576.0
2024-04-08,GOOGL,Technology,114.5019,116.6397,114.0575,114.4105,2549930.0
2024-04-09,GOOGL,Technology,115.4564,115.765,114.9348,115.4525,5969078.0
2024-04-10,GOOGL,Technology,113.1878,115.3167,112.0,114.2842,3239106.0
2024-04-11,GOOGL,Technology,111.6521,113.3699,110.0158,111.9175,8283212.0
2024-04-12,GOOGL,Technology,113.0805,115.5692,112.6765,113.845,6085689.0
2024-04-15,GOOGL,Technology,113.5901,114.1418,112.8951,113.6435,5094795.0
2024-04-16,GOOGL,Technology,112.4702,112.736,111.4507,112.5649,5395675.0
2024-04-17,GOOGL,Technology,113.7521,115.2049,111.9533,112.693,3934073.0
2024-04-18,GOOGL,Technology,118.5412,120.603,117.4876,118.6695,2265908.0
2024-04-19,GOOGL,Technology,120.6781,122.7945,120.1522,121.4428,4554973.0
2024-04-22,GOOGL,Technology,123.6346,124.8988,123.3932,124.303,2625160.0
2024-04-23,GOOGL,Technology,125.3756,126.0341,122.5942,125.423,3281788.0
2024-04-24,GOOGL,Technology,126.2535,127.8488,125.7403,125.8783,5343427.0
2024-04-25,GOOGL,Technology,120.6998,121.0347,119.4391,119.8838,4801082.0
2024-04-26,GOOGL,Technology,117.2926,119.2799,116.6284,118.2918,3958509.0
2024-04-29,GOOGL,Technology,117.6356,117.9733,116.7697,117.1903,9059745.0
2024-04-30,GOOGL,Technology,112.295,113.5814,111.4792,112.8311,4269092.0
2024-05-01,GOOGL,Technology,111.2124,111.4141,108.2093,110.2531,6299781.0
2024-05-02,GOOGL,Technology,105.5688,106.0339,105.0366,105.9183,6088138.0
2024-05-03,GOOGL,Technology,105.7325,107.3332,105.0124,105.8689,5475746.0
2024-05-06,GOOGL,Technology,107.0468,107.9512,106.7708,107.6343,7785796.0
2024-05-07,GOOGL,Technology,110.2169,110.6803,109.5561,110.0491,6284273.0
2024-05-08,GOOGL,Technology,111.8682,113.3697,110.6679,110.995,2718359.0
2024-05-09,GOOGL,Technology,109.6145,111.03,108.1122,108.8897,7963603.0
2024-05-10,GOOGL,Technology,104.7773,106.6732,104.2326,104.7147,6737736.0
2024-05-13,GOOGL,Technology,100.9504,101.3806,99.8233,101.0667,3363124.0
2024-05-14,GOOGL,Technology,98.4754,99.7053,97.8004,98.532,12255748.0
2024-05-15,GOOGL,Technology,97.5163,98.2788,96.5909,96.8099,13345968.0
2024-05-16,GOOGL,Technology,96.0225,96.8532,94.9396,96.5297,4531908.0
2024-05-17,GOOGL,Technology,93.9715,94.9674,92.396,94.6007,3267924.0
2024-05-20,GOOGL,Technology,96.0854,97.4712,95.0383,95.2704,3411196.0
2024-05-21,GOOGL,Technology,95.2528,95.891,93.7385,94.8564,10090516.0
2024-05-22,GOOGL,Technology,94.5873,95.1376,94.4533,94.9049,18270454.0
2024-05-23,GOOGL,Technology,97.9633,98.7905,96.2094,97.0977,5167196.0
2024-05-24,GOOGL,Technology,94.7722,95.4046,94.6524,94.8349,5589215.0
2024-05-27,GOOGL,Technology,95.2171,97.0705,94.729,95.6575,8677937.0
2024-05-28,GOOGL,Technology,96.2929,96.4631,95.2917,95.6594,2079178.0
2024-05-29,GOOGL,Technology,94.2578,95.2208,93.5172,95.0501,2272370.0
2024-05-30,GOOGL,Technology,96.6854,97.5842,96.0179,96.7615,2522658.0
2024-05-31,GOOGL,Technology,99.0825,99.5854,97.633,98.4916,8531052.0
2024-06-03,GOOGL,Technology,95.792,96.7423,95.5628,96.6567,5892916.0
2024-06-04,GOOGL,Technology,96.6776,98.005,94.2637,96.3336,6488593.0
2024-06-05,GOOGL,Technology,97.5076,99.5274,96.2933,96.9043,3722248.0
2024-06-06,GOOGL,Technology,96.2107,96.9713,95.5297,96.4043,5081316.0
2024-06-07,GOOGL,Technology,96.7102,98.4332,95.5612,97.5611,2166162.0
2024-06-10,GOOGL,Technology,98.2492,99.6538,96.2517,98.1391,4423148.0
2024-06-11,GOOGL,Technology,102.688,104.2332,101.6909,101.7654,5184307.0
2024-06-12,GOOGL,Technology,97.7533,98.727,97.0143,98.6814,10554041.0
2024-06-13,GOOGL,Technology,98.1044,98.6677,97.6066,98.4693,4951450.0
2024-06-14,GOOGL,Technology,97.0427,97.6606,96.0245,96.7097,4022532.0
2024-06-17,GOOGL,Technology,98.7303,100.1774,97.7922,97.9072,8380307.0
2024-06-18,GOOGL,Technology,94.601,96.2581,94.2819,94.7699,3858856.0
2024-06-19,GOOGL,Technology,95.4021,95.9685,95.0329,95.4547,4983187.0
2024-06-20,GOOGL,Technology,93.6167,95.7026,92.6736,94.2805,4068310.0
2024-06-21,GOOGL,Technology,93.031,94.383,92.62,92.9245,7209646.0
2024-06-24,GOOGL,Technology,89.6025,91.7788,89.5366,90.264,4565696.0
2024-06-25,GOOGL,Technology,88.5888,90.2936,88.5717,89.4515,3847013.0
2024-06-26,GOOGL,Technology,91.0496,91.7161,90.0444,91.4186,1624483.0
2024-06-27,GOOGL,Technology,91.3949,92.4283,90.2481,91.3999,9348373.0
2024-06-28,GOOGL,Technology,93.2189,93.515,91.0927,92.5748,10887833.0
2024-07-01,GOOGL,Technology,95.709,96.6016,93.5972,95.6846,4163648.0
2024-07-02,GOOGL,Technology,96.3287,97.5193,94.6994,96.2181,7758316.0
2024-07-03,GOOGL,Technology,95.2092,96.4927,94.6685,95.1716,12943315.0
2024-07-04,GOOGL,Technology,95.5931,96.4642,95.5211,96.0895,2680911.0
2024-07-05,GOOGL,Technology,94.5053,96.623,93.9152,95.0723,2449984.0
2024-07-08,GOOGL,Technology,94.4953,95.4907,94.0656,94.1417,2092577.0
2024-07-09,GOOGL,Technology,92.0314,92.4471,91.1667,91.3083,5435059.0
2024-07-10,GOOGL,Technology,92.1452,93.2679,91.6828,93.0271,5138624.0
2024-07-11,GOOGL,Technology,89.3191,89.9413,89.2131,89.5461,8169408.0
2024-07-12,GOOGL,Technology,89.5669,89.9383,88.4676,89.8991,3764194.0
2024-07-15,GOOGL,Technology,88.1923,88.6437,88.022,88.0634,10345927.0
2024-07-16,GOOGL,Technology,88.0398,89.4264,87.5884,88.8576,3500275.0
2024-07-17,GOOGL,Technology,88.3125,88.5106,86.6778,87.5302,3451090.0
2024-07-18,GOOGL,Technology,86.6608,87.3922,86.4844,87.3084,4989506.0
2024-07-19,GOOGL,Technology,88.8225,90.3829,88.6913,88.8674,3090602.0
2024-07-22,GOOGL,Technology,89.8424,91.3066,89.5911,90.2995,4151234.0
2024-07-23,GOOGL,Technology,89.7258,90.5404,89.4713,90.2868,2446289.0
2024-07-24,GOOGL,Technology,87.6213,88.1101,86.9026,87.1211,11382935.0
2024-07-25,GOOGL,Technology,91.8479,92.5792,91.3696,92.362,6455223.0
2024-07-26,GOOGL,Technology,95.064,96.8383,93.9891,95.6147,3302823.0
2024-07-29,GOOGL,Technology,97.8201,98.394,96.6781,97.0254,5953056.0
2024-07-30,GOOGL,Technology,96.3025,96.667,95.3949,95.5929,9435525.0
2024-07-31,GOOGL,Technology,94.6315,96.6399,93.5227,95.4044,7846644.0
2024-08-01,GOOGL,Technology,93.8541,94.5894,93.4893,94.3961,3328779.0
2024-08-02,GOOGL,Technology,96.2156,97.5556,94.4569,96.8105,7422081.0
2024-08-05,GOOGL,Technology,97.9715,98.1172,96.0463,97.3478,4969180.0
2024-08-06,GOOGL,Technology,94.9988,96.165,94.1637,95.8503,4948171.0
2024-08-07,GOOGL,Technology,95.1522,95.8278,94.4114,94.9766,9571448.0
2024-08-08,GOOGL,Technology,97.6559,97.9298,96.8742,97.1348,5565457.0
2024-08-09,GOOGL,Technology,101.1502,102.5732,98.3176,100.2725,6979989.0
2024-08-12,GOOGL,Technology,104.392,105.4088,102.3631,103.3675,3195774.0
2024-08-13,GOOGL,Technology,104.3811,105.4692,104.1265,104.9636,7708127.0
2024-08-14,GOOGL,Technology,103.9441,105.5944,103.2058,104.4648,2538601.0
2024-08-15,GOOGL,Technology,98.236,98.317,97.2611,97.7236,4926042.0
2024-08-16,GOOGL,Technology,98.9202,99.436,98.0662,98.3337,3071120.0
2024-08-19,GOOGL,Technology,97.9101,99.0255,97.5418,98.3596,3146155.0
2024-08-20,GOOGL,Technology,98.8402,99.3666,97.8203,98.6645,3232210.0
2024-08-21,GOOGL,Technology,98.7774,99.6253,98.4449,98.8005,3811134.0
2024-08-22,GOOGL,Technology,97.121,97.7915,94.7154,96.2094,2231710.0
2024-08-23,GOOGL,Technology,96.8078,98.0896,96.7904,97.3108,4912229.0
2024-08-26,GOOGL,Technology,98.3707,99.09,97.9644,98.5704,3355321.0
2024-08-27,GOOGL,Technology,100.9305,102.5549,98.5843,99.9452,11653358.0
2024-08-28,GOOGL,Technology,101.1097,102.1319,99.2729,101.8673,5253148.0
2024-08-29,GOOGL,Technology,102.4296,104.2069,102.2142,103.1285,4079318.0
2024-08-30,GOOGL,Technology,102.3775,104.2711,102.0597,102.3137,5107890.0
2024-09-02,GOOGL,Technology,101.3742,102.9014,100.9671,102.1995,1437985.0
2024-09-03,GOOGL,Technology,102.0266,103.0922,100.9509,102.4164,2888657.0
2024-09-04,GOOGL,Technology,103.4579,104.4001,101.4253,102.6677,3621809.0
2024-09-05,GOOGL,Technology,104.9955,105.8264,103.1942,104.7482,4502168.0
2024-09-06,GOOGL,Technology,105.7232,107.0236,105.3878,106.1281,3575719.0
2024-09-09,GOOGL,Technology,110.6047,110.7721,109.121,110.5692,2783560.0
2024-09-10,GOOGL,Technology,116.5235,119.9571,114.0202,115.4818,3439728.0
2024-09-11,GOOGL,Technology,115.13,116.0378,114.8541,115.7004,6708678.0
2024-09-12,GOOGL,Technology,105.8172,107.5358,104.7206,106.857,6783922.0
2024-09-13,GOOGL,Technology,109.0771,110.0524,108.9768,109.5324,7257707.0
2024-09-16,GOOGL,Technology,108.8075,109.857,108.1123,108.3815,7283995.0
2024-09-17,GOOGL,Technology,106.9297,107.5571,106.6147,106.6766,9330550.0
2024-09-18,GOOGL,Technology,105.5981,106.2884,105.0295,105.8586,8016848.0
2024-09-19,GOOGL,Technology,104.8892,105.1495,104.0841,104.9447,6819995.0
2024-09-20,GOOGL,Technology,106.7639,106.8673,105.4337,106.2613,3713970.0
2024-09-23,GOOGL,Technology,103.0983,103.5335,101.1751,102.979,8792106.0
2024-09-24,GOOGL,Technology,101.5849,102.7724,100.354,100.7902,8712985.0
2024-09-25,GOOGL,Technology,101.3688,102.2788,100.8727,101.5122,4377642.0
2024-09-26,GOOGL,Technology,102.2129,103.0199,102.08,102.8074,4676846.0
2024-09-27,GOOGL,Technology,104.2248,105.0338,103.6813,104.1573,5596508.0
2024-09-30,GOOGL,Technology,102.3479,103.9149,101.0066,102.5491,6597938.0
2024-10-01,GOOGL,Technology,101.4454,103.0786,99.1225,100.5734,5255192.0
2024-10-02,GOOGL,Technology,99.6746,100.0383,99.3406,99.5845,3697990.0
2024-10-03,GOOGL,Technology,100.2917,100.8658,99.86,100.0922,4570213.0
2024-10-04,GOOGL,Technology,103.8025,104.7078,102.0804,103.0959,4723384.0
2024-10-07,GOOGL,Technology,97.9351,99.3334,97.308,98.9052,4176416.0
2024-10-08,GOOGL,Technology,97.7158,98.6597,96.9842,98.4982,3882166.0
2024-10-09,GOOGL,Technology,96.5968,97.6834,95.1281,95.9024,4645781.0
2024-10-10,GOOGL,Technology,92.7583,94.1122,92.2128,92.7621,4554661.0
2024-10-11,GOOGL,Technology,95.1333,97.1869,94.395,94.5839,7255085.0
2024-10-14,GOOGL,Technology,95.8269,96.1972,95.642,95.6425,7558437.0
2024-10-15,GOOGL,Technology,96.0781,97.25,95.7801,96.5309,4220501.0
2024-10-16,GOOGL,Technology,97.8973,99.4996,97.285,98.338,2044047.0
2024-10-17,GOOGL,Technology,97.7307,98.7119,97.2502,97.424,3217701.0
2024-10-18,GOOGL,Technology,97.2185,97.5064,96.1724,96.6103,10450804.0
2024-10-21,GOOGL,Technology,100.4365,101.2747,99.7723,100.8625,1432894.0
2024-10-22,GOOGL,Technology,99.6623,101.0533,99.4665,100.3954,3792312.0
2024-10-23,GOOGL,Technology,101.0413,102.9799,99.4543,101.9016,2968596.0
2024-10-24,GOOGL,Technology,102.126,102.6764,101.5068,101.9452,9690135.0
2024-10-25,GOOGL,Technology,98.0227,98.2398,98.0067,98.2073,6514272.0
2024-10-28,GOOGL,Technology,94.1713,94.6835,93.8605,94.2208,4847920.0
2024-10-29,GOOGL,Technology,93.7146,93.8668,92.9461,93.1581,2428098.0
2024-10-30,GOOGL,Technology,94.5444,95.688,94.3554,95.1537,6018703.0
2024-10-31,GOOGL,Technology,96.8622,97.8206,96.3395,96.6824,3397088.0
2024-11-01,GOOGL,Technology,98.603,99.117,97.944,98.4789,4540489.0
2024-11-04,GOOGL,Technology,97.0429,98.3364,95.9979,96.5644,5134171.0
2024-11-05,GOOGL,Technology,99.4973,100.1533,99.4224,99.7141,8635809.0
2024-11-06,GOOGL,Technology,102.9344,103.932,102.4816,102.8054,6831081.0
2024-11-07,GOOGL,Technology,103.7595,104.8111,102.1523,103.2739,3521239.0
2024-11-08,GOOGL,Technology,103.4131,104.4213,102.5358,103.2835,3755528.0
2024-11-11,GOOGL,Technology,102.1533,103.3285,100.9563,102.9553,5471797.0
2024-11-12,GOOGL,Technology,105.2825,107.1628,104.0852,105.7425,2550526.0
2024-11-13,GOOGL,Technology,103.3722,105.4984,101.8386,104.283,2577441.0
2024-11-14,GOOGL,Technology,101.8522,103.2185,100.5662,101.4995,8692705.0
2024-11-15,GOOGL,Technology,100.7863,102.8679,99.8611,101.5705,4818417.0
2024-11-18,GOOGL,Technology,100.6548,101.2013,98.7879,100.7888,4310312.0
2024-11-19,GOOGL,Technology,107.2156,108.0606,107.0333,107.627,6939398.0
2024-11-20,GOOGL,Technology,108.7869,111.0858,108.4214,109.1155,12545893.0
2024-11-21,GOOGL,Technology,108.1884,110.7113,107.9844,108.255,2649030.0
2024-11-22,GOOGL,Technology,105.2392,107.0219,104.8028,106.0009,3011175.0
2024-11-25,GOOGL,Technology,102.8074,104.0175,101.715,102.0464,6958851.0
2024-11-26,GOOGL,Technology,100.7457,101.2558,98.962,99.9846,5817586.0
2024-11-27,GOOGL,Technology,99.2729,100.6071,99.0938,100.2445,924639.0
2024-11-28,GOOGL,Technology,102.7457,103.5999,102.6197,103.1362,5355276.0
2024-11-29,GOOGL,Technology,105.1696,106.5392,104.5911,105.4809,7554513.0
2024-12-02,GOOGL,Technology,105.0997,107.8255,104.6669,105.9958,4426573.0
2024-12-03,GOOGL,Technology,104.9531,105.7071,104.0581,105.3425,1921319.0
2024-12-04,GOOGL,Technology,105.8534,107.8233,104.6184,105.9405,12652562.0
2024-12-05,GOOGL,Technology,103.9529,106.3055,103.9041,104.8734,6261784.0
2024-12-06,GOOGL,Technology,108.9951,109.6349,107.1843,108.509,17436016.0
2024-12-09,GOOGL,Technology,108.9708,109.7012,107.5065,108.131,6441308.0
2024-12-10,GOOGL,Technology,107.8861,109.1774,107.5781,107.9767,8070349.0
2024-12-11,GOOGL,Technology,102.4376,103.3027,100.7225,103.224,7687565.0
2024-12-12,GOOGL,Technology,102.8963,105.7426,101.5311,102.8515,20826978.0
2024-12-13,GOOGL,Technology,103.5753,104.9199,102.959,104.603,5505499.0
2024-12-16,GOOGL,Technology,103.2784,103.4259,102.323,102.4006,2064512.0
2024-12-17,GOOGL,Technology,100.239,101.0588,100.109,100.8939,4488517.0
2024-12-18,GOOGL,Technology,103.0541,104.2207,102.0604,102.5237,10761471.0
2024-12-19,GOOGL,Technology,100.5131,101.8042,99.4476,99.5266,5565960.0
2024-12-20,GOOGL,Technology,100.9538,101.7601,100.8202,101.6621,3345232.0
2024-12-23,GOOGL,Technology,101.2713,102.5625,100.5064,100.6106,3253424.0
2024-12-24,GOOGL,Technology,100.7554,101.4338,99.8574,99.8589,1897510.0
2024-12-25,GOOGL,Technology,97.4926,98.0931,96.4544,97.6443,
2024-12-26,GOOGL,Technology,97.7959,98.9765,96.3816,98.4119,4869293.0
2024-12-27,GOOGL,Technology,103.4255,103.7156,102.4474,103.283,8642735.0
2024-12-30,GOOGL,Technology,104.8222,106.2257,104.3453,104.9283,5525856.0
2024-12-31,GOOGL,Technology,103.8883,104.6294,102.3379,103.146,7124724.0
2022-01-03,JPM,Finance,140.2987,142.1473,139.856,140.0,10817956.0
2022-01-04,JPM,Finance,140.8656,143.3177,140.0534,141.8881,5421289.0
2022-01-05,JPM,Finance,147.3603,148.4199,145.8643,146.4878,7309140.0
2022-01-06,JPM,Finance,146.7746,147.7557,145.6821,146.5601,7494795.0
2022-01-07,JPM,Finance,146.5377,147.9692,146.1015,147.6658,13840674.0
2022-01-10,JPM,Finance,144.4308,146.1793,144.4173,145.249,6229894.0
2022-01-11,JPM,Finance,149.4329,150.7332,148.5814,150.5652,5636209.0
2022-01-12,JPM,Finance,150.6011,153.0136,148.7215,149.749,4857407.0
2022-01-13,JPM,Finance,149.5308,151.4358,148.1182,149.0092,4179718.0
2022-01-14,JPM,Finance,148.3373,149.7729,147.4348,148.1756,2596371.0
2022-01-17,JPM,Finance,145.3797,149.3624,145.1618,146.5955,4514604.0
2022-01-18,JPM,Finance,145.4746,146.3606,143.9488,144.8217,5422459.0
2022-01-19,JPM,Finance,143.3277,144.4521,142.9182,143.5758,4723017.0
2022-01-20,JPM,Finance,140.0507,140.2986,139.4977,140.2852,2789012.0
2022-01-21,JPM,Finance,138.8766,139.5591,138.4359,138.4545,8126520.0
2022-01-24,JPM,Finance,143.6192,144.1585,142.5285,143.0833,6428397.0
2022-01-25,JPM,Finance,145.8737,147.3458,144.063,144.9157,4475248.0
2022-01-26,JPM,Finance,148.236,150.2984,146.8834,147.2402,4289800.0
2022-01-27,JPM,Finance,149.698,152.6779,148.3833,150.231,5354860.0
2022-01-28,JPM,Finance,155.4462,157.2978,153.5866,154.9603,6013241.0
2022-01-31,JPM,Finance,151.2215,152.2991,149.191,150.3403,3067142.0
2022-02-01,JPM,Finance,146.7665,148.6877,146.3067,147.2421,11143540.0
2022-02-02,JPM,Finance,146.2202,147.5807,143.9095,145.2744,3657135.0
2022-02-03,JPM,Finance,143.9143,144.7142,141.2093,144.1579,4384246.0
2022-02-04,JPM,Finance,143.0307,144.7318,142.1993,143.4646,5917785.0
2022-02-07,JPM,Finance,142.5753,142.7717,141.6191,142.4175,5444904.0
2022-02-08,JPM,Finance,143.8772,144.8517,141.1738,,5151087.0
2022-02-09,JPM,Finance,143.6666,144.03,142.2801,143.1199,4789882.0
2022-02-10,JPM,Finance,142.1195,142.1811,139.9277,141.4041,3036632.0
2022-02-11,JPM,Finance,135.8481,138.8594,133.6107,136.2168,4239896.0
2022-02-14,JPM,Finance,133.8176,135.003,131.5917,133.9585,2480190.0
2022-02-15,JPM,Finance,132.6962,132.7524,132.1167,132.7479,13073015.0
2022-02-16,JPM,Finance,131.4873,132.7559,130.2142,132.2302,7666283.0
2022-02-17,JPM,Finance,130.0359,130.6283,129.4428,129.7304,7458703.0
2022-02-18,JPM,Finance,129.2137,129.8121,127.2343,128.6869,5038660.0
2022-02-21,JPM,Finance,125.3551,127.0809,125.0001,126.2513,11574794.0
2022-02-22,JPM,Finance,126.9908,127.4224,124.7293,126.0191,6446782.0
2022-02-23,JPM,Finance,124.2264,125.5784,122.8818,123.758,6707896.0
2022-02-24,JPM,Finance,117.7624,117.9849,116.4586,117.0588,4962691.0
2022-02-25,JPM,Finance,113.8876,116.4191,111.7845,114.4897,9251269.0
2022-02-28,JPM,Finance,114.0117,114.5919,112.7827,114.2252,2997252.0
2022-03-01,JPM,Finance,113.4164,114.7769,111.6745,112.577,6248939.0
2022-03-02,JPM,Finance,114.863,115.2628,112.0773,114.3462,3725717.0
2022-03-03,JPM,Finance,115.714,116.5831,114.8664,115.1694,6560768.0
2022-03-04,JPM,Finance,114.9991,115.6939,112.8222,115.0672,5307740.0
2022-03-07,JPM,Finance,112.8284,114.6894,112.202,113.5417,7922388.0
2022-03-08,JPM,Finance,114.3636,115.2139,114.2803,114.3103,6989501.0
2022-03-09,JPM,Finance,114.8869,115.9365,114.4415,115.6868,4376859.0
2022-03-10,JPM,Finance,115.5769,116.4693,113.5114,116.0021,2318784.0
2022-03-11,JPM,Finance,118.7942,120.9806,117.9673,119.1995,9003468.0
2022-03-14,JPM,Finance,120.4601,120.5008,118.7493,120.1667,3650484.0
2022-03-15,JPM,Finance,121.1616,122.3858,120.0078,122.0691,3794983.0
2022-03-16,JPM,Finance,123.254,123.3163,121.4503,122.3828,6924811.0
2022-03-17,JPM,Finance,123.2226,124.4707,122.2908,123.8253,3397770.0
2022-03-18,JPM,Finance,122.2163,123.1413,121.7087,122.1852,8475023.0
2022-03-21,JPM,Finance,121.4151,121.5514,121.0475,121.2697,5717441.0
2022-03-22,JPM,Finance,121.3355,123.2358,118.8428,122.0263,8711937.0
2022-03-23,JPM,Finance,123.2971,123.9271,122.6269,122.7726,6772263.0
2022-03-24,JPM,Finance,123.2506,124.8958,123.1163,123.8689,3144906.0
2022-03-25,JPM,Finance,126.0012,126.9424,124.7927,126.2232,11138797.0
2022-03-28,JPM,Finance,123.6398,124.4598,122.8624,123.2034,3522275.0
2022-03-29,JPM,Finance,121.906,122.3131,120.3973,121.1994,6899647.0
2022-03-30,JPM,Finance,121.3804,121.7995,120.9308,121.7088,3633852.0
2022-03-31,JPM,Finance,119.6538,121.0811,118.9568,120.2465,8417428.0
2022-04-01,JPM,Finance,127.5787,129.814,125.3368,127.1874,3183977.0
2022-04-04,JPM,Finance,128.0194,129.3497,127.5968,128.3406,7286655.0
2022-04-05,JPM,Finance,128.3092,130.3856,126.3397,128.2082,6074297.0
2022-04-06,JPM,Finance,127.6226,128.0943,124.9842,127.1232,4066239.0
2022-04-07,JPM,Finance,126.3568,126.5412,125.1163,126.1237,6149900.0
2022-04-08,JPM,Finance,126.6081,126.6409,125.8337,126.2261,4824200.0
2022-04-11,JPM,Finance,126.6449,126.9171,124.7638,126.5043,7885891.0
2022-04-12,JPM,Finance,125.1085,125.7334,124.5864,125.5601,6330459.0
2022-04-13,JPM,Finance,124.3669,125.8186,123.5959,125.0147,7461959.0
2022-04-14,JPM,Finance,127.3697,128.897,127.1437,127.9092,4888647.0
2022-04-15,JPM,Finance,130.3899,132.6048,129.3665,130.9581,4936082.0
2022-04-18,JPM,Finance,131.2871,132.67,130.2535,131.5585,6639567.0
2022-04-19,JPM,Finance,128.6949,128.7961,128.2004,128.5982,5381365.0
2022-04-20,JPM,Finance,130.2224,130.8422,129.2394,129.814,3907881.0
2022-04-21,JPM,Finance,134.2145,134.8751,132.2218,133.283,7445198.0
2022-04-22,JPM,Finance,136.0108,136.6196,135.1522,136.4267,6989298.0
2022-04-25,JPM,Finance,139.181,139.535,137.6663,138.1709,5894101.0
2022-04-26,JPM,Finance,140.5505,143.9217,140.3421,141.5535,2006978.0
2022-04-27,JPM,Finance,142.5734,143.6166,139.948,141.7245,1926925.0
2022-04-28,JPM,Finance,142.3528,143.326,141.8717,143.2803,4813113.0
2022-04-29,JPM,Finance,140.9692,143.9754,139.0528,141.665,5267849.0
2022-05-02,JPM,Finance,142.5317,143.1781,140.7948,142.4114,3393115.0
2022-05-03,JPM,Finance,145.4296,145.7101,144.6224,145.6729,3480428.0
2022-05-04,JPM,Finance,143.5635,146.1131,142.6352,144.257,7059738.0
2022-05-05,JPM,Finance,143.2094,143.3533,139.337,142.1877,2569305.0
2022-05-06,JPM,Finance,143.0739,143.9825,141.4532,142.466,1966418.0
2022-05-09,JPM,Finance,141.7273,142.5056,141.4494,141.9597,4197766.0
2022-05-10,JPM,Finance,137.1187,139.4996,135.8452,136.4709,5451941.0
2022-05-11,JPM,Finance,134.5292,135.5188,133.9033,135.4603,3831947.0
2022-05-12,JPM,Finance,139.1836,140.5579,137.7359,139.4582,7703183.0
2022-05-13,JPM,Finance,135.5542,136.9605,133.4798,136.4425,6310620.0
2022-05-16,JPM,Finance,139.6659,140.9989,137.4839,139.3915,5889872.0
2022-05-17,JPM,Finance,137.3194,137.8314,137.0091,137.6209,6957358.0
2022-05-18,JPM,Finance,133.7842,134.0498,133.1262,133.4604,3618355.0
2022-05-19,JPM,Finance,133.4769,135.8835,132.1124,134.0401,2270071.0
2022-05-20,JPM,Finance,133.1244,133.9564,132.7614,133.5002,4731562.0
2022-05-23,JPM,Finance,131.6871,133.2485,130.8063,131.022,4070340.0
2022-05-24,JPM,Finance,126.6895,127.7201,125.7429,127.3162,4286043.0
2022-05-25,JPM,Finance,126.5392,127.3546,125.3935,127.3363,
2022-05-26,JPM,Finance,129.3805,131.3208,128.3176,129.4869,4611280.0
2022-05-27,JPM,Finance,130.0152,131.2785,129.6959,130.8134,5354347.0
2022-05-30,JPM,Finance,131.4583,132.087,129.3327,130.9788,2962781.0
2022-05-31,JPM,Finance,132.5625,132.9093,131.6481,132.0843,3342900.0
2022-06-01,JPM,Finance,131.5539,132.2248,130.9544,132.0628,2055124.0
2022-06-02,JPM,Finance,128.3624,129.0719,128.0306,128.8926,4025039.0
2022-06-03,JPM,Finance,125.0214,127.775,124.7079,125.8178,9837126.0
2022-06-06,JPM,Finance,126.2773,127.0297,125.4133,125.421,5475463.0
2022-06-07,JPM,Finance,126.039,127.0292,123.9574,125.1161,2440364.0
2022-06-08,JPM,Finance,125.9826,128.6834,125.2914,126.9636,3814114.0
2022-06-09,JPM,Finance,128.5142,129.0987,127.9557,128.6363,3005557.0
2022-06-10,JPM,Finance,129.2423,130.207,128.929,129.9982,7363443.0
2022-06-13,JPM,Finance,121.532,122.0936,121.5268,121.6179,4006141.0
2022-06-14,JPM,Finance,117.9608,118.8418,117.7296,118.7999,6167003.0
2022-06-15,JPM,Finance,118.8069,121.2984,118.4466,119.6677,
2022-06-16,JPM,Finance,120.4143,120.8671,120.1224,120.772,1608940.0
2022-06-17,JPM,Finance,116.7075,118.6257,115.9011,115.9043,3845902.0
2022-06-20,JPM,Finance,113.9339,114.8424,113.2346,114.2951,6885500.0
2022-06-21,JPM,Finance,112.6971,113.9549,111.9749,112.9867,5051517.0
2022-06-22,JPM,Finance,112.3572,114.3772,112.3563,113.2479,2252592.0
2022-06-23,JPM,Finance,111.5409,112.3324,110.873,111.7352,5880377.0
2022-06-24,JPM,Finance,110.8249,111.8959,110.3361,111.6963,3401884.0
2022-06-27,JPM,Finance,110.8025,112.1586,110.4962,111.33,4376127.0
2022-06-28,JPM,Finance,111.8816,112.2181,110.6572,111.0622,7315705.0
2022-06-29,JPM,Finance,109.0056,110.3697,108.7105,109.7429,8924242.0
2022-06-30,JPM,Finance,108.146,109.738,107.8746,108.5838,5910162.0
2022-07-01,JPM,Finance,107.3983,107.6149,106.2283,106.6222,2367510.0
2022-07-04,JPM,Finance,106.4574,107.7117,105.6766,107.3431,4104355.0
2022-07-05,JPM,Finance,108.0984,108.5216,107.7139,108.4175,4795761.0
2022-07-06,JPM,Finance,106.7949,107.5172,106.1508,107.0297,4586937.0
2022-07-07,JPM,Finance,109.4063,110.7792,108.4073,109.8286,5714495.0
2022-07-08,JPM,Finance,108.8272,110.7253,108.5715,109.2742,4765451.0
2022-07-11,JPM,Finance,112.6681,114.5965,110.9614,112.1495,2824820.0
2022-07-12,JPM,Finance,110.301,111.5157,109.6362,110.9589,21596182.0
2022-07-13,JPM,Finance,106.367,108.2686,105.0736,107.1695,5724153.0
2022-07-14,JPM,Finance,108.0699,108.8608,106.8265,107.9344,7041116.0
2022-07-15,JPM,Finance,108.3999,110.3705,107.0476,108.4228,3357281.0
2022-07-18,JPM,Finance,109.2269,110.9848,108.4179,108.5188,4739864.0
2022-07-19,JPM,Finance,107.9779,109.0322,107.0318,107.3665,4203871.0
2022-07-20,JPM,Finance,107.6229,107.9765,105.3421,107.3356,8826537.0
2022-07-21,JPM,Finance,106.4928,107.2521,105.052,106.4349,10892028.0
2022-07-22,JPM,Finance,106.7568,107.3714,105.8191,105.9198,5049353.0
2022-07-25,JPM,Finance,107.8638,107.9854,107.1013,107.467,5643946.0
2022-07-26,JPM,Finance,106.9273,107.9728,105.535,107.8358,5090983.0
2022-07-27,JPM,Finance,108.7639,109.6514,108.6511,108.9863,4226338.0
2022-07-28,JPM,Finance,108.389,108.8589,108.3643,108.5894,4971558.0
2022-07-29,JPM,Finance,108.3512,108.82,107.8568,107.9906,3085580.0
2022-08-01,JPM,Finance,106.4618,108.1716,105.8604,105.9054,3264962.0
2022-08-02,JPM,Finance,105.9433,106.7036,103.9734,105.271,4521837.0
2022-08-03,JPM,Finance,99.9763,101.2609,98.9373,99.3591,1693213.0
2022-08-04,JPM,Finance,98.9103,99.6467,96.8906,98.3919,9996405.0
2022-08-05,JPM,Finance,97.6322,98.5853,96.8521,98.2845,6923095.0
2022-08-08,JPM,Finance,98.6681,99.437,97.3948,99.2558,6052651.0
2022-08-09,JPM,Finance,99.265,101.1897,98.4367,98.8322,6859724.0
2022-08-10,JPM,Finance,99.8886,100.2923,99.1079,99.446,4864126.0
2022-08-11,JPM,Finance,95.567,95.9005,95.5133,95.7907,3920555.0
2022-08-12,JPM,Finance,95.2441,95.9021,94.8354,95.7269,2221710.0
2022-08-15,JPM,Finance,93.7573,94.1955,92.4188,93.0225,5252156.0
2022-08-16,JPM,Finance,90.749,91.718,90.2473,91.1396,6399414.0
2022-08-17,JPM,Finance,90.9882,91.2568,90.1919,90.877,4828746.0
2022-08-18,JPM,Finance,93.0264,93.1387,92.1705,92.8759,11055054.0
2022-08-19,JPM,Finance,94.0934,94.0976,93.1675,93.4899,3692253.0
2022-08-22,JPM,Finance,94.1079,95.9869,93.2249,93.5469,5334252.0
2022-08-23,JPM,Finance,93.611,93.8739,91.9312,93.5439,4232635.0
2022-08-24,JPM,Finance,92.0127,93.3133,91.8682,92.4371,6437931.0
2022-08-25,JPM,Finance,91.294,92.1028,90.897,91.61,2873340.0
2022-08-26,JPM,Finance,92.1101,92.8947,89.5334,92.3031,7397114.0
2022-08-29,JPM,Finance,90.7527,91.3431,89.9844,90.1569,11153833.0
2022-08-30,JPM,Finance,91.7592,92.0549,91.005,91.0929,2424795.0
2022-08-31,JPM,Finance,90.4133,90.905,90.2909,90.5186,4702906.0
2022-09-01,JPM,Finance,91.3361,92.586,90.5857,91.8162,4872375.0
2022-09-02,JPM,Finance,93.7966,94.592,92.2648,93.3439,13466951.0
2022-09-05,JPM,Finance,90.4047,92.0619,89.281,90.7169,13868376.0
2022-09-06,JPM,Finance,89.5451,89.8891,89.4719,89.8473,5508618.0
2022-09-07,JPM,Finance,88.7206,89.7688,87.4012,88.5675,10607320.0
2022-09-08,JPM,Finance,85.7497,85.9302,84.8286,85.8647,4920192.0
2022-09-09,JPM,Finance,84.5979,84.7843,84.2786,84.3833,4036448.0
2022-09-12,JPM,Finance,88.4358,88.8659,86.6678,87.9106,14564383.0
2022-09-13,JPM,Finance,88.3305,90.0949,87.0159,88.8479,4095556.0
2022-09-14,JPM,Finance,91.2101,92.6649,90.3348,91.7704,5711493.0
2022-09-15,JPM,Finance,93.322,93.8262,92.6272,93.0915,5195559.0
2022-09-16,JPM,Finance,92.6205,94.0405,91.6929,91.9454,5410920.0
2022-09-19,JPM,Finance,91.7873,92.2006,90.8316,91.3762,7177657.0
2022-09-20,JPM,Finance,91.8881,93.109,91.008,92.3177,5498057.0
2022-09-21,JPM,Finance,92.4018,93.084,90.2011,93.032,4786807.0
2022-09-22,JPM,Finance,91.8743,92.8482,91.5977,92.1468,6014627.0
2022-09-23,JPM,Finance,89.5948,90.0477,89.4436,89.8091,1808070.0
2022-09-26,JPM,Finance,94.1231,95.1258,93.8726,94.8556,8143117.0
2022-09-27,JPM,Finance,94.7451,95.5491,93.3027,94.6565,4213591.0
2022-09-28,JPM,Finance,94.1623,95.4332,93.4882,94.1607,5523993.0
2022-09-29,JPM,Finance,94.2745,95.4958,92.9952,94.3704,3009229.0
2022-09-30,JPM,Finance,94.3137,94.4165,93.7198,94.0093,3258899.0
2022-10-03,JPM,Finance,93.8105,94.3837,93.4994,94.2336,5588975.0
2022-10-04,JPM,Finance,95.538,96.7118,94.1379,96.3236,2694358.0
2022-10-05,JPM,Finance,96.6098,96.9305,96.0697,96.1485,6574561.0
2022-10-06,JPM,Finance,94.5686,95.4695,93.0409,94.2769,5735291.0
2022-10-07,JPM,Finance,94.2523,94.3726,93.6099,94.0461,6361376.0
2022-10-10,JPM,Finance,92.8748,94.368,92.7722,93.3318,2477410.0
2022-10-11,JPM,Finance,96.0929,96.8325,95.4879,95.619,9930167.0
2022-10-12,JPM,Finance,97.0221,97.8742,96.9368,97.5514,6512310.0
2022-10-13,JPM,Finance,103.2382,103.6862,101.901,102.6366,2789418.0
2022-10-14,JPM,Finance,99.9858,100.4412,99.2177,100.4362,3080372.0
2022-10-17,JPM,Finance,98.5923,100.0888,97.0577,98.3732,2855923.0
2022-10-18,JPM,Finance,98.653,100.0186,97.8257,98.428,4140171.0
2022-10-19,JPM,Finance,98.8775,99.8678,98.2729,99.0203,5589825.0
2022-10-20,JPM,Finance,97.6434,99.0275,97.1344,98.4194,1233324.0
2022-10-21,JPM,Finance,98.0257,98.1016,97.2026,97.6455,2416106.0
2022-10-24,JPM,Finance,97.3217,97.5215,96.5563,96.6908,3522728.0
2022-10-25,JPM,Finance,95.8702,97.1866,95.6014,96.6813,5401961.0
2022-10-26,JPM,Finance,92.3002,93.8378,91.7203,92.7941,5542698.0
2022-10-27,JPM,Finance,91.8128,92.2774,90.0988,91.0846,2587101.0
2022-10-28,JPM,Finance,90.2069,90.9011,89.5017,90.1409,3384119.0
2022-10-31,JPM,Finance,92.0532,93.0263,91.2153,92.0184,5444716.0
2022-11-01,JPM,Finance,90.1249,90.7879,89.6752,90.7729,2027196.0
2022-11-02,JPM,Finance,91.6105,92.3854,90.0485,91.0786,3400554.0
2022-11-03,JPM,Finance,92.0126,92.0743,91.4407,91.4567,11162591.0
2022-11-04,JPM,Finance,93.1117,94.4085,92.5935,93.5021,4756080.0
2022-11-07,JPM,Finance,95.6801,96.0879,94.3314,95.5371,3312665.0
2022-11-08,JPM,Finance,94.9886,95.6018,94.9364,95.4723,2726633.0
2022-11-09,JPM,Finance,94.7764,95.295,92.7747,94.7293,8576113.0
2022-11-10,JPM,Finance,93.2196,93.726,93.1421,93.6886,4391164.0
2022-11-11,JPM,Finance,93.0871,94.0764,91.8736,93.3328,4260119.0
2022-11-14,JPM,Finance,92.6445,93.6222,92.2941,92.6721,4905255.0
2022-11-15,JPM,Finance,92.8492,93.656,92.3876,93.5721,4253403.0
2022-11-16,JPM,Finance,94.1948,95.3699,93.6183,94.2688,3657881.0
2022-11-17,JPM,Finance,95.2394,95.4846,94.7006,95.2455,9648553.0
2022-11-18,JPM,Finance,97.7741,98.5683,95.6437,97.3131,9686632.0
2022-11-21,JPM,Finance,101.2213,102.4836,99.8092,100.424,9587301.0
2022-11-22,JPM,Finance,100.2525,101.6832,99.5503,100.667,3072077.0
2022-11-23,JPM,Finance,102.6161,103.6091,101.7893,102.5788,2740536.0
2022-11-24,JPM,Finance,102.1644,104.0002,101.1077,101.9963,3040591.0
2022-11-25,JPM,Finance,104.6229,105.399,103.1471,104.0816,9446442.0
2022-11-28,JPM,Finance,106.3588,107.3034,105.146,105.9911,11120182.0
2022-11-29,JPM,Finance,107.6471,108.4552,107.2074,107.8399,3729733.0
2022-11-30,JPM,Finance,108.8488,109.1036,107.8024,108.0447,5640518.0
2022-12-01,JPM,Finance,107.5882,108.6011,106.5825,106.8495,3326029.0
2022-12-02,JPM,Finance,104.6569,105.3779,103.883,104.3485,3222600.0
2022-12-05,JPM,Finance,103.8202,104.3378,103.1425,104.3087,6520195.0
2022-12-06,JPM,Finance,106.5808,107.7548,105.8396,107.0584,1931167.0
2022-12-07,JPM,Finance,106.1372,107.5821,105.7292,106.5266,3354160.0
2022-12-08,JPM,Finance,108.0587,109.7221,106.8452,107.9804,3808722.0
2022-12-09,JPM,Finance,108.704,111.4004,107.6387,109.562,5761244.0
2022-12-12,JPM,Finance,109.0858,109.1689,107.573,109.0665,3156578.0
2022-12-13,JPM,Finance,110.7759,113.3321,110.0303,111.5399,4150914.0
2022-12-14,JPM,Finance,106.7548,107.3759,105.0858,106.058,3036055.0
2022-12-15,JPM,Finance,104.0831,105.4147,103.5137,103.8853,9237097.0
2022-12-16,JPM,Finance,102.0398,103.8174,101.743,102.2994,4404307.0
2022-12-19,JPM,Finance,101.5559,103.3093,100.0687,100.9045,8596440.0
2022-12-20,JPM,Finance,101.5926,101.6167,100.8168,101.5116,4909706.0
2022-12-21,JPM,Finance,102.4237,102.8873,101.6462,102.0426,14665159.0
2022-12-22,JPM,Finance,102.9871,104.547,101.1296,102.7566,3650086.0
2022-12-23,JPM,Finance,103.1377,105.1098,102.2228,103.8287,4287729.0
2022-12-26,JPM,Finance,102.4635,103.4619,101.018,102.1829,10734133.0
2022-12-27,JPM,Finance,100.2902,101.629,99.8417,100.0974,13945957.0
2022-12-28,JPM,Finance,100.8304,101.3659,100.0325,100.8018,4951039.0
2022-12-29,JPM,Finance,99.1752,100.6577,98.8677,99.7521,9069182.0
2022-12-30,JPM,Finance,97.1746,98.3275,96.7354,97.1188,8886260.0
2023-01-02,JPM,Finance,97.9127,99.4076,97.2134,98.7517,7953486.0
2023-01-03,JPM,Finance,101.8255,101.8448,99.0618,101.1234,6520691.0
2023-01-04,JPM,Finance,104.707,105.6261,102.7764,103.8306,3963369.0
2023-01-05,JPM,Finance,105.0452,105.3003,103.5733,104.1919,6293622.0
2023-01-06,JPM,Finance,104.5227,107.0516,104.4798,105.3318,13592445.0
2023-01-09,JPM,Finance,108.399,108.8714,106.8728,107.8164,4153311.0
2023-01-10,JPM,Finance,106.0618,107.8848,104.6938,106.6731,6594695.0
2023-01-11,JPM,Finance,108.6023,109.7392,108.1851,108.7192,5398937.0
2023-01-12,JPM,Finance,108.6669,110.6202,107.4462,109.2608,3911247.0
2023-01-13,JPM,Finance,111.4107,112.7202,110.8972,110.9908,5099363.0
2023-01-16,JPM,Finance,110.8358,113.427,109.7938,111.3752,1717704.0
2023-01-17,JPM,Finance,113.913,114.2252,112.0709,113.8629,7528623.0
2023-01-18,JPM,Finance,113.7116,114.6574,113.5836,114.3297,5270656.0
2023-01-19,JPM,Finance,112.0763,112.6309,110.6534,111.4798,4601198.0
2023-01-20,JPM,Finance,114.2324,114.5606,111.5676,114.2648,6315898.0
2023-01-23,JPM,Finance,112.0219,114.0217,111.721,112.4585,2955822.0
2023-01-24,JPM,Finance,114.8667,115.0956,114.0626,114.8879,9582046.0
2023-01-25,JPM,Finance,113.9192,114.8034,112.892,114.7461,3904731.0
2023-01-26,JPM,Finance,117.3699,118.1542,116.5975,117.0745,3051357.0
2023-01-27,JPM,Finance,120.3353,124.4132,119.2132,119.3681,6364873.0
2023-01-30,JPM,Finance,119.5419,120.3372,119.265,120.2768,20284892.0
2023-01-31,JPM,Finance,120.3334,121.8595,119.7149,121.3527,6201603.0
2023-02-01,JPM,Finance,123.028,124.3142,121.5797,122.261,6081043.0
2023-02-02,JPM,Finance,118.9169,119.971,117.2023,118.1121,9609142.0
2023-02-03,JPM,Finance,118.561,119.2131,116.9663,118.3851,12849195.0
2023-02-06,JPM,Finance,115.8617,117.3852,115.7811,116.1745,4162586.0
2023-02-07,JPM,Finance,117.4003,118.109,116.3323,116.5474,4223595.0
2023-02-08,JPM,Finance,113.8199,114.8641,113.1887,114.3179,2129242.0
2023-02-09,JPM,Finance,112.1344,113.87,111.9808,112.0493,8473990.0
2023-02-10,JPM,Finance,114.5046,115.8117,113.8641,115.1401,8792651.0
2023-02-13,JPM,Finance,117.6332,119.7024,117.0394,117.2679,11011660.0
2023-02-14,JPM,Finance,116.4499,117.7998,116.0191,117.2949,16943764.0
2023-02-15,JPM,Finance,118.1815,118.2626,115.6319,117.6985,4645569.0
2023-02-16,JPM,Finance,116.7045,117.5012,116.1884,117.2377,2047392.0
2023-02-17,JPM,Finance,118.0346,119.8391,116.5432,118.4087,7418274.0
2023-02-20,JPM,Finance,117.7092,118.5843,116.9172,117.0834,10378932.0
2023-02-21,JPM,Finance,119.2546,120.221,118.7242,119.0964,5002143.0
2023-02-22,JPM,Finance,118.7115,119.5707,118.4766,118.6198,9373409.0
2023-02-23,JPM,Finance,117.8425,117.9134,117.7096,117.8087,4774930.0
2023-02-24,JPM,Finance,117.9364,118.0704,117.3299,117.8875,6475611.0
2023-02-27,JPM,Finance,117.3497,118.5663,116.294,116.7382,13452031.0
2023-02-28,JPM,Finance,117.6927,117.9821,116.5289,117.4255,4607203.0
2023-03-01,JPM,Finance,116.4261,117.1473,116.3784,116.388,10071554.0
2023-03-02,JPM,Finance,116.7823,117.4804,115.1816,117.35,5441960.0
2023-03-03,JPM,Finance,120.34,121.4803,119.6049,119.811,5783722.0
2023-03-06,JPM,Finance,118.8355,119.6128,116.2057,118.3819,7924541.0
2023-03-07,JPM,Finance,118.4521,118.6236,117.3145,118.1546,3120946.0
2023-03-08,JPM,Finance,118.9859,120.7043,118.9829,119.1167,3355251.0
2023-03-09,JPM,Finance,118.2584,120.0578,117.1057,,7965958.0
2023-03-10,JPM,Finance,115.3947,115.6658,113.9921,114.5081,5248208.0
2023-03-13,JPM,Finance,116.5459,117.5271,114.3922,115.6236,5238046.0
2023-03-14,JPM,Finance,118.1879,119.1066,117.3074,117.7875,6548691.0
2023-03-15,JPM,Finance,117.3679,117.4303,116.1307,116.6094,5543036.0
2023-03-16,JPM,Finance,115.1398,115.615,114.541,114.7755,7340153.0
2023-03-17,JPM,Finance,114.3747,114.4098,113.5061,114.2098,3859843.0
2023-03-20,JPM,Finance,112.4175,112.9521,112.0697,112.3651,4431687.0
2023-03-21,JPM,Finance,113.4983,113.6508,112.7426,113.4771,15001943.0
2023-03-22,JPM,Finance,110.3791,112.4068,109.2589,111.27,5684808.0
2023-03-23,JPM,Finance,116.1538,116.4042,114.718,115.7165,4502550.0
2023-03-24,JPM,Finance,119.0152,119.0936,117.75,118.3005,7186706.0
2023-03-27,JPM,Finance,118.6298,119.6485,117.7674,118.3613,2666017.0
2023-03-28,JPM,Finance,119.8888,121.3537,119.7284,120.1422,5174683.0
2023-03-29,JPM,Finance,117.2448,117.6796,115.0992,116.8352,2860986.0
2023-03-30,JPM,Finance,121.74,122.8213,120.1915,121.8821,2534096.0
2023-03-31,JPM,Finance,121.3383,122.3345,119.9897,120.6958,9244508.0
2023-04-03,JPM,Finance,121.3064,122.5399,118.0954,120.4847,6119057.0
2023-04-04,JPM,Finance,115.9087,118.1822,115.5472,116.7195,5070686.0
2023-04-05,JPM,Finance,118.3447,120.0308,117.1538,117.7194,10660674.0
2023-04-06,JPM,Finance,115.6181,116.0274,115.4777,115.5407,2244306.0
2023-04-07,JPM,Finance,115.2438,116.1607,114.7627,115.775,16473232.0
2023-04-10,JPM,Finance,113.7783,115.255,112.9432,114.7385,3823473.0
2023-04-11,JPM,Finance,112.4065,112.8636,111.6587,112.6707,3916902.0
2023-04-12,JPM,Finance,111.0677,112.4612,110.0412,111.1639,4769228.0
2023-04-13,JPM,Finance,110.7932,111.9292,110.6682,111.6239,5993426.0
2023-04-14,JPM,Finance,110.0458,112.7773,108.5734,109.2256,5798406.0
2023-04-17,JPM,Finance,108.4595,108.5595,106.9764,107.868,6312118.0
2023-04-18,JPM,Finance,109.5513,110.0507,107.6035,109.1166,4571691.0
2023-04-19,JPM,Finance,114.5494,114.6418,112.5164,113.9769,8210097.0
2023-04-20,JPM,Finance,114.2796,116.5035,113.9901,114.9365,6640814.0
2023-04-21,JPM,Finance,113.2078,113.5582,112.8439,113.1787,1621207.0
2023-04-24,JPM,Finance,111.9066,112.849,111.7936,112.5063,5612490.0
2023-04-25,JPM,Finance,113.5044,114.1463,112.5767,112.6005,6145736.0
2023-04-26,JPM,Finance,111.3235,112.1754,111.1629,111.9654,5535576.0
2023-04-27,JPM,Finance,114.2325,114.9832,112.9186,113.7179,9230287.0
2023-04-28,JPM,Finance,114.8076,115.1534,112.2868,114.1724,7398282.0
2023-05-01,JPM,Finance,115.9164,116.8019,115.002,115.9687,3648132.0
2023-05-02,JPM,Finance,115.7695,116.9959,114.6682,115.3836,8817875.0
2023-05-03,JPM,Finance,117.7272,118.6289,116.6723,118.0182,3066573.0
2023-05-04,JPM,Finance,118.5,121.0437,116.2089,117.7196,4452083.0
2023-05-05,JPM,Finance,115.4512,116.5707,113.4292,115.8114,6291348.0
2023-05-08,JPM,Finance,120.5484,120.8214,119.8159,120.1328,7153436.0
2023-05-09,JPM,Finance,116.3415,116.7671,114.3239,116.4418,2948462.0
2023-05-10,JPM,Finance,115.8606,116.2202,114.8337,115.0143,6315707.0
2023-05-11,JPM,Finance,113.0795,115.051,112.476,113.8229,4353405.0
2023-05-12,JPM,Finance,119.1294,120.0486,117.708,,4331157.0
2023-05-15,JPM,Finance,121.3975,124.336,120.7131,122.3925,8412840.0
2023-05-16,JPM,Finance,126.2926,126.9092,124.3815,125.5376,5497325.0
2023-05-17,JPM,Finance,124.7525,127.0301,123.7608,124.8696,4027868.0
2023-05-18,JPM,Finance,130.0209,130.3794,127.1275,130.0573,2371978.0
2023-05-19,JPM,Finance,131.3975,131.5325,130.751,130.9108,3329678.0
2023-05-22,JPM,Finance,133.2851,133.3467,132.1501,133.1249,5568985.0
2023-05-23,JPM,Finance,132.6436,134.7924,131.6682,133.5715,5069193.0
2023-05-24,JPM,Finance,133.4298,133.6753,133.083,133.4993,7110442.0
2023-05-25,JPM,Finance,139.8585,141.3492,139.5461,140.9779,9662073.0
2023-05-26,JPM,Finance,140.6279,141.111,139.3591,140.5178,14392942.0
2023-05-29,JPM,Finance,141.5827,143.2159,139.7657,142.0135,6111713.0
2023-05-30,JPM,Finance,142.076,144.628,141.1883,142.9426,4791054.0
2023-05-31,JPM,Finance,143.256,144.2767,141.1597,142.909,5963451.0
2023-06-01,JPM,Finance,147.3531,147.6033,144.5305,146.6192,5361635.0
2023-06-02,JPM,Finance,138.7963,139.3339,137.8188,139.2685,7309383.0
2023-06-05,JPM,Finance,140.1209,140.9743,138.9172,140.5174,3658242.0
2023-06-06,JPM,Finance,142.8862,143.1495,141.7531,142.2741,5627746.0
2023-06-07,JPM,Finance,145.6595,146.3157,144.214,145.0909,2926268.0
2023-06-08,JPM,Finance,145.9655,148.328,143.5907,144.9744,11511388.0
2023-06-09,JPM,Finance,144.4999,145.9967,142.2678,145.5304,3186323.0
2023-06-12,JPM,Finance,148.0822,148.9947,147.443,148.0133,3897525.0
2023-06-13,JPM,Finance,151.7694,153.2559,151.4665,151.8098,3220037.0
2023-06-14,JPM,Finance,151.8713,154.0764,150.1488,151.0797,7120054.0
2023-06-15,JPM,Finance,152.1106,152.2184,151.0399,151.8107,8048759.0
2023-06-16,JPM,Finance,156.7751,157.6092,153.9185,156.1883,9155775.0
2023-06-19,JPM,Finance,151.4896,153.0244,149.476,150.5954,3644474.0
2023-06-20,JPM,Finance,147.9815,150.5268,144.0807,148.8741,6111380.0
2023-06-21,JPM,Finance,153.9186,155.6063,151.9734,152.6286,8153159.0
2023-06-22,JPM,Finance,155.8134,156.4606,154.0768,155.5092,8403354.0
2023-06-23,JPM,Finance,157.0668,158.6392,154.5714,156.937,5028295.0
2023-06-26,JPM,Finance,157.0371,157.0791,155.0925,155.7872,7315783.0
2023-06-27,JPM,Finance,153.3092,154.232,151.1441,153.4986,8575794.0
2023-06-28,JPM,Finance,152.861,153.8594,151.9361,152.0019,5444676.0
2023-06-29,JPM,Finance,155.9455,157.4007,154.9966,156.0476,4033550.0
2023-06-30,JPM,Finance,155.7183,157.5009,153.6402,154.4273,3251720.0
2023-07-03,JPM,Finance,154.3518,156.2746,154.1651,154.7398,3225014.0
2023-07-04,JPM,Finance,152.8894,153.1621,152.6678,152.8036,4651059.0
2023-07-05,JPM,Finance,155.2142,155.9899,152.9066,155.0387,3339926.0
2023-07-06,JPM,Finance,153.7276,154.0385,149.7881,153.6653,9817937.0
2023-07-07,JPM,Finance,154.0839,154.7555,152.566,153.4564,5942618.0
2023-07-10,JPM,Finance,148.0471,150.3883,146.8803,149.1109,10671558.0
2023-07-11,JPM,Finance,144.1597,145.4548,142.9249,145.066,4403826.0
2023-07-12,JPM,Finance,145.2205,145.3174,144.9224,145.1284,7214637.0
2023-07-13,JPM,Finance,143.0403,143.2848,140.601,141.9025,5315362.0
2023-07-14,JPM,Finance,146.0012,148.8077,143.7308,147.0233,9808770.0
2023-07-17,JPM,Finance,142.4666,143.3926,141.0216,141.9148,2846962.0
2023-07-18,JPM,Finance,139.799,140.798,139.7169,140.027,3322266.0
2023-07-19,JPM,Finance,139.6622,140.1477,137.8191,140.1087,6767469.0
2023-07-20,JPM,Finance,140.3833,141.0111,138.8526,139.2811,2713546.0
2023-07-21,JPM,Finance,136.5379,137.5813,134.3414,136.7085,7529811.0
2023-07-24,JPM,Finance,134.2695,135.4263,133.5459,134.5232,10100188.0
2023-07-25,JPM,Finance,133.1948,133.8206,131.3253,132.2981,1930668.0
2023-07-26,JPM,Finance,131.5233,132.2978,130.2211,131.6929,4938542.0
2023-07-27,JPM,Finance,136.156,137.668,135.2779,136.1023,6233255.0
2023-07-28,JPM,Finance,136.8939,139.859,135.9835,136.3235,4094831.0
2023-07-31,JPM,Finance,138.8212,140.5839,136.915,139.1058,3643410.0
2023-08-01,JPM,Finance,140.3509,141.6115,138.774,140.3464,6782489.0
2023-08-02,JPM,Finance,143.5779,146.1211,140.7947,143.046,3713179.0
2023-08-03,JPM,Finance,137.1678,138.0003,133.8998,136.28,8881276.0
2023-08-04,JPM,Finance,136.4803,136.9273,134.2178,135.6156,4073862.0
2023-08-07,JPM,Finance,138.7815,140.6151,138.1262,138.6698,3864067.0
2023-08-08,JPM,Finance,136.1987,138.0982,134.2966,137.3636,9977793.0
2023-08-09,JPM,Finance,141.5348,142.1072,139.3756,141.5205,5189520.0
2023-08-10,JPM,Finance,145.1296,146.1783,144.8445,145.133,2180941.0
2023-08-11,JPM,Finance,142.8036,145.7617,142.3705,144.0191,5217966.0
2023-08-14,JPM,Finance,142.8404,143.1138,141.1642,142.8304,7705366.0
2023-08-15,JPM,Finance,139.8624,141.2431,139.0315,140.4121,10434713.0
2023-08-16,JPM,Finance,138.1718,139.9133,137.4137,138.9513,8218797.0
2023-08-17,JPM,Finance,135.5186,136.8421,133.2417,136.0814,3543492.0
2023-08-18,JPM,Finance,136.9739,138.2407,135.3147,137.1143,5682835.0
2023-08-21,JPM,Finance,134.2632,134.6624,132.6679,133.7614,6213398.0
2023-08-22,JPM,Finance,134.6413,136.9223,133.7928,135.1744,6985924.0
2023-08-23,JPM,Finance,136.9794,137.672,134.947,136.6583,5962074.0
2023-08-24,JPM,Finance,133.7841,134.4036,132.1914,132.84,3617479.0
2023-08-25,JPM,Finance,135.973,137.0956,135.046,136.3798,3728390.0
2023-08-28,JPM,Finance,137.282,138.2305,137.2553,137.6114,7495119.0
2023-08-29,JPM,Finance,140.0112,141.1291,139.4001,139.4066,2329485.0
2023-08-30,JPM,Finance,137.2999,138.3413,135.7661,137.6504,10667244.0
2023-08-31,JPM,Finance,138.5216,139.3022,137.8568,139.1481,6077078.0
2023-09-01,JPM,Finance,142.7674,143.3022,140.2053,141.8544,4901227.0
2023-09-04,JPM,Finance,141.993,142.1852,140.4292,141.6591,7542917.0
2023-09-05,JPM,Finance,145.4411,147.4618,144.5406,146.5227,2728514.0
2023-09-06,JPM,Finance,146.6507,147.9231,146.5605,146.6764,3046035.0
2023-09-07,JPM,Finance,148.9136,150.8408,148.3429,149.5649,5152041.0
2023-09-08,JPM,Finance,150.0909,151.412,147.2533,150.3548,6770375.0
2023-09-11,JPM,Finance,152.9859,153.7092,150.7598,151.8965,4846340.0
2023-09-12,JPM,Finance,146.4281,147.9157,145.8998,147.6263,5230248.0
2023-09-13,JPM,Finance,147.5448,151.7902,146.9192,148.6018,2766524.0
2023-09-14,JPM,Finance,147.8729,150.4372,144.418,146.7897,5929086.0
2023-09-15,JPM,Finance,145.6971,146.2091,144.0526,144.7216,1820554.0
2023-09-18,JPM,Finance,148.8613,149.2361,147.6919,149.056,5240365.0
2023-09-19,JPM,Finance,148.1006,149.3987,148.0489,148.559,3631085.0
2023-09-20,JPM,Finance,145.792,146.2683,145.2803,146.0697,3815440.0
2023-09-21,JPM,Finance,145.5133,145.5888,144.296,145.2218,2569334.0
2023-09-22,JPM,Finance,140.8935,144.3071,140.0636,142.0548,8658623.0
2023-09-25,JPM,Finance,145.4983,147.5305,144.1027,145.5602,4916738.0
2023-09-26,JPM,Finance,144.835,144.9753,142.8785,143.8824,6232741.0
2023-09-27,JPM,Finance,145.4452,145.8452,144.4359,145.2202,4038210.0
2023-09-28,JPM,Finance,148.6777,151.0101,148.4713,148.6116,2099230.0
2023-09-29,JPM,Finance,147.3423,147.9924,144.2866,147.3926,6038285.0
2023-10-02,JPM,Finance,147.6995,149.0262,145.6943,148.7699,8063977.0
2023-10-03,JPM,Finance,146.2231,147.3399,145.5465,146.2094,3488802.0
2023-10-04,JPM,Finance,152.4494,152.6671,151.7601,152.3323,5443613.0
2023-10-05,JPM,Finance,155.4328,156.414,154.7097,154.8029,19243671.0
2023-10-06,JPM,Finance,154.5947,155.8405,152.8296,154.3425,4289172.0
2023-10-09,JPM,Finance,151.5456,154.5838,150.9971,152.361,15254080.0
2023-10-10,JPM,Finance,151.838,152.2876,150.672,152.1115,4826496.0
2023-10-11,JPM,Finance,152.3856,152.7721,148.4022,151.2779,5881182.0
2023-10-12,JPM,Finance,157.6574,159.597,153.9776,156.3458,4157842.0
2023-10-13,JPM,Finance,153.897,155.4076,153.1104,153.1353,1622341.0
2023-10-16,JPM,Finance,152.5086,155.0669,150.5714,153.5322,3565370.0
2023-10-17,JPM,Finance,154.63,155.608,151.8527,153.5304,6319534.0
2023-10-18,JPM,Finance,154.4691,155.5763,151.602,153.27,10806702.0
2023-10-19,JPM,Finance,153.1722,153.4807,152.4797,153.033,11457629.0
2023-10-20,JPM,Finance,153.8127,155.1738,151.9114,152.7769,7002885.0
2023-10-23,JPM,Finance,156.2166,156.2521,154.8765,155.0903,4751713.0
2023-10-24,JPM,Finance,157.5088,158.8076,156.57,156.7424,4429025.0
2023-10-25,JPM,Finance,157.9088,159.0041,157.5416,157.9057,3201048.0
2023-10-26,JPM,Finance,149.211,151.2824,148.2379,149.8086,13405972.0
2023-10-27,JPM,Finance,150.2648,152.3317,149.2044,150.6171,
2023-10-30,JPM,Finance,145.5738,147.288,144.695,146.423,8077356.0
2023-10-31,JPM,Finance,147.2769,148.9475,145.8811,148.0758,3297824.0
2023-11-01,JPM,Finance,157.7739,158.2436,157.6866,157.755,4465361.0
2023-11-02,JPM,Finance,154.1957,158.7003,153.1225,155.3183,3727106.0
2023-11-03,JPM,Finance,154.3098,154.7681,153.4211,154.6737,9686296.0
2023-11-06,JPM,Finance,153.7043,155.1467,150.6913,153.1441,6772228.0
2023-11-07,JPM,Finance,155.3664,156.5208,155.2436,156.4064,4094275.0
2023-11-08,JPM,Finance,157.9024,157.9146,156.3271,156.706,14668186.0
2023-11-09,JPM,Finance,161.5099,162.1599,160.1192,161.3573,5878220.0
2023-11-10,JPM,Finance,163.2212,167.6363,162.1791,162.5406,3576273.0
2023-11-13,JPM,Finance,163.1422,166.1907,161.3078,163.2593,4883726.0
2023-11-14,JPM,Finance,162.8826,166.4603,162.4499,163.4976,3185782.0
2023-11-15,JPM,Finance,167.2152,169.0474,164.3582,165.8202,3377562.0
2023-11-16,JPM,Finance,161.1573,161.7267,160.351,160.9716,4295040.0
2023-11-17,JPM,Finance,162.4018,162.6007,157.2047,161.2534,3849278.0
2023-11-20,JPM,Finance,162.4061,162.4306,159.6269,161.1097,10413769.0
2023-11-21,JPM,Finance,163.3376,167.4454,162.2714,163.1449,5950028.0
2023-11-22,JPM,Finance,162.8675,165.3815,161.7313,162.6733,5582922.0
2023-11-23,JPM,Finance,159.2537,160.8316,157.1431,159.8495,5100495.0
2023-11-24,JPM,Finance,160.4765,160.7888,158.6122,159.9174,6267557.0
2023-11-27,JPM,Finance,157.753,158.8039,155.7095,157.0216,3016636.0
2023-11-28,JPM,Finance,152.9781,153.6983,151.6985,151.9295,3077458.0
2023-11-29,JPM,Finance,154.6288,154.9692,152.7016,153.8531,5905990.0
2023-11-30,JPM,Finance,156.1663,156.5204,154.2591,155.4138,4032844.0
2023-12-01,JPM,Finance,157.9527,159.8548,156.1258,156.6945,3604400.0
2023-12-04,JPM,Finance,161.2062,163.6784,159.7862,160.2122,2571775.0
2023-12-05,JPM,Finance,157.9821,160.1438,157.1803,158.449,2475662.0
2023-12-06,JPM,Finance,155.6943,156.934,153.8783,154.6416,6414718.0
2023-12-07,JPM,Finance,155.6355,156.552,154.2094,154.5039,4499744.0
2023-12-08,JPM,Finance,153.7457,154.2845,150.5282,153.6375,2729179.0
2023-12-11,JPM,Finance,151.4312,151.9665,150.3888,151.4837,12940921.0
2023-12-12,JPM,Finance,151.7851,154.3253,150.5784,151.3235,3423232.0
2023-12-13,JPM,Finance,148.5811,151.9221,147.4058,149.7955,6264026.0
2023-12-14,JPM,Finance,144.8063,145.8981,144.3424,145.1651,9921382.0
2023-12-15,JPM,Finance,143.615,145.0365,141.3754,144.1199,11224706.0
2023-12-18,JPM,Finance,140.4603,142.832,139.3636,141.3789,3149230.0
2023-12-19,JPM,Finance,141.1655,142.3068,139.8167,141.9781,6426075.0
2023-12-20,JPM,Finance,140.0779,141.8459,139.6703,140.4373,3860015.0
2023-12-21,JPM,Finance,143.9026,145.609,142.1048,143.1334,6536268.0
2023-12-22,JPM,Finance,146.543,148.0772,145.8936,147.0789,4341123.0
2023-12-25,JPM,Finance,148.9921,149.1978,148.4246,148.8217,4885916.0
2023-12-26,JPM,Finance,144.2918,145.6864,143.8792,144.9423,2587102.0
2023-12-27,JPM,Finance,148.1325,149.5451,148.034,148.6947,8014791.0
2023-12-28,JPM,Finance,152.4423,153.3196,152.1159,152.7224,4885820.0
2023-12-29,JPM,Finance,153.1048,153.6555,151.4095,152.817,3485423.0
2024-01-01,JPM,Finance,157.5524,159.4657,156.0283,156.2996,2980205.0
2024-01-02,JPM,Finance,154.2678,156.1889,154.1213,154.8807,4501272.0
2024-01-03,JPM,Finance,150.2861,150.3875,148.6683,150.0134,8347562.0
2024-01-04,JPM,Finance,147.4393,148.5907,146.7357,148.1195,6986083.0
2024-01-05,JPM,Finance,152.9767,154.2388,152.2913,152.5183,3133267.0
2024-01-08,JPM,Finance,147.8806,149.5949,146.1455,148.698,2651332.0
2024-01-09,JPM,Finance,148.0688,151.9579,146.7905,148.7414,10083397.0
2024-01-10,JPM,Finance,149.4172,149.853,148.7732,148.8724,5610886.0
2024-01-11,JPM,Finance,148.8494,149.0889,145.5372,147.6188,2576682.0
2024-01-12,JPM,Finance,147.4028,149.0754,145.6317,146.55,15615786.0
2024-01-15,JPM,Finance,150.117,151.1809,150.0166,151.1705,3415912.0
2024-01-16,JPM,Finance,149.8926,151.978,148.7686,149.7712,3952937.0
2024-01-17,JPM,Finance,146.9216,147.0878,143.8352,146.1954,3836425.0
2024-01-18,JPM,Finance,147.9152,148.0513,146.0954,146.7737,11138274.0
2024-01-19,JPM,Finance,148.8287,149.5773,146.6405,149.4959,2167031.0
2024-01-22,JPM,Finance,152.544,153.3784,148.9859,151.7507,4397958.0
2024-01-23,JPM,Finance,148.9165,152.2025,148.4572,149.7073,10619907.0
2024-01-24,JPM,Finance,147.2378,147.4144,144.8744,146.5678,3002524.0
2024-01-25,JPM,Finance,146.9982,148.2604,145.4525,145.9037,3550469.0
2024-01-26,JPM,Finance,150.784,151.1806,146.7897,149.8361,5947185.0
2024-01-29,JPM,Finance,150.3845,152.5538,150.0804,151.5256,4946473.0
2024-01-30,JPM,Finance,154.5087,155.0389,151.6645,153.3844,1903533.0
2024-01-31,JPM,Finance,155.9588,157.6335,155.5634,155.7507,5125662.0
2024-02-01,JPM,Finance,158.0341,158.3244,156.6693,156.9116,4418240.0
2024-02-02,JPM,Finance,156.9334,158.0969,155.8408,157.2804,5238165.0
2024-02-05,JPM,Finance,159.5278,160.4414,157.414,159.0984,3733077.0
2024-02-06,JPM,Finance,156.7752,157.8366,156.0515,157.6689,6208052.0
2024-02-07,JPM,Finance,153.9698,154.7555,152.5606,153.9249,5534835.0
2024-02-08,JPM,Finance,156.7657,157.5927,154.3462,155.863,6523199.0
2024-02-09,JPM,Finance,160.2151,160.2675,157.4372,159.1894,10369622.0
2024-02-12,JPM,Finance,156.5244,159.0342,154.4206,156.2109,3355858.0
2024-02-13,JPM,Finance,158.6396,160.8724,156.277,158.4405,3916835.0
2024-02-14,JPM,Finance,163.7383,164.7828,162.9391,163.0151,7683945.0
2024-02-15,JPM,Finance,163.7653,164.1728,162.4463,163.0578,4574259.0
2024-02-16,JPM,Finance,159.6816,160.8746,159.4196,160.8392,6722769.0
2024-02-19,JPM,Finance,162.0373,164.9649,160.7819,161.2239,8745350.0
2024-02-20,JPM,Finance,159.5728,160.5297,159.3243,159.7633,5765393.0
2024-02-21,JPM,Finance,157.3259,160.4267,155.5404,158.1362,5431663.0
2024-02-22,JPM,Finance,159.1822,159.5908,157.2739,159.3482,6290617.0
2024-02-23,JPM,Finance,154.226,156.0016,154.031,155.0516,11755480.0
2024-02-26,JPM,Finance,151.1732,151.8817,150.1799,151.2921,11801914.0
2024-02-27,JPM,Finance,151.7007,152.1398,150.3594,151.3871,7928042.0
2024-02-28,JPM,Finance,151.8693,152.4959,149.9921,151.3751,3525990.0
2024-02-29,JPM,Finance,152.8658,156.0073,151.8247,152.3046,6791309.0
2024-03-01,JPM,Finance,156.7836,157.3802,155.8256,157.2056,6484358.0
2024-03-04,JPM,Finance,158.8464,160.2117,156.7937,157.5321,7187536.0
2024-03-05,JPM,Finance,158.3912,159.2796,156.9568,159.1813,4253754.0
2024-03-06,JPM,Finance,155.4234,157.5735,153.0995,156.5892,4564536.0
2024-03-07,JPM,Finance,159.261,159.361,158.441,158.6804,4708142.0
2024-03-08,JPM,Finance,158.0345,159.3593,156.6565,157.308,7432096.0
2024-03-11,JPM,Finance,157.5671,159.5285,156.315,157.5462,7293541.0
2024-03-12,JPM,Finance,158.5062,159.3115,154.8074,157.302,4255292.0
2024-03-13,JPM,Finance,160.7566,161.5473,157.3887,160.1115,4672264.0
2024-03-14,JPM,Finance,155.4255,157.9425,154.8151,156.5939,7873866.0
2024-03-15,JPM,Finance,151.4566,152.0716,149.9735,150.5627,3508960.0
2024-03-18,JPM,Finance,150.4886,150.9999,149.8302,150.0615,8031315.0
2024-03-19,JPM,Finance,151.0794,152.3541,150.9354,151.3018,3411542.0
2024-03-20,JPM,Finance,152.171,153.0041,150.7876,151.7389,5737721.0
2024-03-21,JPM,Finance,155.8343,156.278,153.5349,154.9629,3774100.0
2024-03-22,JPM,Finance,156.6333,156.8346,155.6599,156.1616,1825450.0
2024-03-25,JPM,Finance,155.1895,158.0434,153.4552,154.7116,3612325.0
2024-03-26,JPM,Finance,147.6591,150.3175,147.5738,148.6419,6199351.0
2024-03-27,JPM,Finance,147.1498,148.9173,144.5513,148.0868,3831886.0
2024-03-28,JPM,Finance,151.8743,151.9226,150.5356,150.7191,3424815.0
2024-03-29,JPM,Finance,148.8377,149.9098,148.2666,149.7598,3245249.0
2024-04-01,JPM,Finance,149.4012,150.2252,147.924,149.8769,4346738.0
2024-04-02,JPM,Finance,151.011,153.1238,150.8292,150.9954,4608872.0
2024-04-03,JPM,Finance,149.4821,150.5751,147.394,148.4345,6701587.0
2024-04-04,JPM,Finance,151.0004,1530.48,148.4023,150.0517,6607287.0
2024-04-05,JPM,Finance,155.5709,156.8177,151.9606,154.2728,4396372.0
2024-04-08,JPM,Finance,153.8531,156.41,151.9224,153.8659,1584026.0
2024-04-09,JPM,Finance,151.5972,151.6997,150.5371,150.9587,4465794.0
2024-04-10,JPM,Finance,150.4268,152.2528,149.233,150.8331,4330223.0
2024-04-11,JPM,Finance,144.8628,145.3297,143.7095,145.1747,9093073.0
2024-04-12,JPM,Finance,146.3714,147.9151,144.9921,146.0497,4625614.0
2024-04-15,JPM,Finance,146.3816,148.3635,145.5259,147.2164,2007081.0
2024-04-16,JPM,Finance,152.0049,152.8764,150.0267,151.4542,7482776.0
2024-04-17,JPM,Finance,151.7272,152.4964,150.2104,151.0001,12658931.0
2024-04-18,JPM,Finance,153.3444,155.1142,151.6827,152.094,8361243.0
2024-04-19,JPM,Finance,150.9952,152.3978,148.9069,149.9127,2435676.0
2024-04-22,JPM,Finance,149.4552,150.4604,148.596,149.0493,3570200.0
2024-04-23,JPM,Finance,144.2738,146.3627,142.4834,145.2295,2852975.0
2024-04-24,JPM,Finance,144.1162,145.326,142.2605,144.7921,10618040.0
2024-04-25,JPM,Finance,144.7155,145.1318,143.3733,144.084,13238141.0
2024-04-26,JPM,Finance,145.8221,146.715,142.6314,144.8601,6088008.0
2024-04-29,JPM,Finance,144.0653,146.1765,142.3341,143.3679,3735069.0
2024-04-30,JPM,Finance,142.525,145.7784,141.6836,143.6141,8348995.0
2024-05-01,JPM,Finance,141.7557,144.7488,141.3961,142.8432,3726097.0
2024-05-02,JPM,Finance,141.7624,143.2409,141.1634,142.0811,4380365.0
2024-05-03,JPM,Finance,142.2846,142.6621,141.2312,142.3178,7251390.0
2024-05-06,JPM,Finance,143.148,143.9542,141.7457,142.4585,10728937.0
2024-05-07,JPM,Finance,143.9009,145.0442,143.5212,144.3447,3770797.0
2024-05-08,JPM,Finance,143.6013,144.4003,143.3092,144.0919,7613303.0
2024-05-09,JPM,Finance,142.9332,145.3234,141.7511,143.2781,2645368.0
2024-05-10,JPM,Finance,141.9055,144.1074,141.7097,142.8807,3792348.0
2024-05-13,JPM,Finance,140.1489,141.7714,139.6355,141.1877,
2024-05-14,JPM,Finance,141.1561,142.4049,139.4571,140.3662,3378349.0
2024-05-15,JPM,Finance,144.7652,147.3084,142.9788,145.2551,5648731.0
2024-05-16,JPM,Finance,143.43,144.5089,143.0075,143.0449,3032399.0
2024-05-17,JPM,Finance,142.2029,142.9116,140.6827,142.4102,6663992.0
2024-05-20,JPM,Finance,141.96,143.0339,140.99,141.5148,4176490.0
2024-05-21,JPM,Finance,141.4886,141.6338,140.9007,140.9627,3231858.0
2024-05-22,JPM,Finance,141.0614,141.7785,140.129,140.2112,1730432.0
2024-05-23,JPM,Finance,140.8255,141.8973,140.2615,140.9188,8193614.0
2024-05-24,JPM,Finance,135.8387,137.7211,134.2929,136.8642,3990533.0
2024-05-27,JPM,Finance,140.1955,140.7024,137.1603,139.3184,3114404.0
2024-05-28,JPM,Finance,140.8682,141.061,138.747,140.8584,3199270.0
2024-05-29,JPM,Finance,138.7665,140.3959,136.1956,137.9245,4605174.0
2024-05-30,JPM,Finance,133.6256,134.1634,131.9504,132.6456,8347359.0
2024-05-31,JPM,Finance,129.9032,131.2641,128.9507,130.4821,2910598.0
2024-06-03,JPM,Finance,130.1995,131.3922,129.2186,129.9829,1598366.0
2024-06-04,JPM,Finance,135.5668,135.7416,135.0418,135.7236,4731476.0
2024-06-05,JPM,Finance,137.6423,138.2281,135.5413,137.0178,15157847.0
2024-06-06,JPM,Finance,132.7766,133.8242,132.1178,132.8485,7011065.0
2024-06-07,JPM,Finance,131.3423,131.8265,130.6474,131.3308,3170369.0
2024-06-10,JPM,Finance,132.1193,133.141,131.0594,131.2514,3725708.0
2024-06-11,JPM,Finance,131.0602,133.226,131.0447,131.8568,2436820.0
2024-06-12,JPM,Finance,128.0838,130.4048,127.0494,128.9493,3884247.0
2024-06-13,JPM,Finance,129.6584,130.9117,127.3335,128.692,6219210.0
2024-06-14,JPM,Finance,127.615,128.6999,126.6158,127.1606,5399263.0
2024-06-17,JPM,Finance,124.1911,126.6674,123.1748,124.8127,3888375.0
2024-06-18,JPM,Finance,124.7999,125.5817,124.7558,125.401,6599022.0
2024-06-19,JPM,Finance,126.8256,127.2496,125.1023,127.0884,3447875.0
2024-06-20,JPM,Finance,129.9446,130.5096,128.6906,128.9436,2351687.0
2024-06-21,JPM,Finance,129.3883,132.0517,127.8871,130.2413,8463498.0
2024-06-24,JPM,Finance,128.1022,129.6982,127.7438,129.1792,9874509.0
2024-06-25,JPM,Finance,131.8679,132.5487,130.6502,130.7871,4007037.0
2024-06-26,JPM,Finance,131.7774,132.8733,130.932,131.5135,4971109.0
2024-06-27,JPM,Finance,132.861,132.9483,131.726,131.8524,6511157.0
2024-06-28,JPM,Finance,131.5477,132.4764,129.6134,130.5209,5363905.0
2024-07-01,JPM,Finance,129.6719,130.8253,128.6881,129.4575,10676589.0
2024-07-02,JPM,Finance,129.3815,131.4565,128.3289,129.659,4248989.0
2024-07-03,JPM,Finance,136.0879,136.9779,134.0901,135.0759,3068743.0
2024-07-04,JPM,Finance,136.4499,138.9962,134.4822,135.8081,4418332.0
2024-07-05,JPM,Finance,135.5266,136.4505,133.3429,134.4378,4056909.0
2024-07-08,JPM,Finance,132.4451,133.5589,132.1965,132.5757,2537464.0
2024-07-09,JPM,Finance,130.7407,133.6679,129.962,131.5072,3784345.0
2024-07-10,JPM,Finance,136.7884,137.529,136.3396,136.4142,946188.0
2024-07-11,JPM,Finance,130.606,131.9568,129.248,131.4368,4233810.0
2024-07-12,JPM,Finance,134.2071,135.2995,132.4305,133.5026,5430061.0
2024-07-15,JPM,Finance,132.4025,132.8138,130.5713,132.6895,4482175.0
2024-07-16,JPM,Finance,133.1674,134.6534,132.9837,133.3184,7695480.0
2024-07-17,JPM,Finance,135.3049,136.0678,133.4667,135.1529,1953225.0
2024-07-18,JPM,Finance,134.9962,136.5706,133.5025,133.8794,6442001.0
2024-07-19,JPM,Finance,132.5445,134.0518,132.2789,132.4604,8364806.0
2024-07-22,JPM,Finance,136.1285,137.0807,133.5716,136.2357,5323559.0
2024-07-23,JPM,Finance,138.5965,139.0535,137.6244,138.5568,10046343.0
2024-07-24,JPM,Finance,140.2351,141.3701,138.6847,140.4608,6796828.0
2024-07-25,JPM,Finance,142.4995,143.5486,142.2822,142.3828,8918096.0
2024-07-26,JPM,Finance,143.4452,146.2899,142.9087,143.538,8819422.0
2024-07-29,JPM,Finance,149.0533,150.8038,147.8192,148.5047,3771525.0
2024-07-30,JPM,Finance,148.235,148.921,147.4815,148.6601,4873149.0
2024-07-31,JPM,Finance,149.6872,150.4102,149.3211,150.1636,5216944.0
2024-08-01,JPM,Finance,146.9344,148.6554,144.0344,146.5047,3854855.0
2024-08-02,JPM,Finance,145.0163,146.542,144.4439,144.4941,4269768.0
2024-08-05,JPM,Finance,142.144,142.8679,138.6772,141.5877,4922702.0
2024-08-06,JPM,Finance,144.2907,145.1948,141.8678,144.6969,8774395.0
2024-08-07,JPM,Finance,137.4026,138.6936,133.5772,138.4614,14374884.0
2024-08-08,JPM,Finance,137.2328,139.5453,136.245,137.556,3288991.0
2024-08-09,JPM,Finance,130.3163,130.9457,129.3974,130.5966,7467828.0
2024-08-12,JPM,Finance,129.1236,130.4303,128.7639,128.7902,3268281.0
2024-08-13,JPM,Finance,128.2424,128.6755,127.2159,127.7539,3296738.0
2024-08-14,JPM,Finance,131.2275,132.4562,130.6629,130.8,2837680.0
2024-08-15,JPM,Finance,132.1698,133.4756,130.9453,131.7211,6670657.0
2024-08-16,JPM,Finance,130.379,131.6849,129.0081,129.895,
2024-08-19,JPM,Finance,131.6953,132.7095,130.3423,132.2879,3798706.0
2024-08-20,JPM,Finance,132.9031,133.945,130.9817,132.3677,3130427.0
2024-08-21,JPM,Finance,132.8133,132.9375,131.2564,132.4919,2427199.0
2024-08-22,JPM,Finance,130.56,131.4535,129.758,129.8228,6309238.0
2024-08-23,JPM,Finance,127.4682,129.0878,126.8983,127.6768,9867998.0
2024-08-26,JPM,Finance,125.9125,126.1597,125.1211,125.9242,6466947.0
2024-08-27,JPM,Finance,126.3273,127.7554,125.3976,126.0615,1221751.0
2024-08-28,JPM,Finance,127.2526,127.8275,125.9227,126.2662,6153443.0
2024-08-29,JPM,Finance,129.1863,129.8681,128.2209,129.6185,8203719.0
2024-08-30,JPM,Finance,130.0504,132.8495,129.1157,130.5059,9566953.0
2024-09-02,JPM,Finance,125.2428,125.322,124.1575,124.538,6154156.0
2024-09-03,JPM,Finance,125.1061,126.3183,124.6814,125.1314,2196026.0
2024-09-04,JPM,Finance,122.0997,122.1657,121.6381,122.0844,3345197.0
2024-09-05,JPM,Finance,119.7812,120.815,119.1072,120.1163,8546576.0
2024-09-06,JPM,Finance,119.0159,119.4098,118.0174,118.4939,5259844.0
2024-09-09,JPM,Finance,116.5788,117.3272,115.976,117.1932,2953138.0
2024-09-10,JPM,Finance,114.5667,114.6439,113.357,114.4887,4645319.0
2024-09-11,JPM,Finance,114.3648,1154.371,114.3584,114.919,5362699.0
2024-09-12,JPM,Finance,112.7654,113.0904,111.6662,112.1973,3329847.0
2024-09-13,JPM,Finance,113.1379,113.4434,112.378,112.9113,4749167.0
2024-09-16,JPM,Finance,116.954,118.378,115.1634,117.239,6228782.0
2024-09-17,JPM,Finance,114.9846,117.84,113.3822,114.6247,8356845.0
2024-09-18,JPM,Finance,113.7766,114.386,112.9273,114.1047,3242791.0
2024-09-19,JPM,Finance,108.9835,109.6609,108.1429,109.244,4699271.0
2024-09-20,JPM,Finance,108.5063,108.7687,107.5305,108.7178,3849900.0
2024-09-23,JPM,Finance,110.8112,112.0196,109.7928,109.9383,5811086.0
2024-09-24,JPM,Finance,110.4031,113.0273,110.1669,111.3182,4645282.0
2024-09-25,JPM,Finance,112.3055,112.4265,111.3233,111.498,9138359.0
2024-09-26,JPM,Finance,113.9136,113.9255,112.5747,113.217,5473914.0
2024-09-27,JPM,Finance,118.1514,118.2678,117.166,118.1513,6172484.0
2024-09-30,JPM,Finance,121.3943,121.8591,119.254,121.626,5104015.0
2024-10-01,JPM,Finance,120.9159,122.0117,120.1332,120.5821,2040026.0
2024-10-02,JPM,Finance,116.9111,118.1113,116.2004,117.6437,7037458.0
2024-10-03,JPM,Finance,116.3177,117.4774,114.7346,116.8667,4075275.0
2024-10-04,JPM,Finance,114.6918,116.5156,114.4548,115.0204,5878581.0
2024-10-07,JPM,Finance,116.1855,117.4336,114.9302,115.9374,5836713.0
2024-10-08,JPM,Finance,114.1937,115.2769,113.2108,113.6441,10894712.0
2024-10-09,JPM,Finance,113.175,114.3028,112.5336,113.5375,6895313.0
2024-10-10,JPM,Finance,115.8199,116.3975,113.8345,115.1891,4704479.0
2024-10-11,JPM,Finance,114.2437,115.5254,113.9294,115.0265,3133756.0
2024-10-14,JPM,Finance,114.0475,114.4286,113.1811,113.2105,5594240.0
2024-10-15,JPM,Finance,115.6917,116.4085,114.6648,115.5055,11848456.0
2024-10-16,JPM,Finance,112.5923,113.2823,110.6301,111.8506,5118580.0
2024-10-17,JPM,Finance,111.1233,112.7257,110.6619,111.2608,6249589.0
2024-10-18,JPM,Finance,112.0846,113.1915,111.0577,111.2154,4764808.0
2024-10-21,JPM,Finance,111.2646,111.4783,110.9175,111.2789,4258641.0
2024-10-22,JPM,Finance,110.9061,112.0667,110.0309,111.6537,4685827.0
2024-10-23,JPM,Finance,113.1861,114.6233,112.0206,112.8459,7494114.0
2024-10-24,JPM,Finance,112.8797,113.1635,112.2229,112.8118,4176684.0
2024-10-25,JPM,Finance,112.2189,112.7598,112.016,112.1398,13309978.0
2024-10-28,JPM,Finance,112.0964,112.8998,110.8286,111.3964,9443118.0
2024-10-29,JPM,Finance,111.1758,113.21,109.4141,110.2718,3815128.0
2024-10-30,JPM,Finance,112.6859,113.1141,111.1253,111.7812,2036716.0
2024-10-31,JPM,Finance,110.1627,111.1965,110.0529,110.5862,6271399.0
2024-11-01,JPM,Finance,111.6132,112.8272,110.9246,112.2112,3609559.0
2024-11-04,JPM,Finance,111.5048,112.6535,111.456,112.2811,9650411.0
2024-11-05,JPM,Finance,110.5442,112.2779,110.0695,111.3199,4425266.0
2024-11-06,JPM,Finance,117.096,119.847,115.8575,118.0896,8058754.0
2024-11-07,JPM,Finance,117.0942,117.566,115.3849,116.6646,3309613.0
2024-11-08,JPM,Finance,118.8487,119.1265,117.3823,117.9653,4576868.0
2024-11-11,JPM,Finance,118.5122,121.7606,117.3817,118.4273,2692196.0
2024-11-12,JPM,Finance,117.5515,118.5054,117.0701,117.2623,1669794.0
2024-11-13,JPM,Finance,118.3332,118.7048,118.2951,118.3513,7537733.0
2024-11-14,JPM,Finance,118.4992,120.7894,118.2507,119.4865,5184949.0
2024-11-15,JPM,Finance,121.3551,123.4475,118.8316,121.8736,2564926.0
2024-11-18,JPM,Finance,124.9648,126.4061,122.8422,123.9118,1650544.0
2024-11-19,JPM,Finance,125.6488,125.7871,124.7649,124.9839,4994723.0
2024-11-20,JPM,Finance,122.5362,122.8309,122.0504,122.6256,9564449.0
2024-11-21,JPM,Finance,127.7542,128.6272,127.665,127.7668,4236091.0
2024-11-22,JPM,Finance,124.5686,124.7573,123.6941,124.7564,3097807.0
2024-11-25,JPM,Finance,127.3696,128.1368,126.2648,,5737276.0
2024-11-26,JPM,Finance,126.7622,129.8438,126.1559,127.7748,4554491.0
2024-11-27,JPM,Finance,126.2043,127.1042,124.9569,125.2627,4906106.0
2024-11-28,JPM,Finance,124.0936,125.6842,122.3498,125.0356,6388736.0
2024-11-29,JPM,Finance,124.1193,124.9063,123.7885,124.9057,6903899.0
2024-12-02,JPM,Finance,127.1922,127.8854,126.2271,127.7155,4043263.0
2024-12-03,JPM,Finance,126.958,128.246,125.1753,126.2051,6002259.0
2024-12-04,JPM,Finance,126.0007,126.391,124.3131,125.6809,5483594.0
2024-12-05,JPM,Finance,120.6896,122.2284,118.9923,120.7274,5024594.0
2024-12-06,JPM,Finance,124.7154,125.7234,122.8743,124.324,5866919.0
2024-12-09,JPM,Finance,122.5411,123.4194,121.8785,122.0989,5639121.0
2024-12-10,JPM,Finance,122.0274,124.3698,120.8134,122.8141,7892839.0
2024-12-11,JPM,Finance,121.8892,123.041,120.9676,122.6392,4629946.0
2024-12-12,JPM,Finance,122.2418,123.7072,122.1463,122.4717,3564246.0
2024-12-13,JPM,Finance,124.834,126.3516,122.8612,124.1946,3923063.0
2024-12-16,JPM,Finance,126.8156,127.8814,126.6199,127.7604,11690563.0
2024-12-17,JPM,Finance,128.7426,129.1949,127.4504,128.3449,8024984.0
2024-12-18,JPM,Finance,129.5435,130.2905,127.9415,129.8127,5506189.0
2024-12-19,JPM,Finance,131.5419,132.5348,129.1218,130.5775,2825626.0
2024-12-20,JPM,Finance,132.2083,133.9542,131.8636,132.8754,7339514.0
2024-12-23,JPM,Finance,131.497,131.9802,130.4213,131.8696,2176227.0
2024-12-24,JPM,Finance,134.7904,135.6639,134.1848,134.3199,3026532.0
2024-12-25,JPM,Finance,136.9202,137.5401,135.5793,136.896,5039618.0
2024-12-26,JPM,Finance,138.7496,141.3983,136.7938,139.4563,3257017.0
2024-12-27,JPM,Finance,136.771,138.4549,136.5437,137.9331,4984023.0
2024-12-30,JPM,Finance,137.9859,138.2442,136.7533,137.5798,3678347.0
2024-12-31,JPM,Finance,137.4489,138.2643,136.3215,138.1811,4468166.0
2022-01-03,XOM,Energy,85.3174,86.4243,83.6902,85.0,5114326.0
2022-01-04,XOM,Energy,85.1688,85.2099,84.0058,84.6922,3579493.0
2022-01-05,XOM,Energy,83.0439,86.5637,82.0395,82.7187,7954969.0
2022-01-06,XOM,Energy,81.9343,82.9326,80.4672,82.0754,12503329.0
2022-01-07,XOM,Energy,79.5261,80.6342,78.7562,78.856,4280691.0
2022-01-10,XOM,Energy,81.4077,82.4697,81.1566,81.7368,3766085.0
2022-01-11,XOM,Energy,80.9578,82.5389,80.2953,80.2973,9509435.0
2022-01-12,XOM,Energy,83.0505,84.5874,81.5636,82.7332,3991170.0
2022-01-13,XOM,Energy,82.1459,84.3903,81.0634,82.8096,3029088.0
2022-01-14,XOM,Energy,84.4358,84.4859,83.2985,83.7149,2726931.0
2022-01-17,XOM,Energy,83.262,83.5862,82.8126,82.9542,4179739.0
2022-01-18,XOM,Energy,83.565,83.7876,83.2047,83.2985,3866321.0
2022-01-19,XOM,Energy,83.6445,85.0657,83.5444,84.3447,4492232.0
2022-01-20,XOM,Energy,84.9039,86.0027,84.0177,85.4265,3908743.0
2022-01-21,XOM,Energy,86.6894,87.0801,85.8067,86.7012,9702157.0
2022-01-24,XOM,Energy,86.2772,87.1175,86.098,86.1117,6892899.0
2022-01-25,XOM,Energy,84.9537,86.3868,84.8071,85.343,2534067.0
2022-01-26,XOM,Energy,82.9538,83.6045,81.9542,82.7751,6615026.0
2022-01-27,XOM,Energy,83.8922,84.0054,83.1509,83.6146,9293400.0
2022-01-28,XOM,Energy,84.9815,86.4579,84.8167,,9054246.0
2022-01-31,XOM,Energy,88.8056,88.9307,87.6997,87.9885,2962396.0
2022-02-01,XOM,Energy,87.8957,89.3303,87.4202,88.5163,5528412.0
2022-02-02,XOM,Energy,87.9279,88.3519,87.2425,87.2449,6347113.0
2022-02-03,XOM,Energy,84.0228,84.9198,83.5026,84.4491,5342962.0
2022-02-04,XOM,Energy,86.3699,86.8203,85.2012,86.1374,10457743.0
2022-02-07,XOM,Energy,83.6986,84.4595,83.15,83.2148,4637909.0
2022-02-08,XOM,Energy,82.6733,83.1712,81.945,82.693,3510953.0
2022-02-09,XOM,Energy,82.6246,83.6099,82.0433,82.3571,3475384.0
2022-02-10,XOM,Energy,82.7856,83.7394,81.2354,82.2649,3538983.0
2022-02-11,XOM,Energy,82.2425,82.7666,81.9343,82.3373,8930408.0
2022-02-14,XOM,Energy,82.8077,83.1571,81.4278,82.5699,4078939.0
2022-02-15,XOM,Energy,78.1534,78.9913,78.1393,78.7971,3259818.0
2022-02-16,XOM,Energy,79.3249,80.2083,78.263,78.8348,8001797.0
2022-02-17,XOM,Energy,74.8141,75.875,74.2158,75.511,7888016.0
2022-02-18,XOM,Energy,77.2135,77.7,76.2068,76.5766,9789874.0
2022-02-21,XOM,Energy,75.4137,76.917,75.3042,75.7842,3998084.0
2022-02-22,XOM,Energy,73.1544,73.9959,71.9035,72.6935,4057363.0
2022-02-23,XOM,Energy,71.3567,72.9846,70.6304,71.5834,5786084.0
2022-02-24,XOM,Energy,68.3973,70.1719,67.9153,67.9591,8722274.0
2022-02-25,XOM,Energy,70.0744,71.2018,68.7624,69.5101,1836687.0
2022-02-28,XOM,Energy,69.6574,70.06,69.4247,69.7837,9163269.0
2022-03-01,XOM,Energy,70.9182,71.3812,69.6675,70.2544,3267027.0
2022-03-02,XOM,Energy,72.3137,73.1479,71.6699,71.8452,7250022.0
2022-03-03,XOM,Energy,71.356,72.0448,71.1109,71.7283,4322231.0
2022-03-04,XOM,Energy,72.6606,73.0957,72.3241,72.7705,6752226.0
2022-03-07,XOM,Energy,74.1703,74.7862,73.703,73.7305,3168553.0
2022-03-08,XOM,Energy,72.2284,72.5445,71.1538,71.9431,5330928.0
2022-03-09,XOM,Energy,73.3823,74.3111,72.8167,73.9709,4243590.0
2022-03-10,XOM,Energy,72.1395,72.215,71.4073,71.9896,10116694.0
2022-03-11,XOM,Energy,72.8626,74.133,72.7639,73.2587,2815156.0
2022-03-14,XOM,Energy,70.8629,71.7154,70.7635,71.1618,6322355.0
2022-03-15,XOM,Energy,71.3099,72.47,70.6299,71.9889,5044838.0
2022-03-16,XOM,Energy,74.3832,76.3031,74.2056,74.55,6077614.0
2022-03-17,XOM,Energy,73.961,74.4999,73.6161,74.2633,11545662.0
2022-03-18,XOM,Energy,73.521,74.946,72.6644,73.9164,7076577.0
2022-03-21,XOM,Energy,74.5865,75.1885,73.7893,74.7885,6339119.0
2022-03-22,XOM,Energy,75.0151,75.0516,74.009,74.3354,2114378.0
2022-03-23,XOM,Energy,76.2796,77.0569,75.5251,76.9183,3210960.0
2022-03-24,XOM,Energy,77.87,78.0628,75.8949,77.2146,5666996.0
2022-03-25,XOM,Energy,76.5419,77.2518,75.4349,76.7603,9506043.0
2022-03-28,XOM,Energy,75.8767,76.1003,75.1047,75.9877,2758101.0
2022-03-29,XOM,Energy,75.3505,75.6194,74.2781,74.6559,5050325.0
2022-03-30,XOM,Energy,73.083,74.2991,72.4814,73.7804,4355263.0
2022-03-31,XOM,Energy,73.1869,73.5118,72.2016,73.3036,11611199.0
2022-04-01,XOM,Energy,72.7518,74.1457,72.3382,72.6391,7498738.0
2022-04-04,XOM,Energy,72.1837,73.3889,71.3469,71.7452,3123484.0
2022-04-05,XOM,Energy,74.7946,75.7787,74.5712,74.6206,4889482.0
2022-04-06,XOM,Energy,73.2793,73.7444,72.8825,73.1751,4826884.0
2022-04-07,XOM,Energy,72.8603,73.7502,72.048,73.3936,4333915.0
2022-04-08,XOM,Energy,74.4081,74.984,73.3309,74.2345,5292012.0
2022-04-11,XOM,Energy,75.0265,75.3102,74.46,75.1381,4663413.0
2022-04-12,XOM,Energy,75.1785,75.6573,73.8784,75.0695,7220367.0
2022-04-13,XOM,Energy,74.8943,75.5393,73.0646,74.7412,5064329.0
2022-04-14,XOM,Energy,74.9795,75.6285,74.4731,75.3974,9422257.0
2022-04-15,XOM,Energy,75.9312,76.2093,75.2356,75.7942,5222655.0
2022-04-18,XOM,Energy,75.4881,75.9113,75.4227,75.4365,
2022-04-19,XOM,Energy,73.1692,73.7672,72.9311,73.2129,8590810.0
2022-04-20,XOM,Energy,72.7277,73.3116,72.2209,72.5767,3682248.0
2022-04-21,XOM,Energy,70.7164,71.5582,69.9713,71.0101,6981001.0
2022-04-22,XOM,Energy,70.3596,70.9082,70.1128,70.1242,9740156.0
2022-04-25,XOM,Energy,70.3492,71.1103,69.5028,70.1825,5970623.0
2022-04-26,XOM,Energy,70.7336,71.4403,69.2738,70.6749,2908405.0
2022-04-27,XOM,Energy,72.8848,73.1277,72.6475,73.0799,3817031.0
2022-04-28,XOM,Energy,72.8862,73.6572,72.3117,72.3483,
2022-04-29,XOM,Energy,73.0093,73.6165,72.9489,73.4276,3652637.0
2022-05-02,XOM,Energy,74.2995,75.5423,72.8645,73.8691,3742617.0
2022-05-03,XOM,Energy,76.1994,76.9985,74.8023,75.7028,4850828.0
2022-05-04,XOM,Energy,76.2821,77.4256,75.7192,76.5468,3565885.0
2022-05-05,XOM,Energy,75.7701,76.2785,73.9794,75.0954,6992212.0
2022-05-06,XOM,Energy,73.2881,73.5312,72.6033,72.6519,2286473.0
2022-05-09,XOM,Energy,73.003,73.6278,72.4877,73.0961,4951115.0
2022-05-10,XOM,Energy,68.7037,69.8246,68.3215,68.722,2888150.0
2022-05-11,XOM,Energy,67.0791,67.7813,66.6177,67.4558,3781961.0
2022-05-12,XOM,Energy,66.0413,66.9529,64.765,65.8446,6680462.0
2022-05-13,XOM,Energy,66.6479,66.8137,64.8898,66.0592,4928923.0
2022-05-16,XOM,Energy,68.3136,68.55,67.6376,67.9648,4549181.0
2022-05-17,XOM,Energy,68.0618,68.1647,66.3959,67.4506,4936155.0
2022-05-18,XOM,Energy,68.3269,69.2069,67.981,68.2206,12475298.0
2022-05-19,XOM,Energy,67.5465,68.6526,67.0721,68.1017,9579186.0
2022-05-20,XOM,Energy,65.8948,67.3312,65.607,66.4469,3345688.0
2022-05-23,XOM,Energy,66.8052,69.1505,65.5037,67.3879,10017885.0
2022-05-24,XOM,Energy,66.3419,67.3845,65.4539,65.9998,10221088.0
2022-05-25,XOM,Energy,66.1786,66.3048,64.9172,66.0401,7248535.0
2022-05-26,XOM,Energy,65.4248,66.5031,64.772,65.6248,3345891.0
2022-05-27,XOM,Energy,66.1338,67.0708,65.7432,66.7515,5346317.0
2022-05-30,XOM,Energy,65.5588,65.9741,64.7427,65.4228,12421828.0
2022-05-31,XOM,Energy,66.3277,66.341,65.4942,65.9217,2818250.0
2022-06-01,XOM,Energy,64.5425,65.4991,64.466,64.8831,2732840.0
2022-06-02,XOM,Energy,64.706,65.6155,62.4735,64.2659,9450883.0
2022-06-03,XOM,Energy,60.2502,61.3923,59.7804,59.84,4665309.0
2022-06-06,XOM,Energy,62.7813,64.2992,62.1903,62.2306,4932620.0
2022-06-07,XOM,Energy,63.1203,64.0548,62.398,62.894,6300090.0
2022-06-08,XOM,Energy,61.8297,62.6062,61.2895,61.9897,5003774.0
2022-06-09,XOM,Energy,60.8291,61.3753,60.5309,60.6774,2805803.0
2022-06-10,XOM,Energy,60.1165,61.586,59.974,60.1181,7930601.0
2022-06-13,XOM,Energy,57.5529,57.7459,57.2966,57.3419,6636114.0
2022-06-14,XOM,Energy,55.6539,56.1618,54.7593,55.292,5748115.0
2022-06-15,XOM,Energy,55.0403,55.1883,54.9328,55.1543,2741952.0
2022-06-16,XOM,Energy,56.535,57.7449,56.4342,57.0208,4454520.0
2022-06-17,XOM,Energy,56.1619,56.2498,55.613,55.8037,10694593.0
2022-06-20,XOM,Energy,55.7667,56.5702,55.4085,55.9001,3199193.0
2022-06-21,XOM,Energy,58.5958,58.6187,57.6219,58.2514,3554334.0
2022-06-22,XOM,Energy,59.2253,59.5147,58.1338,58.9627,5522108.0
2022-06-23,XOM,Energy,58.9022,59.1766,58.3228,59.1156,2425399.0
2022-06-24,XOM,Energy,59.2175,60.5209,58.3273,59.6965,2188542.0
2022-06-27,XOM,Energy,59.0141,59.3501,58.918,59.2537,3186847.0
2022-06-28,XOM,Energy,60.6189,60.9128,60.3061,60.7288,1457453.0
2022-06-29,XOM,Energy,60.3302,60.4341,59.2654,60.2801,1842114.0
2022-06-30,XOM,Energy,58.4125,58.4664,56.9544,58.0483,6549057.0
2022-07-01,XOM,Energy,58.1181,58.638,56.8077,57.6283,7955500.0
2022-07-04,XOM,Energy,57.0982,57.7682,56.1051,56.5813,5792363.0
2022-07-05,XOM,Energy,56.1076,56.7351,56.0057,56.2904,4344902.0
2022-07-06,XOM,Energy,56.0576,56.8554,55.9616,56.0245,7907582.0
2022-07-07,XOM,Energy,57.044,57.6904,55.5443,57.3103,5671040.0
2022-07-08,XOM,Energy,57.6478,58.3088,56.9419,58.0789,4095032.0
2022-07-11,XOM,Energy,58.3451,58.6286,57.8095,58.381,3341007.0
2022-07-12,XOM,Energy,58.9272,59.3481,58.0334,58.3894,5008117.0
2022-07-13,XOM,Energy,57.2319,58.6278,56.4545,57.2264,6159392.0
2022-07-14,XOM,Energy,54.8168,55.9314,54.5993,54.8663,4248355.0
2022-07-15,XOM,Energy,55.0985,55.5993,54.6948,54.9952,3468795.0
2022-07-18,XOM,Energy,56.256,57.5404,54.9034,55.8365,6443851.0
2022-07-19,XOM,Energy,55.9897,56.6524,55.7213,55.7328,7569104.0
2022-07-20,XOM,Energy,55.5368,55.6179,54.2392,55.1776,9408233.0
2022-07-21,XOM,Energy,55.2387,56.5401,55.1346,55.6756,2653207.0
2022-07-22,XOM,Energy,56.0542,56.4078,55.3493,55.5985,8654043.0
2022-07-25,XOM,Energy,56.9944,57.8789,56.8466,57.3904,3460473.0
2022-07-26,XOM,Energy,58.9824,60.1674,58.2972,58.7461,8598136.0
2022-07-27,XOM,Energy,59.4119,60.6922,59.4055,59.8288,6182547.0
2022-07-28,XOM,Energy,60.1866,60.8876,59.8787,60.7022,9580881.0
2022-07-29,XOM,Energy,59.0183,59.7374,58.6184,59.2263,4565213.0
2022-08-01,XOM,Energy,60.1962,60.5364,59.6453,59.9842,16779711.0
2022-08-02,XOM,Energy,60.8733,61.6243,60.3357,60.4251,5684405.0
2022-08-03,XOM,Energy,61.1077,61.5452,60.9874,61.1334,9707850.0
2022-08-04,XOM,Energy,61.7866,62.0325,61.2496,61.7178,1926735.0
2022-08-05,XOM,Energy,62.223,62.3804,60.8141,62.2611,5602268.0
2022-08-08,XOM,Energy,65.223,65.5296,64.5831,65.4686,4029177.0
2022-08-09,XOM,Energy,65.1813,66.2144,64.4284,65.3869,3478220.0
2022-08-10,XOM,Energy,66.6698,67.027,66.1654,66.5632,2334311.0
2022-08-11,XOM,Energy,65.6796,66.0939,65.3891,65.9809,5287926.0
2022-08-12,XOM,Energy,67.5827,67.7125,66.5297,66.9852,1153213.0
2022-08-15,XOM,Energy,68.6893,69.5545,67.4683,68.1941,8049404.0
2022-08-16,XOM,Energy,68.6106,69.0284,68.5567,68.68,5080936.0
2022-08-17,XOM,Energy,71.087,71.8193,70.3755,70.8719,5278738.0
2022-08-18,XOM,Energy,69.8223,69.947,69.4201,69.6954,8309223.0
2022-08-19,XOM,Energy,69.4074,70.37,68.3837,69.0641,5009424.0
2022-08-22,XOM,Energy,68.7508,69.5149,68.1373,69.3566,6398071.0
2022-08-23,XOM,Energy,70.0969,71.1717,69.995,70.5312,5665512.0
2022-08-24,XOM,Energy,70.4416,70.7994,69.4113,70.7858,4369146.0
2022-08-25,XOM,Energy,72.5949,72.7691,72.0256,72.5292,6193445.0
2022-08-26,XOM,Energy,72.2246,72.6501,70.8394,71.6318,
2022-08-29,XOM,Energy,70.3731,70.4831,70.0919,70.0938,4158487.0
2022-08-30,XOM,Energy,70.6718,71.4197,69.8726,70.5182,2387820.0
2022-08-31,XOM,Energy,71.0206,71.2284,69.7342,70.4289,7369771.0
2022-09-01,XOM,Energy,70.9292,71.4912,70.863,71.1694,9042449.0
2022-09-02,XOM,Energy,71.3275,72.5558,70.9563,71.1466,3366296.0
2022-09-05,XOM,Energy,70.2376,70.8422,69.8128,70.7012,6672807.0
2022-09-06,XOM,Energy,71.04,71.5234,69.7999,70.6147,7670686.0
2022-09-07,XOM,Energy,70.3611,71.1345,69.7294,70.6675,6524054.0
2022-09-08,XOM,Energy,70.2989,71.1106,70.1721,70.2721,5995438.0
2022-09-09,XOM,Energy,69.7938,70.0674,69.7407,70.015,5028411.0
2022-09-12,XOM,Energy,70.0551,70.5014,68.6669,69.4921,3117851.0
2022-09-13,XOM,Energy,70.6141,70.6912,69.0433,70.6371,5962224.0
2022-09-14,XOM,Energy,70.6341,71.0555,70.0917,70.9116,4390879.0
2022-09-15,XOM,Energy,74.5284,75.2251,73.3483,73.9663,6091217.0
2022-09-16,XOM,Energy,74.7893,75.1603,72.8187,74.207,6589029.0
2022-09-19,XOM,Energy,73.4352,74.2656,73.3301,73.4452,3818208.0
2022-09-20,XOM,Energy,77.1193,77.8734,76.0445,77.1867,4128051.0
2022-09-21,XOM,Energy,77.7808,77.9756,76.7818,77.8087,2747948.0
2022-09-22,XOM,Energy,79.7785,81.0386,78.5908,79.288,2408737.0
2022-09-23,XOM,Energy,80.478,81.4487,79.4721,80.1959,2332370.0
2022-09-26,XOM,Energy,81.6951,81.7978,80.858,81.1612,9129416.0
2022-09-27,XOM,Energy,82.1415,82.8112,81.1491,82.0035,7669915.0
2022-09-28,XOM,Energy,79.8715,80.6651,79.8432,80.3027,2499498.0
2022-09-29,XOM,Energy,80.4242,81.4732,79.8201,80.8796,6885831.0
2022-09-30,XOM,Energy,79.5884,80.8531,78.4084,78.8598,9967331.0
2022-10-03,XOM,Energy,78.9926,80.1041,78.4649,78.6143,2454986.0
2022-10-04,XOM,Energy,77.6578,79.4656,77.1397,77.5462,5155151.0
2022-10-05,XOM,Energy,78.1658,78.5067,77.4334,78.0884,2722815.0
2022-10-06,XOM,Energy,78.2693,80.4987,77.2461,78.5998,2167042.0
2022-10-07,XOM,Energy,79.4549,80.5122,78.3605,79.334,8045640.0
2022-10-10,XOM,Energy,79.2264,80.9727,79.1838,79.7829,4771324.0
2022-10-11,XOM,Energy,78.1589,79.4395,77.2382,78.879,4758828.0
2022-10-12,XOM,Energy,79.1198,79.6314,78.0094,78.5036,8211138.0
2022-10-13,XOM,Energy,84.4939,84.9201,83.6475,83.8174,13838565.0
2022-10-14,XOM,Energy,85.813,86.1517,85.0863,85.5347,3774919.0
2022-10-17,XOM,Energy,83.6397,85.4622,83.3595,83.6881,4139202.0
2022-10-18,XOM,Energy,81.1449,81.394,80.6124,81.2706,5344441.0
2022-10-19,XOM,Energy,79.6086,80.3746,78.019,80.1644,5332404.0
2022-10-20,XOM,Energy,82.4136,83.3733,81.5787,81.7724,2841800.0
2022-10-21,XOM,Energy,84.157,84.8141,82.5353,83.6763,2429240.0
2022-10-24,XOM,Energy,82.2451,82.6223,81.8298,82.2229,6262307.0
2022-10-25,XOM,Energy,83.264,84.1357,82.2399,82.7194,7053898.0
2022-10-26,XOM,Energy,86.3485,87.0243,85.5908,85.6191,4339001.0
2022-10-27,XOM,Energy,86.5541,87.2777,85.8611,86.3118,5203503.0
2022-10-28,XOM,Energy,88.0948,88.9355,86.5,88.6602,9913328.0
2022-10-31,XOM,Energy,90.6812,91.8478,89.9068,90.3604,6157677.0
2022-11-01,XOM,Energy,89.1301,89.2967,87.9071,88.8158,7116990.0
2022-11-02,XOM,Energy,88.572,90.0685,88.0454,88.5129,3688498.0
2022-11-03,XOM,Energy,88.7952,89.1373,88.1872,88.5891,1874894.0
2022-11-04,XOM,Energy,88.3024,88.9883,87.4263,88.7821,5273584.0
2022-11-07,XOM,Energy,89.7,90.8905,89.0876,90.3456,11440440.0
2022-11-08,XOM,Energy,90.7316,91.2769,90.5161,91.0652,4625263.0
2022-11-09,XOM,Energy,85.6867,86.2672,85.6621,86.003,2682348.0
2022-11-10,XOM,Energy,83.0968,84.1884,82.953,83.875,2988017.0
2022-11-11,XOM,Energy,80.3649,81.4738,79.3459,80.4059,5712916.0
2022-11-14,XOM,Energy,80.2151,80.9665,79.8158,80.6899,4007146.0
2022-11-15,XOM,Energy,80.3378,81.2585,79.5384,81.0747,5719031.0
2022-11-16,XOM,Energy,81.658,81.6752,81.5152,81.5272,
2022-11-17,XOM,Energy,79.56,80.7893,79.5023,80.0581,4113925.0
2022-11-18,XOM,Energy,81.227,81.9244,80.6361,81.0996,3211094.0
2022-11-21,XOM,Energy,82.5047,82.7012,81.9152,82.2195,7209569.0
2022-11-22,XOM,Energy,80.6577,80.9952,79.6107,80.2752,2926854.0
2022-11-23,XOM,Energy,77.4765,78.1607,76.8609,78.0552,13362537.0
2022-11-24,XOM,Energy,77.4691,78.6652,76.9916,78.0706,3250248.0
2022-11-25,XOM,Energy,81.0352,81.5354,79.8675,80.744,4208085.0
2022-11-28,XOM,Energy,83.1942,83.8873,83.193,83.3678,4059602.0
2022-11-29,XOM,Energy,84.7396,85.0516,82.9786,84.2769,5648328.0
2022-11-30,XOM,Energy,82.481,84.1918,81.8189,83.1249,6139180.0
2022-12-01,XOM,Energy,83.9387,84.5498,83.4403,84.5421,4563257.0
2022-12-02,XOM,Energy,84.4326,85.6884,83.165,83.8323,5670256.0
2022-12-05,XOM,Energy,83.3689,83.7519,82.5249,82.6266,24963419.0
2022-12-06,XOM,Energy,78.8063,80.1741,77.4797,79.2773,4685304.0
2022-12-07,XOM,Energy,79.5209,79.5524,78.4463,79.4474,6200976.0
2022-12-08,XOM,Energy,78.0774,79.2259,77.3233,78.5125,8613246.0
2022-12-09,XOM,Energy,78.3666,78.9219,78.208,78.672,5982581.0
2022-12-12,XOM,Energy,75.1006,75.4271,74.8069,75.2508,4803617.0
2022-12-13,XOM,Energy,75.2646,75.6471,74.8928,75.5086,3846999.0
2022-12-14,XOM,Energy,71.7288,72.6422,70.5273,72.0359,1869910.0
2022-12-15,XOM,Energy,73.5446,74.5718,73.21,73.5393,6306464.0
2022-12-16,XOM,Energy,74.7043,74.7439,74.2305,74.2832,8429193.0
2022-12-19,XOM,Energy,74.592,74.6945,72.8286,73.9048,10596619.0
2022-12-20,XOM,Energy,75.0709,75.5094,74.3569,74.7097,3475385.0
2022-12-21,XOM,Energy,72.8278,74.1846,72.0887,73.3363,2496269.0
2022-12-22,XOM,Energy,74.1011,74.3067,72.1331,73.4518,7892976.0
2022-12-23,XOM,Energy,74.4401,74.5948,73.9166,74.5757,3444674.0
2022-12-26,XOM,Energy,70.4227,71.8507,70.1966,70.2062,5123624.0
2022-12-27,XOM,Energy,69.215,70.0646,68.6719,69.6237,14183819.0
2022-12-28,XOM,Energy,69.7211,70.372,68.6882,69.6077,5540831.0
2022-12-29,XOM,Energy,68.9579,70.1587,68.6754,69.362,5464814.0
2022-12-30,XOM,Energy,70.9058,71.7364,70.5997,71.2961,3697729.0
2023-01-02,XOM,Energy,69.2081,70.8015,69.1021,69.7879,8404819.0
2023-01-03,XOM,Energy,68.7569,69.8251,68.127,68.9782,1830467.0
2023-01-04,XOM,Energy,66.5417,66.8884,66.0344,66.4811,8705383.0
2023-01-05,XOM,Energy,68.135,69.2022,68.0674,68.4021,13829617.0
2023-01-06,XOM,Energy,67.7223,68.6272,67.2262,68.0957,9509431.0
2023-01-09,XOM,Energy,68.0853,68.4189,67.1028,67.5421,5330725.0
2023-01-10,XOM,Energy,67.5548,68.0785,66.7956,67.4883,4197372.0
2023-01-11,XOM,Energy,67.6742,69.2927,67.6047,68.3176,5905823.0
2023-01-12,XOM,Energy,69.2172,69.4305,68.5314,68.7821,2998884.0
2023-01-13,XOM,Energy,71.5896,72.5796,71.0851,72.2563,11895481.0
2023-01-16,XOM,Energy,72.3321,73.0561,71.0565,72.894,5673947.0
2023-01-17,XOM,Energy,72.9131,73.2124,71.806,72.2642,4541631.0
2023-01-18,XOM,Energy,72.0525,72.4225,70.7087,71.5079,3215144.0
2023-01-19,XOM,Energy,71.3074,71.3869,70.2872,70.9886,3682093.0
2023-01-20,XOM,Energy,68.9575,69.3671,68.2304,68.9771,5958731.0
2023-01-23,XOM,Energy,69.4086,70.0474,68.5995,69.0432,1765090.0
2023-01-24,XOM,Energy,70.6444,71.5455,70.0543,70.0847,8429443.0
2023-01-25,XOM,Energy,69.0967,70.0574,68.5146,69.282,9951260.0
2023-01-26,XOM,Energy,67.9877,68.3634,67.9172,68.233,2514874.0
2023-01-27,XOM,Energy,69.6371,70.3273,68.3727,70.212,1918008.0
2023-01-30,XOM,Energy,68.8484,68.871,67.74,68.3231,4322978.0
2023-01-31,XOM,Energy,65.9378,66.153,65.0711,65.6524,9162056.0
2023-02-01,XOM,Energy,64.4962,64.9834,63.5046,64.2274,7130282.0
2023-02-02,XOM,Energy,62.4494,62.6731,62.2307,62.3605,4983517.0
2023-02-03,XOM,Energy,63.1038,63.118,62.5965,62.8305,4851977.0
2023-02-06,XOM,Energy,61.8978,62.5882,61.8417,62.4125,6071313.0
2023-02-07,XOM,Energy,61.9499,63.9243,61.724,62.1645,2129736.0
2023-02-08,XOM,Energy,63.174,63.6869,62.8931,63.5387,3817418.0
2023-02-09,XOM,Energy,63.0038,63.0886,62.5254,62.7168,3457302.0
2023-02-10,XOM,Energy,63.9908,64.5235,62.9963,63.6529,5759507.0
2023-02-13,XOM,Energy,65.0947,65.5922,64.9183,65.4935,6792699.0
2023-02-14,XOM,Energy,64.4832,65.2626,64.0318,64.9395,5946656.0
2023-02-15,XOM,Energy,66.0699,66.5058,65.5196,65.8619,4598931.0
2023-02-16,XOM,Energy,65.9837,66.2497,64.8872,65.5725,4014163.0
2023-02-17,XOM,Energy,66.3548,68.3116,66.2369,66.7369,3122991.0
2023-02-20,XOM,Energy,64.2408,65.4193,64.0475,64.7576,2868689.0
2023-02-21,XOM,Energy,62.3598,62.9512,62.2812,62.7459,8632923.0
2023-02-22,XOM,Energy,61.7465,63.0793,61.6584,62.292,4784399.0
2023-02-23,XOM,Energy,61.6714,62.7058,60.9759,61.2524,7423374.0
2023-02-24,XOM,Energy,61.0297,62.1582,60.381,60.6633,1851830.0
2023-02-27,XOM,Energy,60.5015,60.9794,60.1937,60.4224,2226688.0
2023-02-28,XOM,Energy,61.0059,61.4728,60.5577,61.2611,4199695.0
2023-03-01,XOM,Energy,61.0853,61.6817,60.6322,60.7988,2690111.0
2023-03-02,XOM,Energy,59.4212,60.0434,58.8546,59.8593,2594977.0
2023-03-03,XOM,Energy,59.4426,59.7494,59.3249,59.4715,5615413.0
2023-03-06,XOM,Energy,58.0788,58.8689,57.9921,58.6143,5140641.0
2023-03-07,XOM,Energy,57.5534,57.7187,56.5548,57.5858,2085538.0
2023-03-08,XOM,Energy,55.3982,55.9311,55.0608,55.8325,5687261.0
2023-03-09,XOM,Energy,55.5277,56.6083,55.522,55.9173,4902052.0
2023-03-10,XOM,Energy,53.2374,53.8719,52.9198,53.0876,3712575.0
2023-03-13,XOM,Energy,54.1851,54.2565,53.0495,54.0729,7071118.0
2023-03-14,XOM,Energy,52.9919,53.1617,52.5057,52.5967,9868263.0
2023-03-15,XOM,Energy,51.8804,52.0876,51.093,52.0655,3328306.0
2023-03-16,XOM,Energy,54.2944,54.6249,53.3442,53.8693,4049322.0
2023-03-17,XOM,Energy,52.4315,52.986,51.971,52.9184,4871492.0
2023-03-20,XOM,Energy,52.3848,52.8092,51.8084,52.6911,2824120.0
2023-03-21,XOM,Energy,51.8059,52.0449,51.4503,51.4844,8673004.0
2023-03-22,XOM,Energy,50.569,50.7979,49.8345,50.1757,3885514.0
2023-03-23,XOM,Energy,51.4359,51.8077,50.7354,51.6608,6512415.0
2023-03-24,XOM,Energy,51.8362,51.8545,51.8049,51.8391,5644806.0
2023-03-27,XOM,Energy,52.1262,52.4194,51.6342,51.9811,3412042.0
2023-03-28,XOM,Energy,49.9214,50.4507,49.9185,50.3161,3994008.0
2023-03-29,XOM,Energy,50.3424,51.1352,49.8274,50.6692,6948921.0
2023-03-30,XOM,Energy,51.6559,52.9873,51.3962,51.7936,6828783.0
2023-03-31,XOM,Energy,52.7856,53.9104,52.0198,52.9351,4554919.0
2023-04-03,XOM,Energy,53.1705,54.067,52.8821,53.6179,3866017.0
2023-04-04,XOM,Energy,52.2124,52.9975,52.1617,52.4779,5838927.0
2023-04-05,XOM,Energy,52.597,52.861,52.4891,52.8006,3313362.0
2023-04-06,XOM,Energy,53.1755,54.2245,53.1665,53.4809,6372599.0
2023-04-07,XOM,Energy,52.057,52.5024,51.4788,51.6682,4441663.0
2023-04-10,XOM,Energy,50.8418,51.1845,50.3897,50.5778,5654903.0
2023-04-11,XOM,Energy,51.253,51.9834,51.2018,51.4414,3867830.0
2023-04-12,XOM,Energy,52.6515,53.3188,51.9765,52.3079,3165007.0
2023-04-13,XOM,Energy,50.7728,51.3238,49.4424,50.7794,1854052.0
2023-04-14,XOM,Energy,51.2384,51.8148,50.9832,51.5565,10061377.0
2023-04-17,XOM,Energy,51.666,52.0129,51.5377,51.6602,4887185.0
2023-04-18,XOM,Energy,52.7745,52.7848,52.4292,52.4371,5757077.0
2023-04-19,XOM,Energy,52.2778,53.2003,50.7343,51.8155,9114242.0
2023-04-20,XOM,Energy,52.1917,53.1014,51.8002,52.461,2286427.0
2023-04-21,XOM,Energy,53.3653,53.6181,52.4209,53.3126,4335730.0
2023-04-24,XOM,Energy,52.5128,53.2051,51.7163,52.9674,6031701.0
2023-04-25,XOM,Energy,52.6894,53.2247,52.4118,52.9958,4576744.0
2023-04-26,XOM,Energy,52.8063,53.0907,52.0656,52.3534,1518354.0
2023-04-27,XOM,Energy,53.8583,54.1654,53.8264,54.0068,4640310.0
2023-04-28,XOM,Energy,53.7475,55.208,53.6068,53.8942,4928613.0
2023-05-01,XOM,Energy,52.9814,52.9899,52.7823,52.9608,6950739.0
2023-05-02,XOM,Energy,52.7441,52.8577,51.2156,52.2511,9758620.0
2023-05-03,XOM,Energy,52.4262,52.7531,51.5532,52.3874,3367265.0
2023-05-04,XOM,Energy,52.9111,53.3262,52.6607,53.1477,5104327.0
2023-05-05,XOM,Energy,52.2297,52.5793,50.9878,51.8094,2502123.0
2023-05-08,XOM,Energy,53.6033,54.627,53.1742,53.6386,4004241.0
2023-05-09,XOM,Energy,53.6768,54.0335,53.6519,53.9639,9365671.0
2023-05-10,XOM,Energy,54.036,55.4713,53.7395,54.453,8914703.0
2023-05-11,XOM,Energy,53.9126,54.8953,53.3037,54.3633,14267746.0
2023-05-12,XOM,Energy,54.6514,54.8078,53.9842,54.3941,2840868.0
2023-05-15,XOM,Energy,54.0542,54.6656,53.2014,54.2517,4406134.0
2023-05-16,XOM,Energy,55.2243,56.5947,55.1525,55.3117,9487509.0
2023-05-17,XOM,Energy,55.0996,55.5882,54.8873,55.3144,12288273.0
2023-05-18,XOM,Energy,55.6611,56.5863,55.3379,56.1316,5099063.0
2023-05-19,XOM,Energy,55.182,56.4959,54.7136,55.6801,6303296.0
2023-05-22,XOM,Energy,55.5152,56.0489,55.454,55.8982,12196974.0
2023-05-23,XOM,Energy,54.6499,55.6629,53.8088,55.0556,7442108.0
2023-05-24,XOM,Energy,56.3617,56.3773,56.3364,56.3392,5738302.0
2023-05-25,XOM,Energy,58.4089,59.5844,58.3395,58.8383,11330412.0
2023-05-26,XOM,Energy,58.4517,58.944,58.4117,58.4868,3151306.0
2023-05-29,XOM,Energy,57.6861,58.7236,57.3253,58.1485,17313905.0
2023-05-30,XOM,Energy,58.2328,58.8872,57.2192,57.769,5985257.0
2023-05-31,XOM,Energy,58.5028,59.3002,57.9413,58.5736,4432265.0
2023-06-01,XOM,Energy,58.7325,58.8841,58.0098,58.2329,7842576.0
2023-06-02,XOM,Energy,60.0538,60.8848,59.6485,59.7868,4598003.0
2023-06-05,XOM,Energy,59.0877,59.7102,58.1307,58.8691,8755184.0
2023-06-06,XOM,Energy,58.782,59.6955,58.45,59.0703,2336657.0
2023-06-07,XOM,Energy,58.5629,58.8575,58.1403,58.2114,4330799.0
2023-06-08,XOM,Energy,58.6207,58.8538,58.5314,58.6886,4157092.0
2023-06-09,XOM,Energy,58.2934,59.5695,58.195,58.6826,9952827.0
2023-06-12,XOM,Energy,58.0492,59.065,57.4772,58.5214,2024386.0
2023-06-13,XOM,Energy,60.1007,60.18,59.2474,59.8546,7279860.0
2023-06-14,XOM,Energy,58.7966,59.6201,58.784,59.1225,6926528.0
2023-06-15,XOM,Energy,59.348,60.0561,59.0328,59.7931,6908410.0
2023-06-16,XOM,Energy,58.7601,58.98,58.3441,58.9315,10740143.0
2023-06-19,XOM,Energy,59.1383,59.7654,58.8911,59.0695,8383466.0
2023-06-20,XOM,Energy,58.1868,58.8501,57.5734,57.7395,5683790.0
2023-06-21,XOM,Energy,57.2401,57.5563,56.2051,57.0242,4065468.0
2023-06-22,XOM,Energy,57.0877,57.8769,56.8214,56.9466,5653088.0
2023-06-23,XOM,Energy,58.6334,59.2341,58.4255,58.9214,5217732.0
2023-06-26,XOM,Energy,59.593,60.0553,58.876,59.046,3639357.0
2023-06-27,XOM,Energy,61.4383,61.8722,60.7555,60.9142,4252456.0
2023-06-28,XOM,Energy,61.089,62.1824,60.2252,61.1814,6266938.0
2023-06-29,XOM,Energy,61.2227,61.3516,60.0398,60.7436,1836153.0
2023-06-30,XOM,Energy,62.773,63.4369,61.613,62.5324,2045963.0
2023-07-03,XOM,Energy,62.7471,63.6683,61.6004,63.0641,4033217.0
2023-07-04,XOM,Energy,62.5931,62.9333,61.5492,62.3066,10320003.0
2023-07-05,XOM,Energy,63.0315,63.0991,61.5749,62.8762,4112880.0
2023-07-06,XOM,Energy,63.0227,63.8328,62.3598,62.5392,3883075.0
2023-07-07,XOM,Energy,60.0447,60.2341,59.2577,60.1882,5818038.0
2023-07-10,XOM,Energy,61.1986,61.5686,60.2986,61.2706,10143263.0
2023-07-11,XOM,Energy,62.3153,62.5965,62.2877,62.5575,3150240.0
2023-07-12,XOM,Energy,64.79,64.8672,64.3805,64.7546,5301333.0
2023-07-13,XOM,Energy,65.314,65.4652,65.0546,65.2869,2892128.0
2023-07-14,XOM,Energy,65.0966,65.6069,64.1426,64.9915,3777865.0
2023-07-17,XOM,Energy,66.3211,67.384,65.9172,66.0355,4526064.0
2023-07-18,XOM,Energy,66.6851,67.5086,66.2396,67.115,7643385.0
2023-07-19,XOM,Energy,69.3306,69.3729,68.7701,69.2175,3166426.0
2023-07-20,XOM,Energy,69.7253,70.9523,68.145,69.1727,1650034.0
2023-07-21,XOM,Energy,68.6063,69.4478,67.8632,68.9689,8110859.0
2023-07-24,XOM,Energy,67.754,68.3441,67.5103,68.045,7390182.0
2023-07-25,XOM,Energy,68.3597,69.0312,67.7972,68.7535,2086199.0
2023-07-26,XOM,Energy,66.6767,67.0195,66.0864,66.7447,5681514.0
2023-07-27,XOM,Energy,67.7774,68.3291,67.0065,67.7423,3388801.0
2023-07-28,XOM,Energy,68.6739,69.235,68.4399,68.5124,23222143.0
2023-07-31,XOM,Energy,69.1781,70.7209,68.9406,69.2878,10011583.0
2023-08-01,XOM,Energy,69.1791,69.6667,68.4942,69.4836,11827413.0
2023-08-02,XOM,Energy,71.8187,72.7848,71.3329,71.5213,5615193.0
2023-08-03,XOM,Energy,73.027,73.1734,72.2302,72.7206,5093596.0
2023-08-04,XOM,Energy,72.1055,72.6039,71.6027,71.8963,2884385.0
2023-08-07,XOM,Energy,71.6871,72.611,70.9299,71.1059,4297573.0
2023-08-08,XOM,Energy,70.5462,70.985,69.6489,69.9316,6089601.0
2023-08-09,XOM,Energy,70.027,70.767,69.9701,,1417959.0
2023-08-10,XOM,Energy,69.7971,69.8081,69.2413,69.3492,3329128.0
2023-08-11,XOM,Energy,70.6234,71.6886,69.9222,70.7906,3800037.0
2023-08-14,XOM,Energy,72.7778,73.1132,72.5719,72.5841,7601597.0
2023-08-15,XOM,Energy,71.1124,71.6022,70.8896,71.3864,4850078.0
2023-08-16,XOM,Energy,70.8664,71.2776,69.9404,71.149,6436171.0
2023-08-17,XOM,Energy,71.1254,72.1437,70.5499,71.1857,6539431.0
2023-08-18,XOM,Energy,72.3772,73.5335,71.8029,72.3956,11053776.0
2023-08-21,XOM,Energy,74.0936,76.819,72.981,74.6237,3951788.0
2023-08-22,XOM,Energy,71.7752,73.2185,70.468,72.2489,5969385.0
2023-08-23,XOM,Energy,71.8119,72.248,70.9778,71.8265,4126650.0
2023-08-24,XOM,Energy,71.9743,72.0661,70.0452,71.4779,4340395.0
2023-08-25,XOM,Energy,69.9096,70.1141,68.9939,69.5899,2456170.0
2023-08-28,XOM,Energy,69.5158,70.8069,68.2603,68.9624,7525795.0
2023-08-29,XOM,Energy,69.1206,70.0389,68.5479,69.5367,7072300.0
2023-08-30,XOM,Energy,68.6776,69.9583,67.6585,69.1825,2486990.0
2023-08-31,XOM,Energy,66.899,67.4976,66.7788,67.1659,2352315.0
2023-09-01,XOM,Energy,70.9522,71.4516,69.4041,70.8471,18258398.0
2023-09-04,XOM,Energy,70.9686,71.4986,70.5518,71.2196,7646124.0
2023-09-05,XOM,Energy,70.7809,71.9728,69.8027,71.385,9431717.0
2023-09-06,XOM,Energy,70.2673,70.501,69.2821,69.9101,2990434.0
2023-09-07,XOM,Energy,70.1595,70.3163,69.4181,70.2704,3917677.0
2023-09-08,XOM,Energy,70.5904,70.8447,69.4058,70.0652,3808180.0
2023-09-11,XOM,Energy,67.9727,68.2892,67.3236,67.5652,4526337.0
2023-09-12,XOM,Energy,66.4678,67.2483,66.0036,66.2047,10792609.0
2023-09-13,XOM,Energy,66.7164,67.7998,66.1687,67.2179,4408580.0
2023-09-14,XOM,Energy,70.0621,70.2464,68.9775,69.7141,6277428.0
2023-09-15,XOM,Energy,70.4156,71.6312,70.0313,70.2144,9613662.0
2023-09-18,XOM,Energy,71.1885,71.7489,70.714,71.7001,6876463.0
2023-09-19,XOM,Energy,72.0885,72.2037,70.326,71.5022,6806271.0
2023-09-20,XOM,Energy,72.0733,72.6557,70.2489,71.3989,1796525.0
2023-09-21,XOM,Energy,73.431,74.4389,71.9823,72.8932,4825237.0
2023-09-22,XOM,Energy,75.6968,76.0928,74.6326,75.2107,4241947.0
2023-09-25,XOM,Energy,76.5206,77.8428,76.5158,77.085,9249937.0
2023-09-26,XOM,Energy,75.0038,76.1385,74.2898,75.5386,6295482.0
2023-09-27,XOM,Energy,75.1441,75.7396,75.1041,75.4576,10375952.0
2023-09-28,XOM,Energy,76.2044,77.3141,75.0095,75.8706,5110308.0
2023-09-29,XOM,Energy,75.4146,75.6117,74.7671,75.5114,5827740.0
2023-10-02,XOM,Energy,76.1033,76.4594,74.8658,76.083,2832811.0
2023-10-03,XOM,Energy,77.2411,77.7154,76.473,77.2844,12851921.0
2023-10-04,XOM,Energy,78.8698,78.905,76.9591,78.7724,4095643.0
2023-10-05,XOM,Energy,81.1774,81.6207,80.9491,81.3114,7875988.0
2023-10-06,XOM,Energy,80.6567,82.4009,80.2505,80.8187,4556567.0
2023-10-09,XOM,Energy,78.4141,79.5727,78.1272,78.7403,5688453.0
2023-10-10,XOM,Energy,79.9209,80.291,79.0664,79.292,2937077.0
2023-10-11,XOM,Energy,82.9071,83.0464,81.4424,82.1459,2070056.0
2023-10-12,XOM,Energy,81.8501,81.951,81.2517,81.4179,4115952.0
2023-10-13,XOM,Energy,82.6619,84.2263,82.0576,82.4967,5135113.0
2023-10-16,XOM,Energy,84.2707,85.1469,83.5783,83.6037,5782124.0
2023-10-17,XOM,Energy,83.2251,84.1865,82.8086,83.9245,4193336.0
2023-10-18,XOM,Energy,84.5888,86.4009,82.685,83.9523,3694724.0
2023-10-19,XOM,Energy,82.7481,83.1882,79.7211,82.4962,10305998.0
2023-10-20,XOM,Energy,78.4315,80.9061,78.3093,78.9363,5160480.0
2023-10-23,XOM,Energy,76.7733,77.4622,76.7355,77.2846,3679745.0
2023-10-24,XOM,Energy,76.3404,77.486,75.7482,76.7269,7159238.0
2023-10-25,XOM,Energy,77.7139,79.8411,76.6281,78.3421,5343537.0
2023-10-26,XOM,Energy,77.582,78.3444,76.8843,78.2043,6820526.0
2023-10-27,XOM,Energy,76.7477,79.467,76.6201,77.4487,6516535.0
2023-10-30,XOM,Energy,75.5622,77.2736,74.487,76.1531,1885888.0
2023-10-31,XOM,Energy,77.1651,77.1676,76.8293,77.1186,5033600.0
2023-11-01,XOM,Energy,81.8694,82.7588,81.5821,82.2091,3018730.0
2023-11-02,XOM,Energy,83.4445,85.6548,83.0984,83.8866,5683228.0
2023-11-03,XOM,Energy,84.4427,85.308,83.7174,84.8695,3677902.0
2023-11-06,XOM,Energy,82.3257,83.8026,81.9976,82.507,6560228.0
2023-11-07,XOM,Energy,82.1108,82.2821,81.8843,81.9723,5509085.0
2023-11-08,XOM,Energy,85.1509,85.202,84.65,85.0215,6330587.0
2023-11-09,XOM,Energy,86.5825,87.8662,85.4783,86.8509,10759938.0
2023-11-10,XOM,Energy,84.9179,85.2101,83.3574,84.3312,6096213.0
2023-11-13,XOM,Energy,83.9584,84.5606,82.7778,84.259,3036057.0
2023-11-14,XOM,Energy,85.1479,85.605,83.8218,84.8571,3972330.0
2023-11-15,XOM,Energy,82.9092,84.5903,81.8496,83.6453,5321883.0
2023-11-16,XOM,Energy,80.4424,80.6384,79.7779,79.9921,6924953.0
2023-11-17,XOM,Energy,79.8387,80.4475,79.4067,80.1583,
2023-11-20,XOM,Energy,79.5263,79.9809,78.3731,78.9745,2044829.0
2023-11-21,XOM,Energy,77.2369,78.1786,76.9963,77.8142,9620849.0
2023-11-22,XOM,Energy,77.5491,78.6587,76.8605,77.3053,6543844.0
2023-11-23,XOM,Energy,76.8384,78.6486,76.2558,77.1245,8440370.0
2023-11-24,XOM,Energy,76.9033,77.1677,76.4156,77.1266,7054651.0
2023-11-27,XOM,Energy,76.239,76.9348,75.7694,75.8466,3585703.0
2023-11-28,XOM,Energy,75.9022,77.0095,75.3917,75.5444,3760761.0
2023-11-29,XOM,Energy,73.3368,74.1832,72.5372,73.037,5904674.0
2023-11-30,XOM,Energy,74.0992,74.9571,72.4183,73.4833,10680835.0
2023-12-01,XOM,Energy,69.8223,70.6414,68.8286,69.5101,4247069.0
2023-12-04,XOM,Energy,69.0837,69.4237,68.8978,69.1416,5832068.0
2023-12-05,XOM,Energy,70.887,70.9421,69.9037,70.363,2847673.0
2023-12-06,XOM,Energy,68.7652,70.0139,67.7228,68.9608,3996996.0
2023-12-07,XOM,Energy,69.9153,70.3048,69.4145,69.9133,5104542.0
2023-12-08,XOM,Energy,71.3764,71.566,70.4818,71.4626,4570760.0
2023-12-11,XOM,Energy,67.046,67.265,66.5886,66.9854,11037479.0
2023-12-12,XOM,Energy,66.2202,67.0148,65.2557,66.8062,4179194.0
2023-12-13,XOM,Energy,63.7505,64.964,62.8533,63.1693,3119388.0
2023-12-14,XOM,Energy,62.8429,63.7414,62.6928,63.04,12899507.0
2023-12-15,XOM,Energy,63.0652,63.9172,62.7524,63.044,5305452.0
2023-12-18,XOM,Energy,60.1552,60.2553,59.3877,60.083,9085414.0
2023-12-19,XOM,Energy,62.1851,62.3973,62.1845,62.2923,2338486.0
2023-12-20,XOM,Energy,62.6522,62.6851,62.301,62.6433,7501407.0
2023-12-21,XOM,Energy,61.7739,62.3062,61.2228,61.6453,6012829.0
2023-12-22,XOM,Energy,63.7687,63.8067,63.3631,63.374,2421116.0
2023-12-25,XOM,Energy,61.4701,62.3974,61.2069,61.2245,2725308.0
2023-12-26,XOM,Energy,59.6439,60.2976,58.3689,59.8069,5186084.0
2023-12-27,XOM,Energy,57.0182,57.4154,56.9275,57.206,5766578.0
2023-12-28,XOM,Energy,59.7208,59.9019,59.0728,59.175,6587587.0
2023-12-29,XOM,Energy,59.4465,59.8936,59.2226,59.5605,3474543.0
2024-01-01,XOM,Energy,60.2669,60.522,59.4436,60.3186,5690382.0
2024-01-02,XOM,Energy,60.1299,61.1108,59.0367,60.6756,4889737.0
2024-01-03,XOM,Energy,61.3688,61.7802,61.0899,61.3492,7022115.0
2024-01-04,XOM,Energy,60.9613,61.8367,60.3673,61.4525,4723922.0
2024-01-05,XOM,Energy,62.3496,62.943,60.7839,61.7811,5263311.0
2024-01-08,XOM,Energy,62.135,62.3737,61.626,61.9198,6396171.0
2024-01-09,XOM,Energy,60.8341,61.4068,60.7171,61.2162,4838747.0
2024-01-10,XOM,Energy,61.5005,61.7923,60.1822,61.1742,4373301.0
2024-01-11,XOM,Energy,61.3352,62.9965,60.7853,61.5044,2760044.0
2024-01-12,XOM,Energy,61.9722,62.2966,61.2188,61.6459,7793183.0
2024-01-15,XOM,Energy,61.7233,61.871,61.4557,61.7767,4080933.0
2024-01-16,XOM,Energy,60.1795,60.4204,60.0195,60.2104,6246112.0
2024-01-17,XOM,Energy,60.9664,61.6241,60.8706,61.4612,
2024-01-18,XOM,Energy,61.6046,61.7217,60.8841,61.115,3732910.0
2024-01-19,XOM,Energy,61.8734,62.6592,61.1181,61.8062,3865916.0
2024-01-22,XOM,Energy,60.2468,60.6865,59.3901,60.5361,3324856.0
2024-01-23,XOM,Energy,58.4008,59.3286,57.625,58.8538,2069540.0
2024-01-24,XOM,Energy,58.0083,59.1209,57.6227,57.9222,7681152.0
2024-01-25,XOM,Energy,57.5204,57.9865,57.3841,57.6889,3882319.0
2024-01-26,XOM,Energy,56.5788,57.6262,56.5167,56.9714,2358526.0
2024-01-29,XOM,Energy,58.6482,58.7592,58.3548,58.3834,4003693.0
2024-01-30,XOM,Energy,58.2263,58.9724,58.0645,58.5942,8586818.0
2024-01-31,XOM,Energy,60.6336,61.5803,60.087,60.6643,4529035.0
2024-02-01,XOM,Energy,60.8465,62.1012,60.2761,61.1426,5336748.0
2024-02-02,XOM,Energy,58.7399,58.787,57.768,58.3521,7562261.0
2024-02-05,XOM,Energy,60.0808,60.2723,59.4251,59.5346,5141309.0
2024-02-06,XOM,Energy,57.2971,58.2043,57.2837,57.839,4371319.0
2024-02-07,XOM,Energy,58.0325,59.3208,57.4368,58.1039,4464054.0
2024-02-08,XOM,Energy,57.6479,58.0137,57.2597,57.2603,7958196.0
2024-02-09,XOM,Energy,59.5428,60.0516,58.9797,59.6029,3528147.0
2024-02-12,XOM,Energy,60.9715,61.4201,60.7389,61.2451,3490765.0
2024-02-13,XOM,Energy,60.1208,60.6434,60.0453,60.3941,6393175.0
2024-02-14,XOM,Energy,60.5854,60.7079,59.9174,60.2601,11056341.0
2024-02-15,XOM,Energy,60.3506,60.6853,60.3376,60.5522,3576528.0
2024-02-16,XOM,Energy,60.9844,62.091,60.9376,61.5576,10076711.0
2024-02-19,XOM,Energy,61.8208,61.8702,61.1069,61.604,1967016.0
2024-02-20,XOM,Energy,60.1931,60.4331,60.0545,60.4167,10092394.0
2024-02-21,XOM,Energy,59.2241,59.6395,58.7095,59.6051,14260857.0
2024-02-22,XOM,Energy,59.5792,59.8831,59.5648,59.612,2796107.0
2024-02-23,XOM,Energy,61.4937,61.7752,60.5169,61.0221,10520041.0
2024-02-26,XOM,Energy,61.1218,61.8587,61.0302,61.5303,6656345.0
2024-02-27,XOM,Energy,61.0383,61.5135,60.1355,60.6384,3910763.0
2024-02-28,XOM,Energy,61.2622,62.183,60.8602,61.3976,5715499.0
2024-02-29,XOM,Energy,61.2313,61.635,60.7935,60.9584,8845593.0
2024-03-01,XOM,Energy,62.4585,62.7245,61.6084,62.0019,3973002.0
2024-03-04,XOM,Energy,64.6143,65.8534,63.3319,64.9912,7448882.0
2024-03-05,XOM,Energy,64.3862,65.5051,63.9822,64.5611,9084641.0
2024-03-06,XOM,Energy,65.2265,65.7841,64.6042,65.5573,2672296.0
2024-03-07,XOM,Energy,64.4287,64.7571,64.0314,64.642,4249742.0
2024-03-08,XOM,Energy,64.5745,64.836,63.6037,64.517,4642069.0
2024-03-11,XOM,Energy,64.4872,64.646,63.5094,64.5662,8206435.0
2024-03-12,XOM,Energy,64.5808,65.103,63.5519,64.3415,5753022.0
2024-03-13,XOM,Energy,67.6531,68.0261,67.2651,67.3654,13422485.0
2024-03-14,XOM,Energy,67.4547,67.9104,66.8646,66.9864,8008895.0
2024-03-15,XOM,Energy,68.1014,68.7607,67.5237,67.7467,3275175.0
2024-03-18,XOM,Energy,65.0225,65.7616,64.5356,65.2759,2814502.0
2024-03-19,XOM,Energy,65.2106,66.4697,64.6809,65.8247,5786242.0
2024-03-20,XOM,Energy,67.4698,67.9116,66.889,67.2662,7273338.0
2024-03-21,XOM,Energy,66.9692,67.1426,66.5057,66.6054,3483653.0
2024-03-22,XOM,Energy,63.2459,63.7014,62.4213,63.442,7846046.0
2024-03-25,XOM,Energy,63.9811,64.9593,63.3403,63.4081,7031495.0
2024-03-26,XOM,Energy,63.711,63.8246,63.1936,63.4415,3573989.0
2024-03-27,XOM,Energy,63.9227,65.4523,62.63,64.327,4878564.0
2024-03-28,XOM,Energy,66.7942,67.1208,66.6706,66.7976,7867671.0
2024-03-29,XOM,Energy,65.8641,66.5052,65.6807,66.3286,5601768.0
2024-04-01,XOM,Energy,65.1487,65.7873,64.0689,65.2627,8125295.0
2024-04-02,XOM,Energy,63.668,64.68,63.4521,63.8288,8077988.0
2024-04-03,XOM,Energy,63.7352,64.6472,63.4685,64.0818,7168835.0
2024-04-04,XOM,Energy,64.8613,66.2653,63.8698,64.6782,3075565.0
2024-04-05,XOM,Energy,63.9905,64.4457,63.4289,64.0206,4601843.0
2024-04-08,XOM,Energy,64.7593,65.2095,64.7012,64.9806,6370279.0
2024-04-09,XOM,Energy,65.9262,66.2113,64.8424,65.5682,4116706.0
2024-04-10,XOM,Energy,65.6834,66.4702,64.6527,65.6352,7103162.0
2024-04-11,XOM,Energy,65.1088,65.4869,64.0039,64.5229,8180602.0
2024-04-12,XOM,Energy,64.2242,64.7004,63.5493,63.9451,7384440.0
2024-04-15,XOM,Energy,60.4941,61.7073,60.2775,61.0058,6016029.0
2024-04-16,XOM,Energy,60.7133,61.7595,60.5371,61.2913,3365393.0
2024-04-17,XOM,Energy,60.849,61.8027,60.3841,61.3343,2548285.0
2024-04-18,XOM,Energy,61.3103,61.6242,60.2978,61.5662,5303595.0
2024-04-19,XOM,Energy,61.6896,62.4216,61.569,62.1684,7013816.0
2024-04-22,XOM,Energy,63.2214,63.2865,61.5477,62.6366,5609830.0
2024-04-23,XOM,Energy,62.8631,63.1523,62.1205,62.5178,4234812.0
2024-04-24,XOM,Energy,62.2331,63.4361,61.4679,62.5881,7593301.0
2024-04-25,XOM,Energy,60.4966,61.4553,60.0767,60.9306,9795447.0
2024-04-26,XOM,Energy,60.5117,60.8629,60.0454,60.267,3892677.0
2024-04-29,XOM,Energy,60.0754,60.4952,59.4514,60.3369,5311927.0
2024-04-30,XOM,Energy,59.8307,59.9469,59.0313,59.5054,5394299.0
2024-05-01,XOM,Energy,60.9381,61.4078,60.2086,60.4898,1870888.0
2024-05-02,XOM,Energy,59.7205,59.9965,58.2918,59.7449,5840662.0
2024-05-03,XOM,Energy,60.4924,60.9768,59.5457,60.0024,11755143.0
2024-05-06,XOM,Energy,59.736,60.5902,59.3156,60.1473,4397320.0
2024-05-07,XOM,Energy,61.09,61.3143,60.8438,61.0121,20500269.0
2024-05-08,XOM,Energy,61.8733,62.7046,61.5092,62.0686,5489223.0
2024-05-09,XOM,Energy,62.4754,63.322,62.4307,62.8994,3030928.0
2024-05-10,XOM,Energy,60.2802,61.3134,60.2783,60.3952,11094939.0
2024-05-13,XOM,Energy,62.0424,63.5621,61.6926,61.7775,6669429.0
2024-05-14,XOM,Energy,63.7223,64.5679,62.8706,63.5826,1948915.0
2024-05-15,XOM,Energy,62.5176,63.6769,61.4515,63.0129,5127669.0
2024-05-16,XOM,Energy,63.5868,64.3459,63.292,63.3088,4137592.0
2024-05-17,XOM,Energy,62.7246,63.7577,61.9134,62.2499,1916540.0
2024-05-20,XOM,Energy,60.1514,61.3943,59.4744,59.9579,3305320.0
2024-05-21,XOM,Energy,58.7387,60.0531,58.1207,59.1284,6351479.0
2024-05-22,XOM,Energy,58.7799,59.0796,58.0498,58.5334,4251317.0
2024-05-23,XOM,Energy,57.8376,59.317,57.5488,58.1505,7941349.0
2024-05-24,XOM,Energy,57.3956,58.1306,56.5092,57.1026,3934069.0
2024-05-27,XOM,Energy,56.0022,56.4638,55.6694,56.3183,7542216.0
2024-05-28,XOM,Energy,56.6812,56.8241,56.0055,56.3178,4104955.0
2024-05-29,XOM,Energy,55.1812,55.5306,54.9368,55.5049,6076092.0
2024-05-30,XOM,Energy,55.9775,56.2827,55.8309,56.0892,6289672.0
2024-05-31,XOM,Energy,56.7116,57.3576,56.7049,56.8268,5555975.0
2024-06-03,XOM,Energy,59.0943,59.9986,58.9036,59.4083,4831239.0
2024-06-04,XOM,Energy,60.8151,60.9667,59.8411,60.6908,1442466.0
2024-06-05,XOM,Energy,61.2184,61.8673,60.9689,60.9833,9050534.0
2024-06-06,XOM,Energy,60.2549,60.8646,59.9642,60.2768,4591200.0
2024-06-07,XOM,Energy,60.9716,61.2063,60.099,60.6253,7012040.0
2024-06-10,XOM,Energy,61.5199,61.9928,60.867,61.0136,6155827.0
2024-06-11,XOM,Energy,60.7434,61.3696,59.8973,60.4308,3218099.0
2024-06-12,XOM,Energy,61.6673,61.9671,60.8121,,2797750.0
2024-06-13,XOM,Energy,59.9967,60.608,58.3974,59.7255,3206570.0
2024-06-14,XOM,Energy,59.365,59.6643,59.1506,59.4601,5511613.0
2024-06-17,XOM,Energy,60.4981,60.8961,59.141,60.0999,4302471.0
2024-06-18,XOM,Energy,59.3948,60.2956,58.9585,59.7836,
2024-06-19,XOM,Energy,59.3939,59.8458,58.9871,59.5607,10480696.0
2024-06-20,XOM,Energy,58.9439,59.626,57.6862,59.4167,4609751.0
2024-06-21,XOM,Energy,58.7365,58.9228,57.9985,58.4852,7188751.0
2024-06-24,XOM,Energy,60.2595,61.4094,59.7447,59.8014,4009204.0
2024-06-25,XOM,Energy,58.7526,59.1125,58.6547,58.6566,1824565.0
2024-06-26,XOM,Energy,58.8816,59.1378,57.6257,59.0229,2000930.0
2024-06-27,XOM,Energy,59.0398,60.008,58.6501,59.4986,3526980.0
2024-06-28,XOM,Energy,58.9215,59.2266,58.3932,58.4381,2663541.0
2024-07-01,XOM,Energy,58.5294,58.7296,57.8714,58.531,3882409.0
2024-07-02,XOM,Energy,57.3349,58.4905,57.1539,57.5311,10022182.0
2024-07-03,XOM,Energy,59.2446,59.422,58.9977,59.0631,1348994.0
2024-07-04,XOM,Energy,58.3101,58.6874,57.6464,57.797,4829911.0
2024-07-05,XOM,Energy,57.5338,58.2532,56.6719,57.0905,4758048.0
2024-07-08,XOM,Energy,56.1762,56.3794,55.3087,55.774,2585326.0
2024-07-09,XOM,Energy,54.5994,54.6805,54.1832,54.3464,3964893.0
2024-07-10,XOM,Energy,55.6773,56.5605,55.5984,56.0003,3518639.0
2024-07-11,XOM,Energy,54.9751,54.9843,54.7183,54.909,5796833.0
2024-07-12,XOM,Energy,54.6193,55.3765,54.2258,55.0664,8353224.0
2024-07-15,XOM,Energy,54.1315,55.5882,54.0357,54.3904,4835856.0
2024-07-16,XOM,Energy,55.0665,55.4315,54.6062,55.3392,4776667.0
2024-07-17,XOM,Energy,54.948,55.4931,53.9354,54.4837,4440377.0
2024-07-18,XOM,Energy,55.0601,55.9282,54.9339,55.3161,4930616.0
2024-07-19,XOM,Energy,54.5546,54.9833,54.1578,54.4102,4377869.0
2024-07-22,XOM,Energy,53.5298,54.165,52.595,53.7548,14811953.0
2024-07-23,XOM,Energy,54.0795,54.7233,53.8003,54.54,5786468.0
2024-07-24,XOM,Energy,55.0671,56.0294,54.3794,55.4461,2056089.0
2024-07-25,XOM,Energy,56.2154,56.469,55.5091,56.0866,4358441.0
2024-07-26,XOM,Energy,55.1773,55.3033,54.8283,54.9792,6501249.0
2024-07-29,XOM,Energy,54.6592,55.1989,53.5851,54.5235,2447333.0
2024-07-30,XOM,Energy,54.8947,54.9326,53.808,54.697,9261788.0
2024-07-31,XOM,Energy,53.8696,54.0418,53.477,53.8253,5045191.0
2024-08-01,XOM,Energy,55.3158,55.4063,55.1088,55.2381,3846522.0
2024-08-02,XOM,Energy,52.5865,52.9495,52.2119,52.7283,2908259.0
2024-08-05,XOM,Energy,52.0372,52.483,50.9655,51.9587,2103863.0
2024-08-06,XOM,Energy,51.0704,51.71,50.3297,51.466,6060069.0
2024-08-07,XOM,Energy,48.246,48.722,48.132,48.6953,6680738.0
2024-08-08,XOM,Energy,47.1025,47.8055,46.7314,47.4133,5200844.0
2024-08-09,XOM,Energy,48.2293,48.5959,47.9108,47.986,5412508.0
2024-08-12,XOM,Energy,48.4079,48.9442,48.0196,48.0233,5848258.0
2024-08-13,XOM,Energy,49.2222,49.8255,48.8135,49.4683,7289201.0
2024-08-14,XOM,Energy,51.2056,51.4513,50.6056,50.9305,2312311.0
2024-08-15,XOM,Energy,51.2751,51.9823,51.2587,51.3597,7007774.0
2024-08-16,XOM,Energy,51.7068,53.1678,51.6402,51.6757,9734175.0
2024-08-19,XOM,Energy,51.486,52.2879,51.1913,51.7507,8662249.0
2024-08-20,XOM,Energy,48.8207,49.7884,48.5057,49.1504,4389065.0
2024-08-21,XOM,Energy,48.232,49.0129,47.5673,47.858,20758228.0
2024-08-22,XOM,Energy,47.8822,48.1721,47.8218,47.9591,3462373.0
2024-08-23,XOM,Energy,48.798,48.8553,48.4854,48.53,5099723.0
2024-08-26,XOM,Energy,48.4428,49.1093,48.4254,48.8068,4930692.0
2024-08-27,XOM,Energy,47.986,48.7916,47.6029,47.989,4110074.0
2024-08-28,XOM,Energy,48.4491,49.2362,48.3571,48.8533,5161785.0
2024-08-29,XOM,Energy,50.5512,50.6657,49.7123,50.2391,1414140.0
2024-08-30,XOM,Energy,51.4536,51.6925,50.5539,51.1445,2952175.0
2024-09-02,XOM,Energy,52.4311,52.8238,51.7472,52.1163,3667924.0
2024-09-03,XOM,Energy,51.1241,51.9417,50.8349,51.573,3734881.0
2024-09-04,XOM,Energy,52.2028,53.0215,51.4799,52.6376,4253075.0
2024-09-05,XOM,Energy,52.747,53.0456,52.308,52.7939,5874533.0
2024-09-06,XOM,Energy,53.3425,53.8244,53.1516,53.3176,3861565.0
2024-09-09,XOM,Energy,53.6424,53.8174,52.7603,53.6985,10972826.0
2024-09-10,XOM,Energy,54.0216,54.5324,53.0921,53.5853,1840680.0
2024-09-11,XOM,Energy,52.9571,53.3735,52.0825,52.7204,7085511.0
2024-09-12,XOM,Energy,52.9688,53.0321,52.2611,52.6487,5769451.0
2024-09-13,XOM,Energy,53.9693,54.8889,52.8843,53.6463,4703386.0
2024-09-16,XOM,Energy,53.6419,54.0837,52.8353,53.207,1828858.0
2024-09-17,XOM,Energy,53.6523,54.5985,53.6424,54.1208,1571004.0
2024-09-18,XOM,Energy,54.5886,54.907,53.9091,54.8895,2393598.0
2024-09-19,XOM,Energy,54.6794,54.9317,54.5562,54.5887,7984380.0
2024-09-20,XOM,Energy,56.4206,56.4496,55.5519,56.0401,2291752.0
2024-09-23,XOM,Energy,55.4891,56.6536,55.0812,55.6727,3415928.0
2024-09-24,XOM,Energy,57.8206,58.0281,56.8354,57.2806,6114319.0
2024-09-25,XOM,Energy,58.1965,58.2626,56.7257,57.7646,2131729.0
2024-09-26,XOM,Energy,58.2718,58.2915,57.5692,57.7587,3956119.0
2024-09-27,XOM,Energy,56.6576,57.2392,56.4133,56.796,3851682.0
2024-09-30,XOM,Energy,56.8811,57.7286,56.6781,56.7121,2140862.0
2024-10-01,XOM,Energy,57.0271,57.7243,56.3266,56.5039,8418582.0
2024-10-02,XOM,Energy,55.5981,56.2718,54.5329,55.1643,4770550.0
2024-10-03,XOM,Energy,55.135,55.3436,54.404,54.9472,3174154.0
2024-10-04,XOM,Energy,54.1953,54.2147,53.9206,54.1191,3722552.0
2024-10-07,XOM,Energy,54.8815,55.6509,54.254,54.7324,5103806.0
2024-10-08,XOM,Energy,56.6281,56.8343,55.2655,56.1018,3432515.0
2024-10-09,XOM,Energy,54.8003,54.9174,54.593,54.8052,1781234.0
2024-10-10,XOM,Energy,56.8115,57.0889,56.4972,56.5992,17624530.0
2024-10-11,XOM,Energy,55.9421,56.5447,55.9175,56.4723,4844239.0
2024-10-14,XOM,Energy,55.2774,56.399,55.0859,55.4374,6936233.0
2024-10-15,XOM,Energy,55.8673,56.4586,55.531,56.2466,4984248.0
2024-10-16,XOM,Energy,55.9133,56.1969,54.885,55.7808,3289990.0
2024-10-17,XOM,Energy,55.6652,55.8553,54.5535,55.7053,1748724.0
2024-10-18,XOM,Energy,55.615,55.8972,54.9352,55.2886,3652050.0
2024-10-21,XOM,Energy,54.2859,54.5438,53.6802,54.4416,8404087.0
2024-10-22,XOM,Energy,55.6891,56.805,54.8108,55.2014,2772305.0
2024-10-23,XOM,Energy,54.8717,54.9812,54.5454,54.9122,5157982.0
2024-10-24,XOM,Energy,53.2888,53.4413,53.095,53.4243,3491813.0
2024-10-25,XOM,Energy,53.6267,54.3019,53.4225,53.9943,4902951.0
2024-10-28,XOM,Energy,52.7132,53.0039,52.5525,52.7683,2011957.0
2024-10-29,XOM,Energy,52.0091,52.1215,51.5389,51.6226,2585956.0
2024-10-30,XOM,Energy,52.891,53.5358,52.7753,52.8027,3698617.0
2024-10-31,XOM,Energy,51.8994,52.547,50.4239,51.613,7079431.0
2024-11-01,XOM,Energy,48.9105,49.8254,48.7507,49.3517,2278004.0
2024-11-04,XOM,Energy,49.4849,49.9926,49.4386,49.9456,14803743.0
2024-11-05,XOM,Energy,49.9335,51.227,49.4841,49.6673,4527680.0
2024-11-06,XOM,Energy,52.3232,53.226,51.4,51.9552,3551370.0
2024-11-07,XOM,Energy,51.4357,51.6726,51.1196,51.6551,5256483.0
2024-11-08,XOM,Energy,51.7665,51.9927,51.6639,51.8928,2488501.0
2024-11-11,XOM,Energy,51.6215,51.6614,50.2194,51.161,7206307.0
2024-11-12,XOM,Energy,52.9977,53.4237,52.3975,52.6061,4210929.0
2024-11-13,XOM,Energy,50.9478,51.1948,50.8398,51.1411,5418091.0
2024-11-14,XOM,Energy,51.5724,51.5925,50.6664,51.5836,6354231.0
2024-11-15,XOM,Energy,52.688,53.0232,51.8789,52.2233,3713049.0
2024-11-18,XOM,Energy,51.6213,51.7638,51.202,51.48,3439667.0
2024-11-19,XOM,Energy,50.8613,51.2041,49.5977,50.4889,3511387.0
2024-11-20,XOM,Energy,51.3407,51.5579,50.9066,51.4748,4510070.0
2024-11-21,XOM,Energy,50.3475,51.1313,50.0849,50.516,7214160.0
2024-11-22,XOM,Energy,50.3744,50.6765,49.7479,49.9438,9680372.0
2024-11-25,XOM,Energy,51.1061,51.974,50.762,50.7958,3011809.0
2024-11-26,XOM,Energy,50.4966,51.1889,49.9406,50.8395,5789867.0
2024-11-27,XOM,Energy,48.8184,49.1206,48.382,49.1137,4550067.0
2024-11-28,XOM,Energy,50.5699,50.7919,50.2008,50.7538,3391444.0
2024-11-29,XOM,Energy,50.4312,50.5836,49.7682,50.2529,
2024-12-02,XOM,Energy,49.5912,50.2711,49.1045,49.8784,2246190.0
2024-12-03,XOM,Energy,50.0042,50.6722,49.6484,50.1308,3032733.0
2024-12-04,XOM,Energy,50.6936,51.3711,49.8001,50.7362,6664888.0
2024-12-05,XOM,Energy,52.3755,52.8933,51.987,52.6368,3753017.0
2024-12-06,XOM,Energy,50.6553,51.9498,50.0495,50.9871,5319674.0
2024-12-09,XOM,Energy,51.728,52.5803,51.4031,51.7974,6396043.0
2024-12-10,XOM,Energy,52.3655,52.7739,51.6164,52.539,4284981.0
2024-12-11,XOM,Energy,52.5375,52.9936,51.6432,52.4126,7471501.0
2024-12-12,XOM,Energy,53.0379,54.0392,52.7487,53.2071,11229910.0
2024-12-13,XOM,Energy,53.7976,54.6964,53.4338,54.1622,5968101.0
2024-12-16,XOM,Energy,52.7577,53.975,52.3882,52.7509,6724697.0
2024-12-17,XOM,Energy,54.9776,55.6473,53.9884,54.5152,8209246.0
2024-12-18,XOM,Energy,52.7894,53.2137,52.5336,52.9115,5889068.0
2024-12-19,XOM,Energy,52.0433,52.3853,51.2262,51.7808,3493157.0
2024-12-20,XOM,Energy,51.4953,51.5895,51.47,51.5336,4723417.0
2024-12-23,XOM,Energy,53.5168,54.0799,52.8504,53.4287,4287709.0
2024-12-24,XOM,Energy,53.5303,54.1581,52.867,53.1264,8035671.0
2024-12-25,XOM,Energy,52.9017,53.5797,52.6045,53.1048,3903923.0
2024-12-26,XOM,Energy,54.6564,55.156,54.5097,54.5604,2841279.0
2024-12-27,XOM,Energy,54.7742,55.0414,53.9611,54.26,2916125.0
2024-12-30,XOM,Energy,53.3494,53.5927,52.6786,53.0559,4069514.0
2024-12-31,XOM,Energy,52.5685,52.7649,52.363,52.6459,8281214.0
2022-01-03,EUR/USD,Forex,1.081,1.0833,1.0741,1.08,4002191.0
2022-01-04,EUR/USD,Forex,1.0779,1.078,1.0766,1.0777,6312371.0
2022-01-05,EUR/USD,Forex,1.0772,1.0785,1.073,1.0759,6121088.0
2022-01-06,EUR/USD,Forex,1.0877,1.0925,1.082,1.0851,3335476.0
2022-01-07,EUR/USD,Forex,1.0909,1.0939,1.0872,1.0885,6271174.0
2022-01-10,EUR/USD,Forex,1.102,1.1028,1.0902,1.0994,8169019.0
2022-01-11,EUR/USD,Forex,1.1066,1.1101,1.1047,1.1077,4922223.0
2022-01-12,EUR/USD,Forex,1.1028,1.106,1.1017,1.1019,3093272.0
2022-01-13,EUR/USD,Forex,1.109,1.1118,1.1059,1.1085,6685106.0
2022-01-14,EUR/USD,Forex,1.1219,1.1277,1.1159,1.1187,6572683.0
2022-01-17,EUR/USD,Forex,1.1263,1.1301,1.1258,1.129,5304091.0
2022-01-18,EUR/USD,Forex,1.1331,1.1359,1.1327,1.1358,5041271.0
2022-01-19,EUR/USD,Forex,1.1439,1.145,1.1415,1.1424,8930023.0
2022-01-20,EUR/USD,Forex,1.1377,1.1428,1.1374,1.1404,6174926.0
2022-01-21,EUR/USD,Forex,1.1362,1.1394,1.1334,1.1347,3015083.0
2022-01-24,EUR/USD,Forex,1.1317,1.1333,1.126,1.1324,13506058.0
2022-01-25,EUR/USD,Forex,1.1186,1.1225,1.1179,1.1212,4795951.0
2022-01-26,EUR/USD,Forex,1.1285,1.1359,1.1255,1.1302,5755271.0
2022-01-27,EUR/USD,Forex,1.1259,1.1291,1.1243,1.1284,16609471.0
2022-01-28,EUR/USD,Forex,1.1398,1.1402,1.1363,1.1372,11558818.0
2022-01-31,EUR/USD,Forex,1.1321,1.1355,1.1284,1.1288,1966971.0
2022-02-01,EUR/USD,Forex,1.1362,1.1379,1.1309,1.1362,5955130.0
2022-02-02,EUR/USD,Forex,1.1333,1.1361,1.1299,1.1329,2424919.0
2022-02-03,EUR/USD,Forex,1.1264,1.1288,1.1221,1.1242,6076145.0
2022-02-04,EUR/USD,Forex,1.133,1.1357,1.1288,1.1353,4819985.0
2022-02-07,EUR/USD,Forex,1.146,1.1468,1.1407,1.1429,3088508.0
2022-02-08,EUR/USD,Forex,1.1443,1.1496,1.1406,1.1444,5183611.0
2022-02-09,EUR/USD,Forex,1.1462,1.1473,1.1439,1.1447,3464039.0
2022-02-10,EUR/USD,Forex,1.1474,1.1486,1.1443,1.1477,2895401.0
2022-02-11,EUR/USD,Forex,1.1475,1.1516,1.1424,1.1491,3129632.0
2022-02-14,EUR/USD,Forex,1.142,1.1441,1.1322,1.1437,19634255.0
2022-02-15,EUR/USD,Forex,1.1395,1.1421,1.1394,1.141,14412909.0
2022-02-16,EUR/USD,Forex,1.1533,1.1563,1.1506,1.1544,8578739.0
2022-02-17,EUR/USD,Forex,1.176,1.1771,1.1678,1.173,5500713.0
2022-02-18,EUR/USD,Forex,1.187,1.1913,1.1808,1.1841,5555434.0
2022-02-21,EUR/USD,Forex,1.1907,1.193,1.186,1.1875,5238946.0
2022-02-22,EUR/USD,Forex,1.1852,1.1879,1.1809,1.1852,14002128.0
2022-02-23,EUR/USD,Forex,1.1765,1.1802,1.1761,1.1796,3688145.0
2022-02-24,EUR/USD,Forex,1.1299,1.1334,1.127,1.1272,6705946.0
2022-02-25,EUR/USD,Forex,1.1232,1.1273,1.121,1.1236,2171777.0
2022-02-28,EUR/USD,Forex,1.1377,1.1391,1.1317,1.1381,8038043.0
2022-03-01,EUR/USD,Forex,1.1536,1.1585,1.1496,1.1505,10061841.0
2022-03-02,EUR/USD,Forex,1.1537,1.1622,1.1521,1.1557,6785996.0
2022-03-03,EUR/USD,Forex,1.1458,1.1574,1.1453,1.1491,3719888.0
2022-03-04,EUR/USD,Forex,1.1542,1.1573,1.1467,1.1553,3503734.0
2022-03-07,EUR/USD,Forex,1.1522,1.1622,1.1516,,6082289.0
2022-03-08,EUR/USD,Forex,1.139,1.1444,1.1373,1.1389,6256998.0
2022-03-09,EUR/USD,Forex,1.1394,1.1466,1.1367,1.1409,4482400.0
2022-03-10,EUR/USD,Forex,1.1376,1.1431,1.1349,1.1352,6638105.0
2022-03-11,EUR/USD,Forex,1.1289,1.1316,1.1245,1.1298,2488033.0
2022-03-14,EUR/USD,Forex,1.1312,1.1325,1.1228,1.1281,6666618.0
2022-03-15,EUR/USD,Forex,1.1247,1.1262,1.1223,1.1248,15361849.0
2022-03-16,EUR/USD,Forex,1.125,1.126,1.1219,1.1246,4489931.0
2022-03-17,EUR/USD,Forex,1.1222,1.129,1.119,1.1241,4990830.0
2022-03-18,EUR/USD,Forex,1.1123,1.113,1.1108,1.1115,5565761.0
2022-03-21,EUR/USD,Forex,1.1186,1.1246,1.117,1.1217,5360459.0
2022-03-22,EUR/USD,Forex,1.1123,1.1178,1.1118,1.1152,1718856.0
2022-03-23,EUR/USD,Forex,1.1097,1.1109,1.101,1.1088,5194155.0
2022-03-24,EUR/USD,Forex,1.1054,1.1069,1.1019,1.1067,2242555.0
2022-03-25,EUR/USD,Forex,1.1034,1.1083,1.1012,1.106,4922123.0
2022-03-28,EUR/USD,Forex,1.1162,1.1187,1.1147,1.1158,4721744.0
2022-03-29,EUR/USD,Forex,1.1207,1.1245,1.1147,1.1176,4255167.0
2022-03-30,EUR/USD,Forex,1.1189,1.1263,1.1134,1.1215,3764426.0
2022-03-31,EUR/USD,Forex,1.1264,1.1286,1.1167,1.1234,16536781.0
2022-04-01,EUR/USD,Forex,1.1273,1.1275,1.1228,1.125,5415991.0
2022-04-04,EUR/USD,Forex,1.1256,1.1282,1.1249,1.1272,6543389.0
2022-04-05,EUR/USD,Forex,1.1136,1.1172,1.108,1.1142,5930800.0
2022-04-06,EUR/USD,Forex,1.1147,1.1167,1.1095,1.1125,7298832.0
2022-04-07,EUR/USD,Forex,1.1234,1.1292,1.1159,1.1203,4661961.0
2022-04-08,EUR/USD,Forex,1.1484,1.1532,1.1465,1.1469,9158012.0
2022-04-11,EUR/USD,Forex,1.1406,1.1488,1.1374,1.1387,13671537.0
2022-04-12,EUR/USD,Forex,1.1432,1.1442,1.1384,1.1416,1923119.0
2022-04-13,EUR/USD,Forex,1.1406,1.1426,1.1343,1.1378,4171971.0
2022-04-14,EUR/USD,Forex,1.1507,1.152,1.1488,1.1518,6646489.0
2022-04-15,EUR/USD,Forex,1.1425,1.1512,1.1395,1.1425,5362427.0
2022-04-18,EUR/USD,Forex,1.1435,1.152,1.1363,1.1468,4282392.0
2022-04-19,EUR/USD,Forex,1.1384,1.1429,1.132,1.1372,3643234.0
2022-04-20,EUR/USD,Forex,1.1324,1.1358,1.1281,1.1351,7181002.0
2022-04-21,EUR/USD,Forex,1.1337,1.1372,1.1337,1.1349,4669453.0
2022-04-22,EUR/USD,Forex,1.1444,1.1455,1.1411,1.1423,5173941.0
2022-04-25,EUR/USD,Forex,1.1348,1.1374,1.1323,1.1349,10322208.0
2022-04-26,EUR/USD,Forex,1.1379,1.1396,1.1372,1.1395,3028801.0
2022-04-27,EUR/USD,Forex,1.1427,1.1506,1.1397,1.1397,3101733.0
2022-04-28,EUR/USD,Forex,1.1409,1.1427,1.1398,1.1416,2769515.0
2022-04-29,EUR/USD,Forex,1.1455,1.1505,1.1408,1.1482,2314115.0
2022-05-02,EUR/USD,Forex,1.1376,1.1403,1.1335,1.1395,2864849.0
2022-05-03,EUR/USD,Forex,1.1434,1.1458,1.1416,1.1451,7024627.0
2022-05-04,EUR/USD,Forex,1.1398,1.1495,1.138,1.1412,2275054.0
2022-05-05,EUR/USD,Forex,1.1502,1.1504,1.1471,1.1488,4452629.0
2022-05-06,EUR/USD,Forex,1.152,1.1527,1.1492,1.1511,1996096.0
2022-05-09,EUR/USD,Forex,1.1488,1.1512,1.1414,1.1497,4754251.0
2022-05-10,EUR/USD,Forex,1.0898,1.0909,1.088,1.0882,2138756.0
2022-05-11,EUR/USD,Forex,1.094,1.0951,1.087,1.0937,7072995.0
2022-05-12,EUR/USD,Forex,1.1038,1.1071,1.0998,1.102,2259596.0
2022-05-13,EUR/USD,Forex,1.0955,1.101,1.0932,1.0985,2624680.0
2022-05-16,EUR/USD,Forex,1.0895,1.0926,1.0878,1.0911,6654160.0
2022-05-17,EUR/USD,Forex,1.0946,1.0981,1.0883,1.0957,7966222.0
2022-05-18,EUR/USD,Forex,1.0844,1.0866,1.0822,1.0863,6387986.0
2022-05-19,EUR/USD,Forex,1.0786,1.0789,1.0743,1.0778,7504155.0
2022-05-20,EUR/USD,Forex,1.0686,1.0728,1.0672,1.071,5603612.0
2022-05-23,EUR/USD,Forex,1.0689,1.0696,1.0677,1.0684,3952408.0
2022-05-24,EUR/USD,Forex,1.0599,1.0608,1.0562,1.0599,1352160.0
2022-05-25,EUR/USD,Forex,1.048,1.0484,1.0474,1.0476,3826704.0
2022-05-26,EUR/USD,Forex,1.042,1.0423,1.0315,1.0405,3473537.0
2022-05-27,EUR/USD,Forex,1.0463,1.0487,1.0397,1.0446,4700665.0
2022-05-30,EUR/USD,Forex,1.0386,1.0407,1.0333,1.0366,4125332.0
2022-05-31,EUR/USD,Forex,1.0331,1.0377,1.0294,1.0346,3582579.0
2022-06-01,EUR/USD,Forex,1.0455,1.0489,1.0432,1.0467,5890984.0
2022-06-02,EUR/USD,Forex,1.0476,1.0481,1.0425,1.0465,1910072.0
2022-06-03,EUR/USD,Forex,1.0469,1.0506,1.0405,1.0487,4067651.0
2022-06-06,EUR/USD,Forex,1.042,1.0447,1.0395,1.0428,8076189.0
2022-06-07,EUR/USD,Forex,1.0586,1.0629,1.052,1.0563,6041273.0
2022-06-08,EUR/USD,Forex,1.0524,1.0549,1.052,1.053,6099488.0
2022-06-09,EUR/USD,Forex,1.0496,1.054,1.0449,1.0516,3605086.0
2022-06-10,EUR/USD,Forex,1.0603,1.0662,1.0569,1.0599,13051958.0
2022-06-13,EUR/USD,Forex,0.9974,0.9978,0.9935,0.9952,2963179.0
2022-06-14,EUR/USD,Forex,0.9952,0.9959,0.9941,0.9956,10786797.0
2022-06-15,EUR/USD,Forex,0.9935,0.9975,0.9869,0.9939,5539656.0
2022-06-16,EUR/USD,Forex,0.9897,0.9956,0.9867,0.9924,2716366.0
2022-06-17,EUR/USD,Forex,0.9971,0.9989,0.989,0.9946,3198648.0
2022-06-20,EUR/USD,Forex,0.9952,1.0017,0.9942,0.998,10443891.0
2022-06-21,EUR/USD,Forex,0.9924,0.9989,0.9903,0.9942,4656957.0
2022-06-22,EUR/USD,Forex,0.99,0.9905,0.9882,0.9896,2533566.0
2022-06-23,EUR/USD,Forex,0.9833,0.991,0.9754,0.9861,2905081.0
2022-06-24,EUR/USD,Forex,0.9793,0.982,0.9757,0.9778,3257037.0
2022-06-27,EUR/USD,Forex,0.9691,0.9722,0.9625,0.9686,4173027.0
2022-06-28,EUR/USD,Forex,0.9696,0.9711,0.9694,0.9703,6954983.0
2022-06-29,EUR/USD,Forex,0.9771,0.9787,0.9735,0.9758,8704379.0
2022-06-30,EUR/USD,Forex,0.9804,0.9857,0.9794,0.981,7061019.0
2022-07-01,EUR/USD,Forex,0.9652,0.9694,0.9601,0.967,2083155.0
2022-07-04,EUR/USD,Forex,0.9671,0.9716,0.9646,0.9656,3925430.0
2022-07-05,EUR/USD,Forex,0.9595,0.9606,0.9581,0.9593,7601569.0
2022-07-06,EUR/USD,Forex,0.9598,0.9614,0.9574,0.9602,3017024.0
2022-07-07,EUR/USD,Forex,0.9603,0.9623,0.9495,0.9578,9077714.0
2022-07-08,EUR/USD,Forex,0.9609,0.9626,0.9555,0.9613,3429120.0
2022-07-11,EUR/USD,Forex,0.9614,0.9617,0.9574,0.9612,7707971.0
2022-07-12,EUR/USD,Forex,0.952,0.9554,0.9465,0.9503,6425259.0
2022-07-13,EUR/USD,Forex,0.9436,0.9451,0.9386,0.9449,7129480.0
2022-07-14,EUR/USD,Forex,0.9463,0.9471,0.9412,0.9449,8655708.0
2022-07-15,EUR/USD,Forex,0.9466,0.9512,0.9439,0.9455,3857500.0
2022-07-18,EUR/USD,Forex,0.9401,0.945,0.9336,0.9376,5303677.0
2022-07-19,EUR/USD,Forex,0.9275,0.9329,0.9263,0.929,2609401.0
2022-07-20,EUR/USD,Forex,0.9313,0.9348,0.9278,0.9293,2255229.0
2022-07-21,EUR/USD,Forex,0.9193,0.9255,0.9145,0.9216,7402742.0
2022-07-22,EUR/USD,Forex,0.9134,0.9134,0.9061,0.9124,15419151.0
2022-07-25,EUR/USD,Forex,0.911,0.9119,0.9073,0.91,12140630.0
2022-07-26,EUR/USD,Forex,0.9055,0.9092,0.9032,0.9074,5313449.0
2022-07-27,EUR/USD,Forex,0.9029,0.9034,0.9013,0.9026,4293483.0
2022-07-28,EUR/USD,Forex,0.901,0.9017,0.8951,0.8989,8942303.0
2022-07-29,EUR/USD,Forex,0.8996,0.9019,0.8959,0.899,2800496.0
2022-08-01,EUR/USD,Forex,0.8942,0.9,0.8942,0.8951,1784985.0
2022-08-02,EUR/USD,Forex,0.8968,0.8992,0.8911,0.8956,8725053.0
2022-08-03,EUR/USD,Forex,0.892,0.8944,0.8906,0.8936,5402011.0
2022-08-04,EUR/USD,Forex,0.8972,0.8989,0.8936,0.8945,3391140.0
2022-08-05,EUR/USD,Forex,0.9,0.9016,0.8985,0.8993,7474845.0
2022-08-08,EUR/USD,Forex,0.9054,0.9059,0.9031,0.9038,12092181.0
2022-08-09,EUR/USD,Forex,0.913,0.9161,0.9104,0.9109,3879847.0
2022-08-10,EUR/USD,Forex,0.913,0.9176,0.9123,0.9155,3094967.0
2022-08-11,EUR/USD,Forex,0.9174,0.9199,0.9143,0.9168,10084658.0
2022-08-12,EUR/USD,Forex,0.9159,0.9171,0.9122,0.9145,2889149.0
2022-08-15,EUR/USD,Forex,0.9123,0.9151,0.9121,0.9124,4744842.0
2022-08-16,EUR/USD,Forex,0.9089,0.9118,0.9072,0.9077,9315804.0
2022-08-17,EUR/USD,Forex,0.9076,0.911,0.9064,0.9077,6032369.0
2022-08-18,EUR/USD,Forex,0.9114,0.9128,0.9095,0.9116,8072438.0
2022-08-19,EUR/USD,Forex,0.906,0.9156,0.9045,0.9077,9529577.0
2022-08-22,EUR/USD,Forex,0.9101,0.9164,0.9069,0.9075,4158479.0
2022-08-23,EUR/USD,Forex,0.9035,0.9039,0.8975,0.9039,5607328.0
2022-08-24,EUR/USD,Forex,0.9049,0.9056,0.901,0.905,4435601.0
2022-08-25,EUR/USD,Forex,0.8999,0.903,0.8978,0.9021,3179117.0
2022-08-26,EUR/USD,Forex,0.8963,0.8983,0.8945,0.8981,4290435.0
2022-08-29,EUR/USD,Forex,0.8962,0.8986,0.8931,0.8945,1387251.0
2022-08-30,EUR/USD,Forex,0.8972,0.9023,0.8959,0.8973,5095003.0
2022-08-31,EUR/USD,Forex,0.8978,0.9017,0.8966,0.8968,3775947.0
2022-09-01,EUR/USD,Forex,0.8921,0.8963,0.8877,0.8945,4166668.0
2022-09-02,EUR/USD,Forex,0.8941,0.8986,0.8909,0.896,12609866.0
2022-09-05,EUR/USD,Forex,0.8926,0.8962,0.8922,0.8938,3881558.0
2022-09-06,EUR/USD,Forex,0.9018,0.9033,0.8999,0.8999,2041731.0
2022-09-07,EUR/USD,Forex,0.893,0.8947,0.8921,0.8947,12881146.0
2022-09-08,EUR/USD,Forex,0.8943,0.8965,0.8912,0.8937,1556466.0
2022-09-09,EUR/USD,Forex,0.8864,0.8883,0.8834,0.8862,5921016.0
2022-09-12,EUR/USD,Forex,0.884,0.8876,0.8805,0.8844,4092771.0
2022-09-13,EUR/USD,Forex,0.8776,0.8804,0.8745,0.8756,2546836.0
2022-09-14,EUR/USD,Forex,0.8785,0.881,0.8769,0.8795,5044988.0
2022-09-15,EUR/USD,Forex,0.8817,0.8839,0.8797,0.8836,3843800.0
2022-09-16,EUR/USD,Forex,0.8858,0.8879,0.882,0.8878,2415025.0
2022-09-19,EUR/USD,Forex,0.8883,0.8913,0.8857,0.888,2903686.0
2022-09-20,EUR/USD,Forex,0.8842,0.8851,0.8806,0.8834,8976371.0
2022-09-21,EUR/USD,Forex,0.8795,0.8837,0.8788,0.8792,7997423.0
2022-09-22,EUR/USD,Forex,0.8896,0.8909,0.8858,0.8873,2897605.0
2022-09-23,EUR/USD,Forex,0.8933,0.8989,0.8922,0.895,9167672.0
2022-09-26,EUR/USD,Forex,0.8949,0.8991,0.8943,0.8957,3593517.0
2022-09-27,EUR/USD,Forex,0.8951,0.8958,0.8887,0.8929,2775908.0
2022-09-28,EUR/USD,Forex,0.8987,0.9008,0.898,0.9003,7710842.0
2022-09-29,EUR/USD,Forex,0.8941,0.8975,0.8932,0.8966,9088688.0
2022-09-30,EUR/USD,Forex,0.8987,0.9027,0.8953,0.8979,4103278.0
2022-10-03,EUR/USD,Forex,0.9046,0.9063,0.9033,0.9052,6565984.0
2022-10-04,EUR/USD,Forex,0.9027,0.9089,0.9006,0.9007,
2022-10-05,EUR/USD,Forex,0.9044,0.9087,0.902,0.9052,8684546.0
2022-10-06,EUR/USD,Forex,0.9065,0.9096,0.905,0.9081,27480131.0
2022-10-07,EUR/USD,Forex,0.909,0.9099,0.9007,0.908,5801296.0
2022-10-10,EUR/USD,Forex,0.9053,0.906,0.8996,0.9026,5932352.0
2022-10-11,EUR/USD,Forex,0.9008,0.9027,0.8954,0.8987,3210153.0
2022-10-12,EUR/USD,Forex,0.9022,0.9064,0.8982,0.9003,6222014.0
2022-10-13,EUR/USD,Forex,0.938,0.9397,0.9376,0.9377,2079356.0
2022-10-14,EUR/USD,Forex,0.9396,0.9438,0.9378,0.9385,3320437.0
2022-10-17,EUR/USD,Forex,0.9403,0.9445,0.9346,0.9416,4245137.0
2022-10-18,EUR/USD,Forex,0.9496,0.9505,0.9442,0.9472,12231402.0
2022-10-19,EUR/USD,Forex,0.9383,0.9405,0.9379,0.9393,9142658.0
2022-10-20,EUR/USD,Forex,0.9493,0.9493,0.9444,0.9467,6511111.0
2022-10-21,EUR/USD,Forex,0.9537,0.9604,0.9534,0.9564,2183555.0
2022-10-24,EUR/USD,Forex,0.9591,0.9607,0.9548,0.9588,10138610.0
2022-10-25,EUR/USD,Forex,0.9523,0.9598,0.9505,0.9529,3982809.0
2022-10-26,EUR/USD,Forex,0.9492,0.9521,0.9455,0.9511,6191725.0
2022-10-27,EUR/USD,Forex,0.9527,0.9527,0.9485,0.9508,6757855.0
2022-10-28,EUR/USD,Forex,0.954,0.9552,0.9464,0.9524,10766060.0
2022-10-31,EUR/USD,Forex,0.9539,0.9583,0.9511,0.9526,5526273.0
2022-11-01,EUR/USD,Forex,0.954,0.9579,0.9511,0.9543,3435389.0
2022-11-02,EUR/USD,Forex,0.9533,0.9549,0.9485,0.9538,5571231.0
2022-11-03,EUR/USD,Forex,0.9526,0.956,0.9502,0.9554,4029044.0
2022-11-04,EUR/USD,Forex,0.9519,0.9552,0.9493,0.9528,5948866.0
2022-11-07,EUR/USD,Forex,0.9527,0.9527,0.9465,0.9509,6655248.0
2022-11-08,EUR/USD,Forex,0.9457,0.9511,0.9443,0.9476,2782504.0
2022-11-09,EUR/USD,Forex,0.9614,0.962,0.956,0.9586,5080230.0
2022-11-10,EUR/USD,Forex,0.9673,0.9673,0.9646,0.9671,4609045.0
2022-11-11,EUR/USD,Forex,0.9688,0.9711,0.9665,0.9703,4425946.0
2022-11-14,EUR/USD,Forex,0.9776,0.9804,0.977,0.9781,5053365.0
2022-11-15,EUR/USD,Forex,0.9812,0.9856,0.9802,0.9828,10571754.0
2022-11-16,EUR/USD,Forex,0.9838,0.986,0.9819,0.9839,2521544.0
2022-11-17,EUR/USD,Forex,0.9753,0.9763,0.9716,0.9751,5874506.0
2022-11-18,EUR/USD,Forex,0.9757,0.9758,0.9721,0.9736,5870300.0
2022-11-21,EUR/USD,Forex,0.9731,0.9779,0.9709,0.9717,2710742.0
2022-11-22,EUR/USD,Forex,0.9642,0.9661,0.9609,0.9652,3241618.0
2022-11-23,EUR/USD,Forex,0.9557,0.9599,0.9556,0.9566,7119463.0
2022-11-24,EUR/USD,Forex,0.9617,0.9631,0.9543,0.9595,3064387.0
2022-11-25,EUR/USD,Forex,0.9588,0.9634,0.9548,0.9614,4739209.0
2022-11-28,EUR/USD,Forex,0.9565,0.9582,0.9519,0.9547,2937964.0
2022-11-29,EUR/USD,Forex,0.951,0.951,0.9501,0.9505,4304139.0
2022-11-30,EUR/USD,Forex,0.9565,0.9611,0.9536,0.9571,3324787.0
2022-12-01,EUR/USD,Forex,0.9549,0.9579,0.9469,0.9522,6203604.0
2022-12-02,EUR/USD,Forex,0.9543,0.9547,0.9509,0.9532,7453302.0
2022-12-05,EUR/USD,Forex,0.9496,0.9523,0.9455,0.9521,2746663.0
2022-12-06,EUR/USD,Forex,0.9567,0.9618,0.9518,0.9551,4289679.0
2022-12-07,EUR/USD,Forex,0.9482,0.9556,0.9465,0.9502,5181561.0
2022-12-08,EUR/USD,Forex,0.9531,0.9576,0.9473,0.9508,5110719.0
2022-12-09,EUR/USD,Forex,0.9525,0.9536,0.9516,0.9518,4077081.0
2022-12-12,EUR/USD,Forex,0.9529,0.9549,0.9505,0.9532,4355573.0
2022-12-13,EUR/USD,Forex,0.9543,0.9545,0.9506,0.9537,4807384.0
2022-12-14,EUR/USD,Forex,0.9575,0.96,0.9527,0.9557,2259437.0
2022-12-15,EUR/USD,Forex,0.9672,0.9694,0.9655,0.9683,3071414.0
2022-12-16,EUR/USD,Forex,0.984,0.9886,0.9763,0.9832,11848451.0
2022-12-19,EUR/USD,Forex,0.978,0.9808,0.978,0.9795,12614219.0
2022-12-20,EUR/USD,Forex,0.9641,0.971,0.9617,0.9659,3497278.0
2022-12-21,EUR/USD,Forex,0.9669,0.9711,0.9608,0.9694,9507899.0
2022-12-22,EUR/USD,Forex,0.9732,0.977,0.9695,0.9706,6196484.0
2022-12-23,EUR/USD,Forex,0.9794,0.9811,0.9729,0.9768,5744590.0
2022-12-26,EUR/USD,Forex,0.9813,0.9838,0.9781,0.9785,3169389.0
2022-12-27,EUR/USD,Forex,0.9817,0.9858,0.9768,0.9789,4595243.0
2022-12-28,EUR/USD,Forex,0.9827,0.9874,0.9811,0.9856,5847708.0
2022-12-29,EUR/USD,Forex,0.9905,0.9947,0.9889,0.9931,4166301.0
2022-12-30,EUR/USD,Forex,0.9866,0.9886,0.9831,0.9849,5083718.0
2023-01-02,EUR/USD,Forex,0.98,0.9805,0.974,0.9801,4666829.0
2023-01-03,EUR/USD,Forex,0.978,0.9813,0.9754,0.9796,4027277.0
2023-01-04,EUR/USD,Forex,0.9802,0.9821,0.974,0.9802,7212874.0
2023-01-05,EUR/USD,Forex,0.9802,0.9846,0.9744,0.9789,3776062.0
2023-01-06,EUR/USD,Forex,0.979,0.9857,0.9782,0.9815,7935681.0
2023-01-09,EUR/USD,Forex,0.9866,0.9914,0.9804,0.9874,9919548.0
2023-01-10,EUR/USD,Forex,0.9957,0.9981,0.994,0.9977,3704077.0
2023-01-11,EUR/USD,Forex,1.0005,1.0045,0.9989,1.0012,6834601.0
2023-01-12,EUR/USD,Forex,0.9938,1.0028,0.9938,0.9961,10967608.0
2023-01-13,EUR/USD,Forex,0.9926,0.9975,0.9881,0.9953,4064312.0
2023-01-16,EUR/USD,Forex,0.9964,0.9976,0.9929,0.9949,4433306.0
2023-01-17,EUR/USD,Forex,0.9956,0.9992,0.9944,0.998,1869496.0
2023-01-18,EUR/USD,Forex,1.0032,1.0073,0.9989,1.0004,4161673.0
2023-01-19,EUR/USD,Forex,1.0109,1.0139,1.0109,1.0127,5333135.0
2023-01-20,EUR/USD,Forex,1.0103,1.0144,1.0069,1.01,
2023-01-23,EUR/USD,Forex,1.0109,1.0134,1.0103,1.0124,6147531.0
2023-01-24,EUR/USD,Forex,1.0263,1.0288,1.0256,1.0267,3903034.0
2023-01-25,EUR/USD,Forex,1.0244,1.0259,1.019,1.0232,3984835.0
2023-01-26,EUR/USD,Forex,1.0254,1.0262,1.02,1.0241,7232997.0
2023-01-27,EUR/USD,Forex,1.019,1.0231,1.0155,1.0184,7993538.0
2023-01-30,EUR/USD,Forex,1.0194,1.0213,1.0174,1.0189,15092098.0
2023-01-31,EUR/USD,Forex,1.016,1.0169,1.0133,1.0142,6447047.0
2023-02-01,EUR/USD,Forex,1.0185,1.0217,1.0153,1.0206,7168250.0
2023-02-02,EUR/USD,Forex,1.02,1.0221,1.0198,1.0216,2233542.0
2023-02-03,EUR/USD,Forex,1.0174,1.0237,1.0134,1.0159,14974419.0
2023-02-06,EUR/USD,Forex,1.023,1.0259,1.0193,1.0211,3160829.0
2023-02-07,EUR/USD,Forex,1.024,1.0298,1.0205,1.0222,2819829.0
2023-02-08,EUR/USD,Forex,1.0271,1.0324,1.0212,1.0281,4970494.0
2023-02-09,EUR/USD,Forex,1.0227,1.0277,1.0178,1.0211,3081190.0
2023-02-10,EUR/USD,Forex,1.0209,1.0266,1.02,1.0234,7075496.0
2023-02-13,EUR/USD,Forex,1.0291,1.0327,1.0275,1.0282,3972540.0
2023-02-14,EUR/USD,Forex,1.0263,1.0286,1.025,1.0256,3142586.0
2023-02-15,EUR/USD,Forex,1.0199,1.0214,1.0176,1.0179,
2023-02-16,EUR/USD,Forex,1.0168,1.0198,1.0106,1.0177,9421826.0
2023-02-17,EUR/USD,Forex,1.0269,1.0281,1.0226,1.0253,6787309.0
2023-02-20,EUR/USD,Forex,1.0309,1.0384,1.03,1.0323,2103882.0
2023-02-21,EUR/USD,Forex,1.0275,1.0305,1.0254,1.0297,4838484.0
2023-02-22,EUR/USD,Forex,1.0212,1.0249,1.019,1.0218,6606071.0
2023-02-23,EUR/USD,Forex,1.0219,1.0236,1.0119,1.0192,2196095.0
2023-02-24,EUR/USD,Forex,1.0188,1.0206,1.0138,1.0164,2028175.0
2023-02-27,EUR/USD,Forex,1.0176,1.0211,1.0155,1.0191,8391907.0
2023-02-28,EUR/USD,Forex,1.0198,1.0234,1.0123,1.0186,9420043.0
2023-03-01,EUR/USD,Forex,1.0145,1.0152,1.0122,1.014,1410910.0
2023-03-02,EUR/USD,Forex,1.023,1.0268,1.0181,1.0208,2700234.0
2023-03-03,EUR/USD,Forex,1.0193,1.0223,1.0192,1.0217,7404476.0
2023-03-06,EUR/USD,Forex,1.0275,1.0289,1.0192,1.0244,7401672.0
2023-03-07,EUR/USD,Forex,1.0149,1.0158,1.0129,1.0139,1915732.0
2023-03-08,EUR/USD,Forex,0.9979,1.0007,0.9972,0.9992,
2023-03-09,EUR/USD,Forex,0.9896,0.9946,0.9882,0.9906,5301986.0
2023-03-10,EUR/USD,Forex,0.9476,0.9526,0.9469,0.9482,4724995.0
2023-03-13,EUR/USD,Forex,0.9516,0.9526,0.9506,0.9515,6524666.0
2023-03-14,EUR/USD,Forex,0.9402,0.9441,0.9362,0.9382,4649009.0
2023-03-15,EUR/USD,Forex,0.9495,0.9514,0.9449,0.9472,3916796.0
2023-03-16,EUR/USD,Forex,0.9505,0.952,0.9443,0.9482,13645584.0
2023-03-17,EUR/USD,Forex,0.9553,0.9574,0.9549,0.956,
2023-03-20,EUR/USD,Forex,0.95,0.9519,0.9496,0.9509,1227617.0
2023-03-21,EUR/USD,Forex,0.9553,0.96,0.9509,0.9539,5822199.0
2023-03-22,EUR/USD,Forex,0.9529,0.9552,0.9502,0.9544,3830017.0
2023-03-23,EUR/USD,Forex,0.9567,0.9608,0.9512,0.9591,3941683.0
2023-03-24,EUR/USD,Forex,0.9574,0.9592,0.9555,0.9578,6366808.0
2023-03-27,EUR/USD,Forex,0.9634,0.9641,0.956,0.9606,2932319.0
2023-03-28,EUR/USD,Forex,0.9657,0.9688,0.9621,0.967,4356969.0
2023-03-29,EUR/USD,Forex,0.966,0.9667,0.9599,0.9633,7630970.0
2023-03-30,EUR/USD,Forex,0.9631,0.9681,0.9626,0.9647,1732884.0
2023-03-31,EUR/USD,Forex,0.9546,0.9592,0.9465,0.9538,4780035.0
2023-04-03,EUR/USD,Forex,0.9575,0.9664,0.9547,0.9579,5270832.0
2023-04-04,EUR/USD,Forex,0.97,0.9719,0.9647,0.9692,8314502.0
2023-04-05,EUR/USD,Forex,0.9593,0.9674,0.9568,0.962,4455368.0
2023-04-06,EUR/USD,Forex,0.9592,0.9625,0.9552,0.9615,3631873.0
2023-04-07,EUR/USD,Forex,0.9652,0.9691,0.9633,0.9667,2479033.0
2023-04-10,EUR/USD,Forex,0.9687,0.975,0.9644,0.9669,1382661.0
2023-04-11,EUR/USD,Forex,0.9656,0.969,0.9648,0.9679,8032637.0
2023-04-12,EUR/USD,Forex,0.9675,0.9746,0.9641,0.9657,6590963.0
2023-04-13,EUR/USD,Forex,0.9609,0.964,0.9573,0.9632,3046767.0
2023-04-14,EUR/USD,Forex,0.9654,0.9661,0.9622,0.9628,4769939.0
2023-04-17,EUR/USD,Forex,0.9613,0.9649,0.9591,0.9631,10136313.0
2023-04-18,EUR/USD,Forex,0.9539,0.9589,0.9527,0.9563,3833449.0
2023-04-19,EUR/USD,Forex,0.9531,0.9629,0.953,0.956,5226227.0
2023-04-20,EUR/USD,Forex,0.9636,0.9666,0.9623,0.965,8242819.0
2023-04-21,EUR/USD,Forex,0.9634,0.9642,0.9603,0.9626,4384999.0
2023-04-24,EUR/USD,Forex,0.957,0.9588,0.952,0.9555,4982827.0
2023-04-25,EUR/USD,Forex,0.956,0.9584,0.954,0.9547,4094027.0
2023-04-26,EUR/USD,Forex,0.9512,0.9541,0.9441,0.9507,5600214.0
2023-04-27,EUR/USD,Forex,0.9424,0.9484,0.9419,0.9431,3466727.0
2023-04-28,EUR/USD,Forex,0.946,0.9487,0.9396,0.9439,5518466.0
2023-05-01,EUR/USD,Forex,0.9424,0.9431,0.9358,0.9399,3485553.0
2023-05-02,EUR/USD,Forex,0.936,0.94,0.9359,0.9365,5156420.0
2023-05-03,EUR/USD,Forex,0.9358,0.9397,0.9323,0.9374,2530515.0
2023-05-04,EUR/USD,Forex,0.9262,0.9332,0.9242,0.9288,3234895.0
2023-05-05,EUR/USD,Forex,0.9204,0.9216,0.9185,0.9191,5175331.0
2023-05-08,EUR/USD,Forex,0.9252,0.9282,0.9183,0.9229,7517116.0
2023-05-09,EUR/USD,Forex,0.9145,0.9149,0.9113,0.9122,2950117.0
2023-05-10,EUR/USD,Forex,0.9044,0.9114,0.9039,0.9069,4987155.0
2023-05-11,EUR/USD,Forex,0.895,0.9012,0.8933,0.8972,4580388.0
2023-05-12,EUR/USD,Forex,0.8932,0.8977,0.8909,0.8946,6118681.0
2023-05-15,EUR/USD,Forex,0.8964,0.8976,0.8884,0.897,9710572.0
2023-05-16,EUR/USD,Forex,0.8999,0.9016,0.8963,0.8976,5855628.0
2023-05-17,EUR/USD,Forex,0.9102,0.9116,0.9073,0.9105,10450690.0
2023-05-18,EUR/USD,Forex,0.9185,0.9212,0.9149,0.9165,12807355.0
2023-05-19,EUR/USD,Forex,0.9135,0.9167,0.9077,0.9114,4538287.0
2023-05-22,EUR/USD,Forex,0.9065,9.065999999999999,0.8977,0.9049,5688030.0
2023-05-23,EUR/USD,Forex,0.9183,0.9207,0.9176,0.9197,6746806.0
2023-05-24,EUR/USD,Forex,0.927,0.9317,0.9247,0.9256,3927956.0
2023-05-25,EUR/USD,Forex,0.9821,0.9866,0.9809,0.9844,7233636.0
2023-05-26,EUR/USD,Forex,0.9861,0.988,0.9825,0.9849,4890814.0
2023-05-29,EUR/USD,Forex,0.9861,0.9911,0.9855,0.9866,6987090.0
2023-05-30,EUR/USD,Forex,0.9804,0.982,0.9777,0.9779,7240986.0
2023-05-31,EUR/USD,Forex,0.9765,0.9804,0.9734,0.9788,5694297.0
2023-06-01,EUR/USD,Forex,0.9781,0.9835,0.9758,0.9793,5095266.0
2023-06-02,EUR/USD,Forex,0.9744,0.9761,0.974,0.974,3304330.0
2023-06-05,EUR/USD,Forex,0.9722,0.9757,0.9701,0.971,6624169.0
2023-06-06,EUR/USD,Forex,0.9774,0.9812,0.9736,0.9798,4065909.0
2023-06-07,EUR/USD,Forex,0.9813,0.9824,0.9762,0.9791,6279571.0
2023-06-08,EUR/USD,Forex,0.994,0.9945,0.9907,0.9914,1634137.0
2023-06-09,EUR/USD,Forex,0.981,0.9824,0.9807,0.9811,7245821.0
2023-06-12,EUR/USD,Forex,0.9799,0.9815,0.9752,0.978,3146865.0
2023-06-13,EUR/USD,Forex,0.97,0.9741,0.9686,0.969,5895877.0
2023-06-14,EUR/USD,Forex,0.9601,0.9641,0.9571,0.962,7742554.0
2023-06-15,EUR/USD,Forex,0.9595,0.9604,0.9541,0.9573,3133670.0
2023-06-16,EUR/USD,Forex,0.959,0.9644,0.9581,0.9591,7453785.0
2023-06-19,EUR/USD,Forex,0.9607,0.9609,0.9604,0.9607,3362664.0
2023-06-20,EUR/USD,Forex,0.9572,0.9579,0.9542,0.9569,2657389.0
2023-06-21,EUR/USD,Forex,0.945,0.947,0.9376,0.9441,5924375.0
2023-06-22,EUR/USD,Forex,0.9499,0.9563,0.9496,0.9525,3607697.0
2023-06-23,EUR/USD,Forex,0.9495,0.952,0.9471,0.9509,2107198.0
2023-06-26,EUR/USD,Forex,0.9436,0.9467,0.9381,0.9446,3653951.0
2023-06-27,EUR/USD,Forex,0.9469,0.947,0.9442,0.9462,2386536.0
2023-06-28,EUR/USD,Forex,0.9489,0.9493,0.9474,0.9474,2814673.0
2023-06-29,EUR/USD,Forex,0.9452,0.9474,0.9445,0.9457,7395645.0
2023-06-30,EUR/USD,Forex,0.9466,0.9483,0.9415,0.9465,4095709.0
2023-07-03,EUR/USD,Forex,0.9406,0.9408,0.9389,0.94,16023586.0
2023-07-04,EUR/USD,Forex,0.9461,0.9514,0.9399,0.9444,9165910.0
2023-07-05,EUR/USD,Forex,0.9414,0.9456,0.9346,0.9388,8532718.0
2023-07-06,EUR/USD,Forex,0.9327,0.939,0.928,0.9354,4467735.0
2023-07-07,EUR/USD,Forex,0.9391,0.9398,0.9349,0.9391,4645453.0
2023-07-10,EUR/USD,Forex,0.9462,0.9486,0.9424,0.9459,3478850.0
2023-07-11,EUR/USD,Forex,0.9559,0.9602,0.951,0.955,7125336.0
2023-07-12,EUR/USD,Forex,0.9603,0.9632,0.9558,0.9611,14591355.0
2023-07-13,EUR/USD,Forex,0.9614,0.9624,0.9569,0.9592,8083144.0
2023-07-14,EUR/USD,Forex,0.9513,0.957,0.947,0.9504,2711774.0
2023-07-17,EUR/USD,Forex,0.961,0.9638,0.9572,0.9585,9197244.0
2023-07-18,EUR/USD,Forex,0.9686,0.9753,0.9636,0.9664,1977458.0
2023-07-19,EUR/USD,Forex,0.9631,0.9683,0.962,0.9626,5190707.0
2023-07-20,EUR/USD,Forex,0.9657,0.9695,0.9625,0.9679,2650138.0
2023-07-21,EUR/USD,Forex,0.9641,0.9693,0.961,0.966,3531963.0
2023-07-24,EUR/USD,Forex,0.9753,0.976,0.9735,0.9748,3648034.0
2023-07-25,EUR/USD,Forex,0.9716,0.9732,0.97,0.9718,8347500.0
2023-07-26,EUR/USD,Forex,0.9861,0.9867,0.9832,0.9834,2613870.0
2023-07-27,EUR/USD,Forex,0.9855,0.9918,0.98,0.9881,6725951.0
2023-07-28,EUR/USD,Forex,0.996,1.0006,0.9942,0.9988,5603071.0
2023-07-31,EUR/USD,Forex,0.9946,0.999,0.9917,0.9961,7689285.0
2023-08-01,EUR/USD,Forex,0.9959,0.9986,0.9913,0.9986,2534267.0
2023-08-02,EUR/USD,Forex,0.9945,0.9978,0.9917,0.9928,10481620.0
2023-08-03,EUR/USD,Forex,0.9996,1.0006,0.996,0.9979,3845773.0
2023-08-04,EUR/USD,Forex,1.0058,1.0067,1.0016,1.0033,4910520.0
2023-08-07,EUR/USD,Forex,1.0166,1.0202,1.0111,1.0178,3194571.0
2023-08-08,EUR/USD,Forex,1.019,1.0245,1.0171,1.0208,2514179.0
2023-08-09,EUR/USD,Forex,1.0263,1.0298,1.0237,1.0253,10240115.0
2023-08-10,EUR/USD,Forex,1.0208,1.0241,1.0181,1.0224,5392086.0
2023-08-11,EUR/USD,Forex,1.0278,1.0301,1.022,1.0258,3980538.0
2023-08-14,EUR/USD,Forex,1.024,1.0293,1.02,1.0235,11480928.0
2023-08-15,EUR/USD,Forex,1.0251,1.0286,1.0232,1.0243,3893674.0
2023-08-16,EUR/USD,Forex,1.0261,1.0297,1.0231,1.0254,7544222.0
2023-08-17,EUR/USD,Forex,1.0218,1.0306,1.0191,1.0233,4804987.0
2023-08-18,EUR/USD,Forex,1.0233,1.0248,1.023,1.0237,3626938.0
2023-08-21,EUR/USD,Forex,1.0198,1.0251,1.0176,1.0215,6505063.0
2023-08-22,EUR/USD,Forex,1.0176,1.0249,1.0153,1.0192,2060618.0
2023-08-23,EUR/USD,Forex,1.0252,1.0287,1.0245,1.0258,5487439.0
2023-08-24,EUR/USD,Forex,1.0274,1.0298,1.0208,1.027,5692469.0
2023-08-25,EUR/USD,Forex,1.0267,1.0336,1.0249,1.0291,7108857.0
2023-08-28,EUR/USD,Forex,1.0222,1.024,1.0177,1.0202,5190477.0
2023-08-29,EUR/USD,Forex,1.0206,1.0286,1.017,1.0228,4043318.0
2023-08-30,EUR/USD,Forex,1.0247,1.0285,1.0233,1.0261,5134149.0
2023-08-31,EUR/USD,Forex,1.0209,1.0249,1.0201,1.0237,3895385.0
2023-09-01,EUR/USD,Forex,1.0381,1.0384,1.0324,1.0366,4547903.0
2023-09-04,EUR/USD,Forex,1.0209,1.023,1.0199,1.0224,4140679.0
2023-09-05,EUR/USD,Forex,1.0256,1.0284,1.0224,1.0273,6637015.0
2023-09-06,EUR/USD,Forex,1.0299,1.0373,1.0278,1.0317,
2023-09-07,EUR/USD,Forex,1.0351,1.0365,1.0294,1.0351,2947356.0
2023-09-08,EUR/USD,Forex,1.0357,1.0369,1.0323,1.0363,3606141.0
2023-09-11,EUR/USD,Forex,1.0425,1.0431,1.0389,1.0398,9298042.0
2023-09-12,EUR/USD,Forex,1.0434,1.0474,1.0382,1.0452,7294851.0
2023-09-13,EUR/USD,Forex,1.0417,1.0449,1.0375,1.0407,4776681.0
2023-09-14,EUR/USD,Forex,1.045,1.0459,1.0422,1.0426,4051666.0
2023-09-15,EUR/USD,Forex,1.039,1.0428,1.036,1.0415,6082993.0
2023-09-18,EUR/USD,Forex,1.0318,1.0375,1.0305,1.0348,6980601.0
2023-09-19,EUR/USD,Forex,1.0385,1.04,1.0321,1.0393,4115222.0
2023-09-20,EUR/USD,Forex,1.0333,1.0376,1.0325,1.0358,6608831.0
2023-09-21,EUR/USD,Forex,1.0266,1.0273,1.0262,1.0265,3076279.0
2023-09-22,EUR/USD,Forex,1.0221,1.025,1.0146,1.0233,4300819.0
2023-09-25,EUR/USD,Forex,1.021,1.0256,1.0158,1.0184,4450055.0
2023-09-26,EUR/USD,Forex,1.0262,1.0295,1.0217,1.0248,2686827.0
2023-09-27,EUR/USD,Forex,1.0228,1.029,1.0219,1.0257,4603760.0
2023-09-28,EUR/USD,Forex,1.0354,1.0374,1.0342,1.0343,3067293.0
2023-09-29,EUR/USD,Forex,1.0299,10.324,1.0268,1.0302,5486515.0
2023-10-02,EUR/USD,Forex,1.0367,1.0413,1.0328,1.0357,7551662.0
2023-10-03,EUR/USD,Forex,1.0504,1.0577,1.0488,1.0534,5547446.0
2023-10-04,EUR/USD,Forex,1.0528,1.0583,1.0506,1.0557,4589214.0
2023-10-05,EUR/USD,Forex,1.0628,1.0662,1.0536,1.0612,3150805.0
2023-10-06,EUR/USD,Forex,1.067,1.0746,1.0632,1.0657,1728433.0
2023-10-09,EUR/USD,Forex,1.0554,1.0605,1.0504,1.0566,12263195.0
2023-10-10,EUR/USD,Forex,1.0608,1.061,1.0596,1.0604,9893446.0
2023-10-11,EUR/USD,Forex,1.0623,1.0659,1.0602,1.0624,10784172.0
2023-10-12,EUR/USD,Forex,1.0578,1.0653,1.0513,1.0608,2616796.0
2023-10-13,EUR/USD,Forex,1.0582,1.0593,1.0532,1.0552,3538393.0
2023-10-16,EUR/USD,Forex,1.058,1.0597,1.0567,1.0597,5842364.0
2023-10-17,EUR/USD,Forex,1.052,1.055,1.0509,1.0535,3858836.0
2023-10-18,EUR/USD,Forex,1.0672,1.0683,1.0611,1.0671,3804155.0
2023-10-19,EUR/USD,Forex,1.07,1.0723,1.0677,1.0679,3172126.0
2023-10-20,EUR/USD,Forex,1.0625,1.0649,1.0575,1.0601,13451689.0
2023-10-23,EUR/USD,Forex,1.0569,1.0609,1.0545,1.0569,7092458.0
2023-10-24,EUR/USD,Forex,1.0582,1.0584,1.0547,1.0551,7021901.0
2023-10-25,EUR/USD,Forex,1.0728,1.0738,1.0667,1.0705,3972686.0
2023-10-26,EUR/USD,Forex,1.0665,1.0696,1.0644,1.0648,2275803.0
2023-10-27,EUR/USD,Forex,1.0646,1.0666,1.0637,1.0641,8789276.0
2023-10-30,EUR/USD,Forex,1.0613,1.0633,1.0591,1.0608,7210741.0
2023-10-31,EUR/USD,Forex,1.0621,1.0647,1.0607,1.064,4126098.0
2023-11-01,EUR/USD,Forex,1.1025,1.1099,1.0991,1.1033,5388311.0
2023-11-02,EUR/USD,Forex,1.0955,1.1021,1.0882,1.0958,6164511.0
2023-11-03,EUR/USD,Forex,1.0956,1.096,1.0941,1.0946,8232693.0
2023-11-06,EUR/USD,Forex,1.0935,1.0995,1.088,1.0927,5534573.0
2023-11-07,EUR/USD,Forex,1.0913,1.0959,1.0835,1.0888,2970553.0
2023-11-08,EUR/USD,Forex,1.0841,1.088,1.0822,1.0854,1315725.0
2023-11-09,EUR/USD,Forex,1.0934,1.097,1.0923,1.0931,1002965.0
2023-11-10,EUR/USD,Forex,1.0891,1.0918,1.088,1.0911,5880135.0
2023-11-13,EUR/USD,Forex,1.0823,1.0841,1.0821,1.0837,3377774.0
2023-11-14,EUR/USD,Forex,1.0793,1.0811,1.0766,1.0808,4295662.0
2023-11-15,EUR/USD,Forex,1.0804,1.0831,1.0744,1.0812,9637797.0
2023-11-16,EUR/USD,Forex,1.0743,1.0749,1.0692,1.0726,
2023-11-17,EUR/USD,Forex,1.0802,1.0884,1.0801,1.0831,12848326.0
2023-11-20,EUR/USD,Forex,1.0856,1.0911,1.0849,1.0888,5567996.0
2023-11-21,EUR/USD,Forex,1.0997,1.1027,1.0934,1.0982,4573726.0
2023-11-22,EUR/USD,Forex,1.0986,1.1023,1.0953,1.1008,5514217.0
2023-11-23,EUR/USD,Forex,1.0901,1.0968,1.087,1.087,2354504.0
2023-11-24,EUR/USD,Forex,1.0979,1.0993,1.0969,1.0971,4101656.0
2023-11-27,EUR/USD,Forex,1.0908,1.0941,1.0903,1.0915,6812384.0
2023-11-28,EUR/USD,Forex,1.0864,1.0871,1.0829,1.0864,3850564.0
2023-11-29,EUR/USD,Forex,1.0858,1.0882,1.08,1.0875,8279759.0
2023-11-30,EUR/USD,Forex,1.0959,1.0976,1.0942,1.0965,2174236.0
2023-12-01,EUR/USD,Forex,1.1013,1.1076,1.0968,1.1035,6304696.0
2023-12-04,EUR/USD,Forex,1.1083,1.1101,1.1069,1.1096,7277413.0
2023-12-05,EUR/USD,Forex,1.1048,1.1081,1.1031,1.1075,9841242.0
2023-12-06,EUR/USD,Forex,1.1075,1.1094,1.1054,1.1054,8099291.0
2023-12-07,EUR/USD,Forex,1.105,1.1086,1.1007,1.1078,5560015.0
2023-12-08,EUR/USD,Forex,1.1102,1.1134,1.1038,1.107,8540837.0
2023-12-11,EUR/USD,Forex,1.1143,1.1177,1.112,1.1129,3340020.0
2023-12-12,EUR/USD,Forex,1.1216,1.1235,1.1184,1.1185,6613238.0
2023-12-13,EUR/USD,Forex,1.1193,1.1256,1.1186,1.1225,6752948.0
2023-12-14,EUR/USD,Forex,1.1043,1.1058,1.0995,1.1056,9437310.0
2023-12-15,EUR/USD,Forex,1.1051,1.1099,1.1006,1.1065,5000762.0
2023-12-18,EUR/USD,Forex,1.1035,1.1086,1.1033,1.1058,6238986.0
2023-12-19,EUR/USD,Forex,1.104,1.1093,1.0992,1.107,4823513.0
2023-12-20,EUR/USD,Forex,1.1024,1.1026,1.0975,1.102,5515575.0
2023-12-21,EUR/USD,Forex,1.0948,1.0971,1.0899,1.0933,3795140.0
2023-12-22,EUR/USD,Forex,1.0948,1.1023,1.0939,1.0964,12396741.0
2023-12-25,EUR/USD,Forex,1.0957,1.0969,1.0925,1.0941,3566193.0
2023-12-26,EUR/USD,Forex,1.0991,1.1032,1.0929,1.098,5563130.0
2023-12-27,EUR/USD,Forex,1.0965,1.1022,1.0888,1.0936,7332585.0
2023-12-28,EUR/USD,Forex,1.1015,1.1065,1.1006,1.1029,4031618.0
2023-12-29,EUR/USD,Forex,1.1077,1.1099,1.1071,1.1096,3535305.0
2024-01-01,EUR/USD,Forex,1.1139,1.1176,1.1103,1.1117,5338212.0
2024-01-02,EUR/USD,Forex,1.1085,1.1175,1.1053,1.1103,10618373.0
2024-01-03,EUR/USD,Forex,1.1156,1.1174,1.1105,1.116,4626194.0
2024-01-04,EUR/USD,Forex,1.118,1.1199,1.1148,1.1187,2148966.0
2024-01-05,EUR/USD,Forex,1.1231,1.1318,1.1169,1.1204,4986377.0
2024-01-08,EUR/USD,Forex,1.1303,1.1347,1.122,1.1274,6065055.0
2024-01-09,EUR/USD,Forex,1.1339,1.1399,1.1276,1.1371,5296883.0
2024-01-10,EUR/USD,Forex,1.1288,1.1304,1.1283,1.1287,10644129.0
2024-01-11,EUR/USD,Forex,1.1207,1.1282,1.1192,1.1216,18229424.0
2024-01-12,EUR/USD,Forex,1.1136,1.121,1.1097,1.1164,10224124.0
2024-01-15,EUR/USD,Forex,1.1417,1.1426,1.138,1.1399,3177416.0
2024-01-16,EUR/USD,Forex,1.1407,1.142,1.1389,1.1395,3974608.0
2024-01-17,EUR/USD,Forex,1.1461,1.1483,1.1395,1.1437,6092315.0
2024-01-18,EUR/USD,Forex,1.1437,1.1461,1.1384,1.1436,11672583.0
2024-01-19,EUR/USD,Forex,1.1427,1.1433,1.1395,1.14,8029736.0
2024-01-22,EUR/USD,Forex,1.1488,1.1506,1.1461,1.1477,3812861.0
2024-01-23,EUR/USD,Forex,1.1488,1.1566,1.148,1.1488,4086031.0
2024-01-24,EUR/USD,Forex,1.1484,1.154,1.1446,1.1512,
2024-01-25,EUR/USD,Forex,1.1603,1.1606,1.1589,1.1592,9437850.0
2024-01-26,EUR/USD,Forex,1.1575,1.1624,1.1562,1.1584,2528610.0
2024-01-29,EUR/USD,Forex,1.1693,1.1751,1.1636,1.1728,6782144.0
2024-01-30,EUR/USD,Forex,1.1719,1.1745,1.1657,1.1697,2373256.0
2024-01-31,EUR/USD,Forex,1.1859,1.1939,1.1792,1.1838,5352660.0
2024-02-01,EUR/USD,Forex,1.1777,1.1827,1.1732,1.1769,5112363.0
2024-02-02,EUR/USD,Forex,1.1788,1.1828,1.1774,1.1806,4215384.0
2024-02-05,EUR/USD,Forex,1.1751,1.1805,1.1739,1.1761,7192778.0
2024-02-06,EUR/USD,Forex,1.1806,1.1848,1.1719,1.1841,5239716.0
2024-02-07,EUR/USD,Forex,1.183,1.1865,1.1754,1.1808,2674270.0
2024-02-08,EUR/USD,Forex,1.1817,1.1888,1.1804,1.1829,2148209.0
2024-02-09,EUR/USD,Forex,1.1811,1.1867,1.1762,1.1783,2752864.0
2024-02-12,EUR/USD,Forex,1.1824,1.1854,1.1805,1.185,2971619.0
2024-02-13,EUR/USD,Forex,1.1793,1.1874,1.1776,1.1804,2584607.0
2024-02-14,EUR/USD,Forex,1.1956,1.1987,1.1913,1.1924,2707534.0
2024-02-15,EUR/USD,Forex,1.1851,1.1907,1.1816,1.1853,8144519.0
2024-02-16,EUR/USD,Forex,1.1757,1.1775,1.1756,1.1758,2983697.0
2024-02-19,EUR/USD,Forex,1.183,1.1876,1.1763,1.1826,6381296.0
2024-02-20,EUR/USD,Forex,1.18,1.1826,1.1758,1.1784,5782304.0
2024-02-21,EUR/USD,Forex,1.1786,1.1804,1.172,1.1784,3709159.0
2024-02-22,EUR/USD,Forex,1.173,1.1782,1.1683,1.1762,4175750.0
2024-02-23,EUR/USD,Forex,1.1653,1.1707,1.1572,1.167,5979668.0
2024-02-26,EUR/USD,Forex,1.166,1.1668,1.1623,1.1665,12536033.0
2024-02-27,EUR/USD,Forex,1.1735,1.1771,1.1721,1.1755,5064676.0
2024-02-28,EUR/USD,Forex,1.1853,1.1875,1.1805,1.1826,4542126.0
2024-02-29,EUR/USD,Forex,1.1857,1.1873,1.1823,1.1843,7293268.0
2024-03-01,EUR/USD,Forex,1.1952,1.1973,1.1889,1.1923,9847770.0
2024-03-04,EUR/USD,Forex,1.185,1.1878,1.1844,1.1847,6367362.0
2024-03-05,EUR/USD,Forex,1.1805,1.1844,1.1796,1.1825,5297976.0
2024-03-06,EUR/USD,Forex,1.1867,1.1899,1.1835,1.1853,2178037.0
2024-03-07,EUR/USD,Forex,1.186,1.1866,1.1801,1.1845,3281691.0
2024-03-08,EUR/USD,Forex,1.1807,1.1865,1.179,1.1828,2857692.0
2024-03-11,EUR/USD,Forex,1.1711,1.1775,1.1665,1.1743,3695927.0
2024-03-12,EUR/USD,Forex,1.1582,1.1604,1.1519,1.1597,7081024.0
2024-03-13,EUR/USD,Forex,1.1649,1.1679,1.1634,1.1655,6428964.0
2024-03-14,EUR/USD,Forex,1.1689,1.1769,1.1665,1.1672,5469007.0
2024-03-15,EUR/USD,Forex,1.1727,1.1783,1.1704,1.1736,3591286.0
2024-03-18,EUR/USD,Forex,1.1689,1.1718,1.167,1.1706,4667434.0
2024-03-19,EUR/USD,Forex,1.1655,1.166,1.1595,1.1656,4742730.0
2024-03-20,EUR/USD,Forex,1.1672,1.1698,1.1616,1.1657,3892074.0
2024-03-21,EUR/USD,Forex,1.1748,1.1806,1.1695,1.1718,3198946.0
2024-03-22,EUR/USD,Forex,1.1676,1.1753,1.1652,1.1702,2662948.0
2024-03-25,EUR/USD,Forex,1.1727,1.1789,1.1703,1.1759,6825160.0
2024-03-26,EUR/USD,Forex,1.1711,1.1747,1.1657,1.1688,9764729.0
2024-03-27,EUR/USD,Forex,1.1707,1.177,1.1635,1.1678,2538948.0
2024-03-28,EUR/USD,Forex,1.1649,1.1687,1.1621,1.1673,5042464.0
2024-03-29,EUR/USD,Forex,1.1752,1.1795,1.1723,1.176,9024270.0
2024-04-01,EUR/USD,Forex,1.1798,1.183,1.1714,1.1775,7667102.0
2024-04-02,EUR/USD,Forex,1.1886,1.1907,1.1883,1.1899,3627832.0
2024-04-03,EUR/USD,Forex,1.1837,1.1907,1.1788,1.1803,6144444.0
2024-04-04,EUR/USD,Forex,1.1829,1.1877,1.1811,1.1813,6226765.0
2024-04-05,EUR/USD,Forex,1.1793,1.1892,1.1747,1.1827,10124825.0
2024-04-08,EUR/USD,Forex,1.1846,1.1907,1.1782,1.1871,5190258.0
2024-04-09,EUR/USD,Forex,1.1822,1.1858,1.1757,1.1814,3477925.0
2024-04-10,EUR/USD,Forex,1.1956,1.1962,1.1922,1.1934,2848020.0
2024-04-11,EUR/USD,Forex,1.1919,1.1955,1.1905,1.1935,6014272.0
2024-04-12,EUR/USD,Forex,1.1878,1.192,1.1816,1.1858,1723326.0
2024-04-15,EUR/USD,Forex,1.1831,1.1921,1.1826,1.1858,7691740.0
2024-04-16,EUR/USD,Forex,1.1863,1.1879,1.1823,1.1836,5532663.0
2024-04-17,EUR/USD,Forex,1.2036,1.2043,1.2031,1.2034,4925035.0
2024-04-18,EUR/USD,Forex,1.2134,1.2216,1.2106,1.211,2070442.0
2024-04-19,EUR/USD,Forex,1.2094,1.2151,1.2067,1.2115,8369517.0
2024-04-22,EUR/USD,Forex,1.2097,1.2113,1.2075,1.2107,1252397.0
2024-04-23,EUR/USD,Forex,1.2201,1.2223,1.2088,1.2177,5208330.0
2024-04-24,EUR/USD,Forex,1.2226,1.2261,1.2179,1.225,5689786.0
2024-04-25,EUR/USD,Forex,1.2032,1.2063,1.1977,1.2037,6947585.0
2024-04-26,EUR/USD,Forex,1.2052,1.2141,1.2039,1.2084,18230193.0
2024-04-29,EUR/USD,Forex,1.2116,1.2119,1.2053,1.2087,6568222.0
2024-04-30,EUR/USD,Forex,1.2017,1.2055,1.1976,1.1992,3841329.0
2024-05-01,EUR/USD,Forex,1.2075,1.2084,1.2036,1.2056,3581505.0
2024-05-02,EUR/USD,Forex,1.2212,1.2261,1.2168,1.2219,3839744.0
2024-05-03,EUR/USD,Forex,1.2225,1.2292,1.2168,1.2261,4621211.0
2024-05-06,EUR/USD,Forex,1.2369,1.2381,1.2296,1.2342,3146272.0
2024-05-07,EUR/USD,Forex,1.2443,1.2514,1.2401,1.2476,9791265.0
2024-05-08,EUR/USD,Forex,1.2437,1.2477,1.2401,1.2415,5995025.0
2024-05-09,EUR/USD,Forex,1.23,1.2337,1.225,1.2277,8232982.0
2024-05-10,EUR/USD,Forex,1.2295,1.2336,1.2236,1.2326,9514010.0
2024-05-13,EUR/USD,Forex,1.2281,1.235,1.2231,1.2308,3099386.0
2024-05-14,EUR/USD,Forex,1.2182,1.2225,1.2153,1.2208,7885450.0
2024-05-15,EUR/USD,Forex,1.2201,1.2253,1.216,1.2203,7119962.0
2024-05-16,EUR/USD,Forex,1.2291,1.2298,1.2247,1.2256,6974938.0
2024-05-17,EUR/USD,Forex,1.2218,1.231,1.2204,1.2246,4093375.0
2024-05-20,EUR/USD,Forex,1.2211,1.2251,1.2114,1.2189,3942309.0
2024-05-21,EUR/USD,Forex,1.2204,1.2302,1.2171,1.2173,3052775.0
2024-05-22,EUR/USD,Forex,1.2163,1.2219,1.2161,1.2172,2368044.0
2024-05-23,EUR/USD,Forex,1.2042,1.2053,1.1998,1.2032,2958938.0
2024-05-24,EUR/USD,Forex,1.1991,1.2041,1.1982,1.2022,12744022.0
2024-05-27,EUR/USD,Forex,1.1944,1.1944,1.192,1.1926,3936352.0
2024-05-28,EUR/USD,Forex,1.1958,1.1984,1.193,1.1974,8038701.0
2024-05-29,EUR/USD,Forex,1.1889,1.194,1.1804,1.1862,4305272.0
2024-05-30,EUR/USD,Forex,1.1909,1.1936,1.1908,1.1935,6458418.0
2024-05-31,EUR/USD,Forex,1.1941,1.2007,1.1888,1.1906,9346597.0
2024-06-03,EUR/USD,Forex,1.1873,1.1914,1.1852,1.1868,6334484.0
2024-06-04,EUR/USD,Forex,1.1902,1.1959,1.1869,1.1889,6083463.0
2024-06-05,EUR/USD,Forex,1.1807,1.1858,1.1791,1.1828,5812579.0
2024-06-06,EUR/USD,Forex,1.1828,1.1851,1.1764,1.1849,2675733.0
2024-06-07,EUR/USD,Forex,1.1828,1.1836,1.1733,1.1797,5237208.0
2024-06-10,EUR/USD,Forex,1.1784,1.1832,1.1725,1.1758,3718724.0
2024-06-11,EUR/USD,Forex,1.1817,1.1819,1.1784,1.1788,3476859.0
2024-06-12,EUR/USD,Forex,1.1715,1.1734,1.1679,1.1708,10932374.0
2024-06-13,EUR/USD,Forex,1.1587,1.1628,1.1572,1.1619,4939577.0
2024-06-14,EUR/USD,Forex,1.1604,1.1699,1.1594,1.1637,1748830.0
2024-06-17,EUR/USD,Forex,1.1637,1.166,1.1612,1.1636,7021282.0
2024-06-18,EUR/USD,Forex,1.1632,1.1708,1.1584,1.1648,4192869.0
2024-06-19,EUR/USD,Forex,1.1681,1.1691,1.167,1.1672,4928197.0
2024-06-20,EUR/USD,Forex,1.1654,1.1693,1.1594,1.1676,11125313.0
2024-06-21,EUR/USD,Forex,1.173,1.1732,1.1698,1.172,7034284.0
2024-06-24,EUR/USD,Forex,1.1757,1.1784,1.1707,1.1727,3908748.0
2024-06-25,EUR/USD,Forex,1.1615,1.167,1.1554,1.1586,5351446.0
2024-06-26,EUR/USD,Forex,1.1457,1.1482,1.1434,1.1465,8191168.0
2024-06-27,EUR/USD,Forex,1.1576,1.1677,1.1524,1.1599,4593728.0
2024-06-28,EUR/USD,Forex,1.1621,1.1666,1.1575,1.1599,
2024-07-01,EUR/USD,Forex,1.1646,1.1702,1.1634,1.1666,6794719.0
2024-07-02,EUR/USD,Forex,1.1627,1.1662,1.1597,1.1642,7783890.0
2024-07-03,EUR/USD,Forex,1.165,1.1685,1.1593,1.1639,1461846.0
2024-07-04,EUR/USD,Forex,1.1639,1.1661,1.1574,1.1608,3785955.0
2024-07-05,EUR/USD,Forex,1.1771,1.1823,1.1733,1.178,4136264.0
2024-07-08,EUR/USD,Forex,1.1816,1.1879,1.179,1.1799,6824167.0
2024-07-09,EUR/USD,Forex,1.1757,1.1771,1.173,1.1761,7909159.0
2024-07-10,EUR/USD,Forex,1.1666,1.1668,1.1618,1.1645,2828600.0
2024-07-11,EUR/USD,Forex,1.1424,1.1438,1.1371,1.1435,11038774.0
2024-07-12,EUR/USD,Forex,1.1431,1.1476,1.14,1.1424,4926845.0
2024-07-15,EUR/USD,Forex,1.1443,1.1499,1.1387,1.1475,8145317.0
2024-07-16,EUR/USD,Forex,1.1501,1.1576,1.1471,1.1535,3701292.0
2024-07-17,EUR/USD,Forex,1.1481,1.1535,1.1453,1.1504,2206005.0
2024-07-18,EUR/USD,Forex,1.1556,1.1562,1.1518,1.1551,9189131.0
2024-07-19,EUR/USD,Forex,1.1516,1.1551,1.1468,1.1509,5324555.0
2024-07-22,EUR/USD,Forex,1.1423,1.1477,1.1421,1.1441,3135307.0
2024-07-23,EUR/USD,Forex,1.1528,1.156,1.1491,1.1522,11210177.0
2024-07-24,EUR/USD,Forex,1.1513,1.1513,1.1505,1.1512,3885134.0
2024-07-25,EUR/USD,Forex,1.1519,1.1596,1.1489,1.1548,2814538.0
2024-07-26,EUR/USD,Forex,1.1597,1.1618,1.156,1.1577,7870403.0
2024-07-29,EUR/USD,Forex,1.1592,1.1637,1.1579,1.1622,2105738.0
2024-07-30,EUR/USD,Forex,1.1495,1.1526,1.1429,1.1514,8786151.0
2024-07-31,EUR/USD,Forex,1.1449,1.1553,1.1425,1.1474,3915861.0
2024-08-01,EUR/USD,Forex,1.1461,1.147,1.1383,1.1452,2527467.0
2024-08-02,EUR/USD,Forex,1.1377,1.1437,1.1338,1.1396,5232803.0
2024-08-05,EUR/USD,Forex,1.1419,1.1447,1.1411,1.1426,4710193.0
2024-08-06,EUR/USD,Forex,1.152,1.1549,1.1444,1.1508,6359245.0
2024-08-07,EUR/USD,Forex,1.1586,1.1628,1.1538,1.1601,13237666.0
2024-08-08,EUR/USD,Forex,1.1544,1.1587,1.1537,1.1578,1743315.0
2024-08-09,EUR/USD,Forex,1.1588,1.1603,1.1583,1.1599,4984044.0
2024-08-12,EUR/USD,Forex,1.1624,1.1645,1.1583,1.163,4133718.0
2024-08-13,EUR/USD,Forex,1.1643,1.1683,1.1641,1.1674,4138099.0
2024-08-14,EUR/USD,Forex,1.1608,1.1632,1.1587,1.1613,4108198.0
2024-08-15,EUR/USD,Forex,1.1774,1.1776,1.1724,1.1741,1972362.0
2024-08-16,EUR/USD,Forex,1.1791,1.1811,1.1729,1.1807,3155957.0
2024-08-19,EUR/USD,Forex,1.1849,1.1903,1.1799,1.1875,4993309.0
2024-08-20,EUR/USD,Forex,1.1945,1.1989,1.1927,1.1961,5937571.0
2024-08-21,EUR/USD,Forex,1.2033,1.207,1.197,1.2,4044942.0
2024-08-22,EUR/USD,Forex,1.1959,1.1992,1.191,1.1927,3565856.0
2024-08-23,EUR/USD,Forex,1.1882,1.1938,1.1851,1.1917,4540241.0
2024-08-26,EUR/USD,Forex,1.1828,1.1838,1.1787,1.18,9964526.0
2024-08-27,EUR/USD,Forex,1.1838,1.1854,1.1739,1.183,6065767.0
2024-08-28,EUR/USD,Forex,1.179,1.1827,1.1789,1.1818,5103829.0
2024-08-29,EUR/USD,Forex,1.1802,1.1847,1.1718,1.1816,9438943.0
2024-08-30,EUR/USD,Forex,1.1908,1.1919,1.1865,1.1902,4317831.0
2024-09-02,EUR/USD,Forex,1.1891,1.1891,1.1843,1.187,3742551.0
2024-09-03,EUR/USD,Forex,1.1836,1.1854,1.1835,1.1853,2372102.0
2024-09-04,EUR/USD,Forex,1.1856,1.1858,1.1847,1.1855,2890097.0
2024-09-05,EUR/USD,Forex,1.1732,1.1737,1.1702,1.1725,2972129.0
2024-09-06,EUR/USD,Forex,1.1714,1.1742,1.1644,1.1706,9130695.0
2024-09-09,EUR/USD,Forex,1.1509,1.1564,1.1485,1.1532,1794671.0
2024-09-10,EUR/USD,Forex,1.1481,1.1566,1.1476,1.1493,5241729.0
2024-09-11,EUR/USD,Forex,1.1585,1.1595,1.1538,1.1552,8023814.0
2024-09-12,EUR/USD,Forex,1.1554,1.1596,1.1502,1.1584,2830085.0
2024-09-13,EUR/USD,Forex,1.1577,1.1598,1.1466,1.1543,4337544.0
2024-09-16,EUR/USD,Forex,1.158,1.159,1.151,1.1546,4678117.0
2024-09-17,EUR/USD,Forex,1.1453,1.1475,1.1392,1.1472,3802799.0
2024-09-18,EUR/USD,Forex,1.145,1.1542,1.1432,1.1473,4509489.0
2024-09-19,EUR/USD,Forex,1.1702,1.1724,1.1649,1.1675,4164855.0
2024-09-20,EUR/USD,Forex,1.179,1.1881,1.1761,1.1805,6345996.0
2024-09-23,EUR/USD,Forex,1.1794,1.1837,1.1755,1.1809,6507211.0
2024-09-24,EUR/USD,Forex,1.1792,1.1862,1.1783,1.1821,16340303.0
2024-09-25,EUR/USD,Forex,1.1725,1.1778,1.1654,1.1752,3671313.0
2024-09-26,EUR/USD,Forex,1.1696,1.1738,1.1671,1.1696,5801486.0
2024-09-27,EUR/USD,Forex,1.1745,1.1777,1.1664,1.1722,8068915.0
2024-09-30,EUR/USD,Forex,1.1702,1.1734,1.1631,1.1686,5851595.0
2024-10-01,EUR/USD,Forex,1.1733,1.1786,1.1721,1.175,9413334.0
2024-10-02,EUR/USD,Forex,1.1885,1.1924,1.182,1.1861,3481026.0
2024-10-03,EUR/USD,Forex,1.1909,1.1917,1.1853,1.1886,11026701.0
2024-10-04,EUR/USD,Forex,1.1885,1.1954,1.1869,1.1893,10879257.0
2024-10-07,EUR/USD,Forex,1.1787,1.1845,1.177,1.1774,10459871.0
2024-10-08,EUR/USD,Forex,1.1861,1.1885,1.1806,1.1827,4594548.0
2024-10-09,EUR/USD,Forex,1.1781,1.18,1.1742,1.1747,4313541.0
2024-10-10,EUR/USD,Forex,1.1692,1.1744,1.1644,1.1718,5014323.0
2024-10-11,EUR/USD,Forex,1.176,1.1793,1.1667,1.1786,2896461.0
2024-10-14,EUR/USD,Forex,1.1853,1.1898,1.185,1.1859,4389404.0
2024-10-15,EUR/USD,Forex,1.1821,1.1835,1.1798,1.1827,2363220.0
2024-10-16,EUR/USD,Forex,1.1827,1.185,1.1793,1.1798,6337338.0
2024-10-17,EUR/USD,Forex,1.1752,1.177,1.1734,1.175,3610179.0
2024-10-18,EUR/USD,Forex,1.1644,1.1692,1.1586,1.1666,9252501.0
2024-10-21,EUR/USD,Forex,1.1654,1.1661,1.1533,1.1622,3484143.0
2024-10-22,EUR/USD,Forex,1.1507,1.1511,1.1472,1.151,3110797.0
2024-10-23,EUR/USD,Forex,1.1538,1.1599,1.1492,1.1558,5315316.0
2024-10-24,EUR/USD,Forex,1.1619,1.1644,1.1566,1.1586,4836798.0
2024-10-25,EUR/USD,Forex,1.1633,1.1656,1.159,1.1625,3693154.0
2024-10-28,EUR/USD,Forex,1.154,1.1598,1.1528,1.1559,7005113.0
2024-10-29,EUR/USD,Forex,1.1448,1.1481,1.1419,1.1477,4662582.0
2024-10-30,EUR/USD,Forex,1.1485,1.1517,1.1445,1.1481,2912010.0
2024-10-31,EUR/USD,Forex,1.1481,1.1505,1.1472,1.1486,6270421.0
2024-11-01,EUR/USD,Forex,1.145,1.1491,1.1438,1.1477,2113109.0
2024-11-04,EUR/USD,Forex,1.1443,1.1473,1.1417,1.1457,9230091.0
2024-11-05,EUR/USD,Forex,1.1566,1.1586,1.155,1.1575,1736127.0
2024-11-06,EUR/USD,Forex,1.2195,1.2224,1.2142,1.2184,2056249.0
2024-11-07,EUR/USD,Forex,1.2345,1.2396,1.231,1.2329,3518551.0
2024-11-08,EUR/USD,Forex,1.2418,1.243,1.2383,1.2423,1545326.0
2024-11-11,EUR/USD,Forex,1.2559,1.2602,1.2536,1.2551,6036148.0
2024-11-12,EUR/USD,Forex,1.2483,1.2501,1.2465,1.2471,8736489.0
2024-11-13,EUR/USD,Forex,1.2547,1.2562,1.2449,1.2516,4839684.0
2024-11-14,EUR/USD,Forex,1.2475,1.2495,1.2432,1.2484,4538721.0
2024-11-15,EUR/USD,Forex,1.2388,1.2439,1.23,1.236,8333331.0
2024-11-18,EUR/USD,Forex,1.2465,1.2501,1.2459,1.2472,4151366.0
2024-11-19,EUR/USD,Forex,1.2485,1.2539,1.2384,1.245,5165604.0
2024-11-20,EUR/USD,Forex,1.2387,1.2396,1.2314,1.2372,4659723.0
2024-11-21,EUR/USD,Forex,1.2353,1.2401,1.2317,1.2342,5445152.0
2024-11-22,EUR/USD,Forex,1.2251,1.232,1.2223,1.2284,2695965.0
2024-11-25,EUR/USD,Forex,1.2231,1.2246,1.2175,1.2233,15072025.0
2024-11-26,EUR/USD,Forex,1.2248,1.2283,1.2171,1.2217,4413584.0
2024-11-27,EUR/USD,Forex,1.2363,1.2396,1.2328,1.2345,2475802.0
2024-11-28,EUR/USD,Forex,1.2271,1.2298,1.2235,1.2296,3457609.0
2024-11-29,EUR/USD,Forex,1.245,1.2463,1.2404,1.2419,4308116.0
2024-12-02,EUR/USD,Forex,1.2461,1.2484,1.2407,1.2483,6514167.0
2024-12-03,EUR/USD,Forex,1.2504,1.2518,1.2484,1.2513,3400490.0
2024-12-04,EUR/USD,Forex,1.255,1.2641,1.255,1.257,14059544.0
2024-12-05,EUR/USD,Forex,1.2593,1.26,1.2537,1.2572,6958799.0
2024-12-06,EUR/USD,Forex,1.264,1.2722,1.2633,1.2669,5141693.0
2024-12-09,EUR/USD,Forex,1.27,1.2746,1.267,1.2713,8644494.0
2024-12-10,EUR/USD,Forex,1.2623,1.273,1.2572,1.2587,
2024-12-11,EUR/USD,Forex,1.2609,1.2683,1.2556,1.261,3351938.0
2024-12-12,EUR/USD,Forex,1.2704,1.272,1.2663,1.267,5598504.0
2024-12-13,EUR/USD,Forex,1.2655,1.2663,1.2624,1.2648,6664609.0
2024-12-16,EUR/USD,Forex,1.2683,1.2732,1.2651,1.2659,5627533.0
2024-12-17,EUR/USD,Forex,1.2603,1.2655,1.26,,21676761.0
2024-12-18,EUR/USD,Forex,1.2517,1.2549,1.2486,1.2509,6838133.0
2024-12-19,EUR/USD,Forex,1.2429,1.2505,1.2382,1.2393,8986647.0
2024-12-20,EUR/USD,Forex,1.2288,1.2298,1.2246,1.228,7246477.0
2024-12-23,EUR/USD,Forex,1.2328,1.2382,1.2311,1.233,3881956.0
2024-12-24,EUR/USD,Forex,1.2129,1.2161,1.2087,,4050768.0
2024-12-25,EUR/USD,Forex,1.2079,1.2102,1.2039,1.2098,17035411.0
2024-12-26,EUR/USD,Forex,1.2054,1.2131,1.2025,1.2043,7720670.0
2024-12-27,EUR/USD,Forex,1.2038,1.2056,1.1988,1.2023,3898396.0
2024-12-30,EUR/USD,Forex,1.1889,1.1917,1.1874,1.189,6586459.0
2024-12-31,EUR/USD,Forex,1.1894,1.1958,1.1884,1.1919,3523474.0
2024-01-23,XOM,Energy,58.4008,59.3286,57.625,58.8538,2069540.0
2023-02-17,XOM,Energy,66.3548,68.3116,66.2369,66.7369,3122991.0
2024-06-04,XOM,Energy,60.8151,60.9667,59.8411,60.6908,1442466.0
2024-11-15,AAPL,Technology,124.53,126.6369,124.4904,125.5186,3333215.0
2024-04-09,MSFT,Technology,125.3627,125.4476,122.7762,124.8378,5411278.0
2024-12-06,EUR/USD,Forex,1.264,1.2722,1.2633,1.2669,5141693.0
2022-12-23,MSFT,Technology,170.356,173.2198,167.2738,171.5619,11023990.0
2023-11-01,GOOGL,Technology,111.6263,111.7114,109.1723,110.6253,3529680.0
2023-03-14,GOOGL,Technology,79.7414,80.7803,78.4733,80.4486,1974454.0
2023-08-01,EUR/USD,Forex,0.9959,0.9986,0.9913,0.9986,2534267.0
2024-07-05,XOM,Energy,57.5338,58.2532,56.6719,57.0905,4758048.0
2022-02-02,AAPL,Technology,126.5546,126.9932,125.0605,125.6752,8595533.0
2024-05-02,GOOGL,Technology,105.5688,106.0339,105.0366,105.9183,6088138.0
2022-01-20,GOOGL,Technology,93.4762,93.7402,92.8093,93.5996,8373970.0
2023-02-22,JPM,Finance,118.7115,119.5707,118.4766,118.6198,9373409.0
