Date,Ticker,Sector,Open,High,Low,Close,Volume,Daily_Return,MA_20,MA_50,Volatility_20d,Price_Range,Year,Month,Month_Name,Quarter,DayOfWeek,Cum_Return
2022-01-03,AAPL,Technology,130.8727,132.435,129.0445,130.0,6812566,,130.0,130.0,,3.3905,2022,1,Jan,1,Monday,
2022-01-04,AAPL,Technology,131.5893,132.5741,130.6721,131.2143,4827627,0.9341,130.6072,130.6072,,1.902,2022,1,Jan,1,Tuesday,0.9341
2022-01-05,AAPL,Technology,130.2831,132.8976,129.3186,130.9402,5346070,-0.2089,130.7182,130.7182,0.8082,3.579,2022,1,Jan,1,Wednesday,0.7232
2022-01-06,AAPL,Technology,131.4075,133.8085,130.1514,132.5192,4902083,1.2059,131.1684,131.1684,0.7508,3.6571,2022,1,Jan,1,Thursday,1.9378
2022-01-07,AAPL,Technology,137.0927,137.9282,135.6346,136.2051,7788876,2.7814,132.1758,132.1758,1.2322,2.2936,2022,1,Jan,1,Friday,4.7732
2022-01-10,AAPL,Technology,136.4889,136.6062,135.121,135.6855,4023651,-0.3815,132.7607,132.7607,1.2748,1.4852,2022,1,Jan,1,Monday,4.3735
2022-01-11,AAPL,Technology,134.1387,135.5441,132.8705,135.168,9472580,-0.3814,133.1046,133.1046,1.2488,2.6736,2022,1,Jan,1,Tuesday,3.9754
2022-01-12,AAPL,Technology,139.6269,139.8608,138.5139,139.0643,10308067,2.8826,133.8496,133.8496,1.4165,1.3469,2022,1,Jan,1,Wednesday,6.9725
2022-01-13,AAPL,Technology,140.5808,141.2904,139.4793,141.0409,5760095,1.4214,134.6486,134.6486,1.3208,1.8111,2022,1,Jan,1,Thursday,8.493
2022-01-14,AAPL,Technology,140.1973,140.3009,138.5639,139.9055,3860488,-0.805,135.1743,135.1743,1.3789,1.737,2022,1,Jan,1,Friday,7.6196
2022-01-17,AAPL,Technology,141.2766,143.1204,140.1066,141.3278,5849574,1.0166,135.7337,135.7337,1.3014,3.0138,2022,1,Jan,1,Monday,8.7137
2022-01-18,AAPL,Technology,141.4271,141.9892,138.3715,140.2054,11014625,-0.7942,136.1064,136.1064,1.33,3.6177,2022,1,Jan,1,Tuesday,7.8503
2022-01-19,AAPL,Technology,138.4321,139.7406,138.0562,139.0861,3343587,-0.7983,136.3356,136.3356,1.3396,1.6844,2022,1,Jan,1,Wednesday,6.9893
2022-01-20,AAPL,Technology,139.2123,141.0105,138.2467,139.7475,4914035,0.4755,136.5793,136.5793,1.2829,2.7638,2022,1,Jan,1,Thursday,7.4981
2022-01-21,AAPL,Technology,134.7096,135.2752,133.4089,134.9907,7033957,-3.4039,136.4734,136.4734,1.6262,1.8663,2022,1,Jan,1,Friday,3.839
2022-01-24,AAPL,Technology,131.9132,133.0724,130.6014,130.8534,4877857,-3.0649,136.1221,136.1221,1.7895,2.471,2022,1,Jan,1,Monday,0.6565
2022-01-25,AAPL,Technology,129.8459,130.6329,128.2202,129.5813,11245771,-0.9722,135.7374,135.7374,1.7479,2.4127,2022,1,Jan,1,Tuesday,-0.3221
2022-01-26,AAPL,Technology,127.2999,128.0303,126.6626,127.2708,3661480,-1.7831,135.267,135.267,1.7464,1.3677,2022,1,Jan,1,Wednesday,-2.0994
2022-01-27,AAPL,Technology,128.686,129.3261,127.4701,128.0416,4596892,0.6056,134.8867,134.8867,1.7027,1.856,2022,1,Jan,1,Thursday,-1.5065
2022-01-28,AAPL,Technology,127.064,128.6748,125.3528,126.0,3297814,-1.5945,134.4424,134.4424,1.6912,3.322,2022,1,Jan,1,Friday,-3.0769
2022-01-31,AAPL,Technology,123.5457,124.0669,122.0676,122.8473,3517068,-2.5021,134.0847,133.8902,1.728,1.9993,2022,1,Jan,1,Monday,-5.5021
2022-02-01,AAPL,Technology,126.2213,127.9781,124.0986,126.1374,3680481,2.6782,133.8309,133.5378,1.8328,3.8795,2022,2,Feb,1,Tuesday,-2.9712
2022-02-02,AAPL,Technology,126.5546,126.9932,125.0605,125.6752,8595533,-0.3664,133.5677,133.196,1.8332,1.9327,2022,2,Feb,1,Wednesday,-3.3268
2022-02-03,AAPL,Technology,125.9935,126.194,124.9739,125.8783,2508734,0.1616,133.2356,132.8911,1.8061,1.2201,2022,2,Feb,1,Thursday,-3.1705
2022-02-04,AAPL,Technology,123.1939,124.001,121.7718,122.7004,4979347,-2.5246,132.5604,132.4834,1.7267,2.2292,2022,2,Feb,1,Friday,-5.6151
2022-02-07,AAPL,Technology,120.935,122.1134,120.6902,121.5472,4959110,-0.9399,131.8535,132.0628,1.729,1.4232,2022,2,Feb,1,Monday,-6.5022
2022-02-08,AAPL,Technology,121.7959,123.1416,120.4739,121.8385,5935821,0.2397,131.187,131.6841,1.7375,2.6677,2022,2,Feb,1,Tuesday,-6.2781
2022-02-09,AAPL,Technology,119.036,120.0955,117.0521,119.363,6695274,-2.0318,130.2019,131.2441,1.5732,3.0434,2022,2,Feb,1,Wednesday,-8.1823
2022-02-10,AAPL,Technology,120.8615,121.2503,119.2084,120.2179,6173589,0.7162,129.1608,130.8639,1.5293,2.0419,2022,2,Feb,1,Thursday,-7.5247
2022-02-11,AAPL,Technology,119.7528,120.6313,118.4231,118.9663,8523058,-1.0411,128.1138,130.4673,1.5303,2.2082,2022,2,Feb,1,Friday,-8.4875
2022-02-14,AAPL,Technology,118.642,119.8879,117.6975,118.3892,6358032,-0.4851,126.9669,130.0777,1.4725,2.1904,2022,2,Feb,1,Monday,-8.9314
2022-02-15,AAPL,Technology,117.9575,118.1337,116.9996,117.1543,9140292,-1.0431,125.8143,129.6738,1.4728,1.1341,2022,2,Feb,1,Tuesday,-9.8813
2022-02-16,AAPL,Technology,120.3677,121.9977,119.9118,121.1072,6108272,3.3741,124.9154,129.4142,1.7542,2.0859,2022,2,Feb,1,Wednesday,-6.8406
2022-02-17,AAPL,Technology,121.1425,121.3509,121.0756,121.1263,2533267,0.0158,123.9843,129.1705,1.7413,0.2753,2022,2,Feb,1,Thursday,-6.8259
2022-02-18,AAPL,Technology,119.1553,119.9537,117.2691,118.8686,5563643,-1.8639,123.1782,128.8761,1.6468,2.6846,2022,2,Feb,1,Friday,-8.5626
2022-02-21,AAPL,Technology,119.8224,120.9469,118.1091,120.6761,4767347,1.5206,122.6693,128.6484,1.6074,2.8378,2022,2,Feb,1,Monday,-7.1722
2022-02-22,AAPL,Technology,118.3543,118.6509,117.8859,118.0725,6133061,-2.1575,122.0939,128.3625,1.6512,0.765,2022,2,Feb,1,Tuesday,-9.175
2022-02-23,AAPL,Technology,117.6413,119.7093,116.546,118.5636,5343723,0.4159,121.6585,128.1047,1.6309,3.1633,2022,2,Feb,1,Wednesday,-8.7972
2022-02-24,AAPL,Technology,109.382,110.3774,108.908,109.6863,5329936,-7.4874,120.7408,127.6324,2.2645,1.4694,2022,2,Feb,1,Thursday,-15.6259
2022-02-25,AAPL,Technology,107.8241,108.3629,106.7442,107.1078,10937529,-2.3508,119.7962,127.1193,2.2857,1.6187,2022,2,Feb,1,Friday,-17.6094
2022-02-28,AAPL,Technology,107.885,107.9486,105.884,107.5302,4080385,0.3944,119.0303,126.6415,2.2627,2.0646,2022,2,Feb,1,Monday,-17.2845
2022-03-01,AAPL,Technology,109.978,111.3985,106.8455,109.0026,6230428,1.3693,118.1736,126.2215,2.1791,4.553,2022,3,Mar,1,Tuesday,-16.1518
2022-03-02,AAPL,Technology,109.7637,110.258,108.278,109.3824,9628330,0.3484,117.3589,125.8299,2.1908,1.98,2022,3,Mar,1,Wednesday,-15.8597
2022-03-03,AAPL,Technology,108.7528,109.8375,108.6553,109.1985,12588156,-0.1681,116.5249,125.4519,2.1854,1.1822,2022,3,Mar,1,Thursday,-16.0012
2022-03-04,AAPL,Technology,108.45,109.6967,107.572,108.6503,4509355,-0.502,115.8224,125.0786,2.1422,2.1247,2022,3,Mar,1,Friday,-16.4228
2022-03-07,AAPL,Technology,105.2879,106.9939,103.9131,105.8022,4798782,-2.6213,115.0352,124.6595,2.1894,3.0808,2022,3,Mar,1,Monday,-18.6137
2022-03-08,AAPL,Technology,105.3541,106.4046,104.2201,104.4736,4456704,-1.2557,114.1669,124.23,2.1823,2.1845,2022,3,Mar,1,Tuesday,-19.6357
2022-03-09,AAPL,Technology,104.1652,104.6967,103.2315,103.6492,6895019,-0.7891,113.3813,123.8012,2.1612,1.4652,2022,3,Mar,1,Wednesday,-20.2698
2022-03-10,AAPL,Technology,104.9615,106.9269,103.7736,105.6629,6392594,1.9428,112.6535,123.4311,2.2196,3.1533,2022,3,Mar,1,Thursday,-18.7208
2022-03-11,AAPL,Technology,106.3233,107.0062,104.5994,106.3587,4900606,0.6585,112.0231,123.0896,2.235,2.4068,2022,3,Mar,1,Friday,-18.1856
2022-03-14,AAPL,Technology,102.2178,104.3526,100.7422,103.026,6631217,-3.1335,111.255,122.5502,2.3092,3.6104,2022,3,Mar,1,Monday,-20.7492
2022-03-15,AAPL,Technology,104.2234,104.6397,101.9052,103.6682,3987979,0.6233,110.5807,121.9992,2.3249,2.7345,2022,3,Mar,1,Tuesday,-20.2552
2022-03-16,AAPL,Technology,103.1765,105.4232,102.0424,102.9911,2893953,-0.6531,109.6749,121.4402,2.1304,3.3808,2022,3,Mar,1,Wednesday,-20.7761
2022-03-17,AAPL,Technology,102.4371,103.3229,101.7337,101.7774,4991001,-1.1785,108.7074,120.8254,2.1235,1.5892,2022,3,Mar,1,Thursday,-21.7097
2022-03-18,AAPL,Technology,103.1576,104.2308,102.4524,102.9387,12185545,1.141,107.9109,120.1601,2.1537,1.7784,2022,3,Mar,1,Friday,-20.8164
2022-03-21,AAPL,Technology,103.9646,105.0869,102.0372,104.8902,4418716,1.8958,107.1216,119.5442,2.1755,3.0497,2022,3,Mar,1,Monday,-19.3152
2022-03-22,AAPL,Technology,105.794,107.3453,105.6221,106.6904,3467727,1.7163,106.5525,118.9746,2.2088,1.7232,2022,3,Mar,1,Tuesday,-17.9305
2022-03-23,AAPL,Technology,104.4265,106.8222,103.8202,105.1214,3757855,-1.4706,105.8804,118.2958,2.2087,3.002,2022,3,Mar,1,Wednesday,-19.1374
2022-03-24,AAPL,Technology,103.9525,105.1173,103.6931,104.5784,3354038,-0.5165,105.625,117.5665,1.4955,1.4242,2022,3,Mar,1,Thursday,-19.5551
2022-03-25,AAPL,Technology,105.6349,105.6914,104.631,105.2438,7089037,0.6363,105.5318,116.8733,1.4196,1.0604,2022,3,Mar,1,Friday,-19.0432
2022-03-28,AAPL,Technology,107.5468,107.9262,106.5752,107.134,8618774,1.796,105.512,116.1894,1.4775,1.351,2022,3,Mar,1,Monday,-17.5892
2022-03-29,AAPL,Technology,106.8549,108.1147,106.0638,106.2528,14112604,-0.8225,105.3745,115.5104,1.451,2.0509,2022,3,Mar,1,Tuesday,-18.2671
2022-03-30,AAPL,Technology,105.9905,106.6476,105.5879,105.9402,5538438,-0.2942,105.2024,114.8474,1.4473,1.0597,2022,3,Mar,1,Wednesday,-18.5075
2022-03-31,AAPL,Technology,103.0508,104.4818,102.5985,103.8729,4259979,-1.9514,104.9361,114.1299,1.5024,1.8833,2022,3,Mar,1,Thursday,-20.0978
2022-04-01,AAPL,Technology,102.5488,102.9369,100.7339,101.6779,3837375,-2.1132,104.5875,113.4637,1.5593,2.203,2022,4,Apr,2,Friday,-21.7862
2022-04-04,AAPL,Technology,103.7438,103.7664,101.2158,103.2056,11860451,1.5025,104.4577,112.9107,1.5108,2.5506,2022,4,Apr,2,Monday,-20.6111
2022-04-05,AAPL,Technology,105.2494,106.1817,104.1758,105.7664,6629813,2.4813,104.5223,112.4344,1.591,2.0059,2022,4,Apr,2,Tuesday,-18.6412
2022-04-06,AAPL,Technology,106.0144,106.2592,104.0847,105.6716,6104642,-0.0896,104.6234,112.0025,1.5787,2.1745,2022,4,Apr,2,Wednesday,-18.7142
2022-04-07,AAPL,Technology,108.0928,108.7197,105.8169,107.6227,3185590,1.8464,104.7214,111.5941,1.573,2.9028,2022,4,Apr,2,Thursday,-17.2133
2022-04-08,AAPL,Technology,108.1147,108.5852,107.0935,108.3663,11604602,0.6909,104.8218,111.2414,1.5736,1.4917,2022,4,Apr,2,Friday,-16.6413
2022-04-11,AAPL,Technology,107.1256,107.5938,105.5508,107.1513,3754870,-1.1212,105.0281,110.9275,1.4116,2.043,2022,4,Apr,2,Monday,-17.5759
2022-04-12,AAPL,Technology,108.0705,109.5043,106.5511,107.8912,3657049,0.6905,105.2392,110.5626,1.4127,2.9532,2022,4,Apr,2,Tuesday,-17.0068
2022-04-13,AAPL,Technology,111.3522,111.7473,110.598,110.9212,4321890,2.8084,105.6357,110.2675,1.5102,1.1493,2022,4,Apr,2,Wednesday,-14.676
2022-04-14,AAPL,Technology,110.8787,111.4366,110.5088,110.8941,7354315,-0.0244,106.0916,109.9678,1.4689,0.9278,2022,4,Apr,2,Thursday,-14.6968
2022-04-15,AAPL,Technology,113.7726,116.9858,112.5864,114.0616,5865276,2.8563,106.6477,109.795,1.5593,4.3994,2022,4,Apr,2,Friday,-12.2603
2022-04-18,AAPL,Technology,108.5155,109.9955,107.3795,108.7286,3957400,-4.6755,106.8396,109.5386,1.9086,2.616,2022,4,Apr,2,Monday,-16.3626
2022-04-19,AAPL,Technology,111.3141,111.6584,108.835,110.3807,4363349,1.5195,107.0241,109.3095,1.9009,2.8234,2022,4,Apr,2,Tuesday,-15.0918
2022-04-20,AAPL,Technology,109.7487,110.6742,108.4716,110.5978,8228233,0.1967,107.298,109.1342,1.8604,2.2026,2022,4,Apr,2,Wednesday,-14.9248
2022-04-21,AAPL,Technology,109.9099,110.5358,109.2671,110.0468,2492882,-0.4982,107.5714,108.9308,1.86,1.2687,2022,4,Apr,2,Thursday,-15.3486
2022-04-22,AAPL,Technology,110.683,111.029,109.9259,110.2725,4257237,0.2051,107.8228,108.7569,1.8581,1.1031,2022,4,Apr,2,Friday,-15.175
2022-04-25,AAPL,Technology,107.0305,109.0187,106.0243,106.3715,9571664,-3.5376,107.7847,108.5165,2.0017,2.9944,2022,4,Apr,2,Monday,-18.1758
2022-04-26,AAPL,Technology,106.6961,106.9432,105.8061,105.9935,4824163,-0.3554,107.7717,108.2933,1.9946,1.1371,2022,4,Apr,2,Tuesday,-18.4665
2022-04-27,AAPL,Technology,106.7771,106.8128,106.5914,106.7172,2980110,0.6828,107.8106,108.0055,1.9988,0.2214,2022,4,Apr,2,Wednesday,-17.9098
2022-04-28,AAPL,Technology,110.4547,110.5323,107.6278,109.5988,7905840,2.7002,108.0969,107.775,2.0234,2.9045,2022,4,Apr,2,Thursday,-15.6932
2022-04-29,AAPL,Technology,108.5317,108.9589,106.4779,108.6202,21721755,-0.8929,108.444,107.57,1.9647,2.481,2022,4,Apr,2,Friday,-16.446
2022-05-02,AAPL,Technology,107.4045,108.4725,106.0807,107.0829,6792539,-1.4153,108.6378,107.2981,1.9828,2.3918,2022,5,May,2,Monday,-17.6285
2022-05-03,AAPL,Technology,107.0565,108.063,105.8943,106.1586,3611348,-0.8632,108.6575,107.0599,1.9207,2.1687,2022,5,May,2,Tuesday,-18.3395
2022-05-04,AAPL,Technology,107.841,108.1355,107.6297,107.9503,7725076,1.6878,108.7714,106.8476,1.9554,0.5058,2022,5,May,2,Wednesday,-16.9613
2022-05-05,AAPL,Technology,109.5016,109.9862,108.602,108.6322,13614583,0.6317,108.8219,106.8265,1.9176,1.3842,2022,5,May,2,Thursday,-16.4368
2022-05-06,AAPL,Technology,107.8681,108.0629,106.622,107.6398,8690242,-0.9135,108.7855,106.8371,1.9235,1.4409,2022,5,May,2,Friday,-17.2002
2022-05-09,AAPL,Technology,108.1211,109.8383,107.0554,108.6773,11302238,0.9639,108.8618,106.8601,1.917,2.7829,2022,5,May,2,Monday,-16.4021
2022-05-10,AAPL,Technology,103.7585,104.0404,102.7744,103.4768,4842197,-4.7853,108.6411,106.7496,2.197,1.266,2022,5,May,2,Tuesday,-20.4025
2022-05-11,AAPL,Technology,106.0253,106.3369,104.9995,105.3224,10247447,1.7836,108.3612,106.6684,2.1346,1.3374,2022,5,May,2,Wednesday,-18.9828
2022-05-12,AAPL,Technology,104.4801,104.7087,103.1309,104.0336,9062754,-1.2237,108.0182,106.5651,2.1451,1.5778,2022,5,May,2,Thursday,-19.9742
2022-05-13,AAPL,Technology,104.0349,105.178,102.7898,103.4616,6869809,-0.5498,107.4882,106.4613,2.0127,2.3882,2022,5,May,2,Friday,-20.4142
2022-05-16,AAPL,Technology,102.6536,102.9116,102.5374,102.7728,4585513,-0.6658,107.1904,106.4007,1.7546,0.3742,2022,5,May,2,Monday,-20.944
2022-05-17,AAPL,Technology,99.7904,100.1205,98.639,100.1065,2198043,-2.5944,106.6767,106.3134,1.7752,1.4815,2022,5,May,2,Tuesday,-22.995
2022-05-18,AAPL,Technology,101.0344,101.9327,98.7289,100.6801,3632630,0.573,106.1808,106.254,1.7847,3.2038,2022,5,May,2,Wednesday,-22.5538
2022-05-19,AAPL,Technology,100.6967,102.3985,100.5422,101.1935,3523236,0.5099,105.7381,106.1646,1.7975,1.8563,2022,5,May,2,Thursday,-22.1588
2022-05-20,AAPL,Technology,101.5498,102.1769,99.1909,101.2433,8168788,0.0492,105.2866,106.0623,1.7951,2.986,2022,5,May,2,Friday,-22.1205
2022-05-23,AAPL,Technology,100.8909,101.1858,100.444,100.8563,4950409,-0.3822,105.0109,106.0189,1.6376,0.7418,2022,5,May,2,Monday,-22.4182
2022-05-24,AAPL,Technology,98.0462,99.5568,96.5901,98.3271,8337164,-2.5077,104.6276,105.9121,1.7136,2.9667,2022,5,May,2,Tuesday,-24.3638
2022-05-25,AAPL,Technology,97.8116,99.9551,97.0246,97.622,6667015,-0.7171,104.1728,105.8047,1.6973,2.9305,2022,5,May,2,Wednesday,-24.9062
2022-05-26,AAPL,Technology,97.4399,98.1028,96.8132,97.0588,5267408,-0.5769,103.5458,105.7103,1.5289,1.2896,2022,5,May,2,Thursday,-25.3394
2022-05-27,AAPL,Technology,94.9386,95.7499,94.7759,95.696,6592776,-1.4041,102.8996,105.5655,1.5384,0.974,2022,5,May,2,Friday,-26.3877
2022-05-30,AAPL,Technology,94.7716,96.9109,94.6871,95.4565,3050002,-0.2503,102.3183,105.3768,1.5288,2.2238,2022,5,May,2,Monday,-26.5719
2022-05-31,AAPL,Technology,96.7136,97.6689,94.5336,96.1889,6097368,0.7673,101.8198,105.1668,1.5551,3.1353,2022,5,May,2,Tuesday,-26.0085
2022-06-01,AAPL,Technology,99.6907,100.5769,98.6507,99.4931,3059324,3.4351,101.3969,105.0542,1.7233,1.9262,2022,6,Jun,2,Wednesday,-23.4668
2022-06-02,AAPL,Technology,99.2725,100.0474,98.4016,99.8456,6586068,0.3543,100.9576,104.9595,1.7157,1.6458,2022,6,Jun,2,Thursday,-23.1957
2022-06-03,AAPL,Technology,100.3938,100.9369,100.0596,100.3484,2254528,0.5036,100.593,104.8616,1.7229,0.8773,2022,6,Jun,2,Friday,-22.8089
2022-06-06,AAPL,Technology,101.0894,101.4869,98.9932,100.254,4815624,-0.0941,100.1719,104.724,1.697,2.4937,2022,6,Jun,2,Monday,-22.8815
2022-06-07,AAPL,Technology,96.9191,97.0283,96.4574,96.8316,5315285,-3.4137,99.8396,104.5356,1.5294,0.5709,2022,6,Jun,2,Tuesday,-25.5142
2022-06-08,AAPL,Technology,97.3804,97.8538,96.5767,96.8241,6110655,-0.0077,99.4147,104.3533,1.4501,1.2771,2022,6,Jun,2,Wednesday,-25.5199
2022-06-09,AAPL,Technology,96.4652,98.1919,94.9383,96.9678,2684531,0.1484,99.0614,104.2152,1.442,3.2536,2022,6,Jun,2,Thursday,-25.4094
2022-06-10,AAPL,Technology,101.8175,102.4493,100.5739,101.306,3778072,4.4739,98.9536,104.2077,1.7975,1.8754,2022,6,Jun,2,Friday,-22.0723
2022-06-13,AAPL,Technology,94.7871,95.4927,94.5487,94.9174,3292886,-6.3062,98.5608,104.042,2.2723,0.944,2022,6,Jun,2,Monday,-26.9866
2022-06-14,AAPL,Technology,95.6194,97.4626,95.02,95.4705,3462471,0.5827,98.329,103.8361,2.2192,2.4426,2022,6,Jun,2,Tuesday,-26.5612
2022-06-15,AAPL,Technology,96.0724,96.2316,95.3376,95.4491,5110737,-0.0224,98.0675,103.6316,2.2121,0.894,2022,6,Jun,2,Wednesday,-26.5776
2022-06-16,AAPL,Technology,93.6596,93.7832,92.1863,95.4491,5716253,0.0,97.7803,103.3881,2.2059,1.5969,2022,6,Jun,2,Thursday,-26.5776
2022-06-17,AAPL,Technology,95.2523,95.5155,93.0364,95.4397,3345448,-0.0098,97.4901,103.1296,2.2055,2.4791,2022,6,Jun,2,Friday,-26.5848
2022-06-20,AAPL,Technology,96.6446,98.1972,95.7942,96.7696,8683828,1.3934,97.2858,102.922,2.2363,2.403,2022,6,Jun,2,Monday,-25.5618
2022-06-21,AAPL,Technology,99.0544,99.5572,96.7472,98.1862,4136599,1.4639,97.2787,102.7279,2.1949,2.81,2022,6,Jun,2,Tuesday,-24.4722
2022-06-22,AAPL,Technology,95.8977,96.7953,94.9405,96.6183,3503591,-1.5969,97.2285,102.4418,2.2191,1.8548,2022,6,Jun,2,Wednesday,-25.6782
2022-06-23,AAPL,Technology,98.8379,99.127,98.1512,99.0966,5619995,2.565,97.3304,102.2059,2.2883,0.9758,2022,6,Jun,2,Thursday,-23.7718
2022-06-24,AAPL,Technology,97.2968,98.65,96.2333,96.6357,14416391,-2.4833,97.3774,101.8574,2.3385,2.4167,2022,6,Jun,2,Friday,-25.6648
2022-06-27,AAPL,Technology,97.3862,98.7746,96.3226,97.6951,11538901,1.0963,97.4893,101.6367,2.348,2.452,2022,6,Jun,2,Monday,-24.8499
2022-06-28,AAPL,Technology,101.5225,101.9692,101.4344,101.5861,3557273,3.9828,97.7592,101.4608,2.4984,0.5348,2022,6,Jun,2,Tuesday,-21.8568
2022-06-29,AAPL,Technology,100.6377,101.1217,98.9885,99.8155,5441845,-1.743,97.7753,101.2451,2.4239,2.1332,2022,6,Jun,2,Wednesday,-23.2188
2022-06-30,AAPL,Technology,98.1205,100.0956,96.7119,98.838,4288974,-0.9793,97.7249,101.021,2.4333,3.3837,2022,6,Jun,2,Thursday,-23.9708
2022-07-01,AAPL,Technology,98.783,100.0277,98.24,99.0548,2895858,0.2193,97.6603,100.7966,2.4309,1.7877,2022,7,Jul,3,Friday,-23.804
2022-07-04,AAPL,Technology,99.0672,99.3469,98.1322,98.1968,7385192,-0.8662,97.5574,100.6331,2.4379,1.2147,2022,7,Jul,3,Monday,-24.464
2022-07-05,AAPL,Technology,96.0831,98.0765,95.1571,95.4952,5503930,-2.7512,97.4906,100.4232,2.3943,2.9194,2022,7,Jul,3,Tuesday,-26.5422
2022-07-06,AAPL,Technology,95.0103,95.9173,94.5766,95.6512,6690147,0.1634,97.4319,100.2018,2.3947,1.3407,2022,7,Jul,3,Wednesday,-26.4222
2022-07-07,AAPL,Technology,94.2132,94.8771,92.7359,93.8605,1996379,-1.8721,97.2766,99.8871,2.429,2.1412,2022,7,Jul,3,Thursday,-27.7996
2022-07-08,AAPL,Technology,94.5226,95.1311,92.6853,94.6982,2839736,0.8925,96.9462,99.6086,2.1919,2.4458,2022,7,Jul,3,Friday,-27.1552
2022-07-11,AAPL,Technology,93.1951,93.2002,92.4657,93.1688,5208816,-1.615,96.8588,99.3303,1.7162,0.7345,2022,7,Jul,3,Monday,-28.3317
2022-07-12,AAPL,Technology,95.5995,95.8907,95.1094,95.8054,6747924,2.8299,96.8755,99.1233,1.8315,0.7813,2022,7,Jul,3,Tuesday,-26.3035
2022-07-13,AAPL,Technology,94.1608,94.6418,93.5181,94.493,6538402,-1.3699,96.8277,98.8541,1.8582,1.1237,2022,7,Jul,3,Wednesday,-27.3131
2022-07-14,AAPL,Technology,93.7227,94.743,93.6799,93.983,5444938,-0.5397,96.7544,98.5612,1.8616,1.0631,2022,7,Jul,3,Thursday,-27.7054
2022-07-15,AAPL,Technology,95.9506,95.9721,94.6947,95.3968,10019585,1.5043,96.7522,98.3163,1.8943,1.2774,2022,7,Jul,3,Friday,-26.6178
2022-07-18,AAPL,Technology,92.7752,93.7899,90.6539,93.3214,5162475,-2.1755,96.5798,98.0092,1.9255,3.136,2022,7,Jul,3,Monday,-28.2143
2022-07-19,AAPL,Technology,93.1441,94.2551,92.9864,93.7408,5143649,0.4494,96.3576,97.8145,1.8934,1.2687,2022,7,Jul,3,Tuesday,-27.8917
2022-07-20,AAPL,Technology,96.7887,97.2463,94.4269,95.9839,3618910,2.3929,96.3258,97.6277,1.9495,2.8194,2022,7,Jul,3,Wednesday,-26.1662
2022-07-21,AAPL,Technology,93.2553,94.0436,93.1241,93.245,2730788,-2.8535,96.0333,97.4119,1.9485,0.9195,2022,7,Jul,3,Thursday,-28.2731
2022-07-22,AAPL,Technology,93.7937,94.299,92.7781,93.5922,6159731,0.3724,95.8811,97.2145,1.8826,1.5209,2022,7,Jul,3,Friday,-28.006
2022-07-25,AAPL,Technology,93.3248,94.2482,92.0627,94.0675,5385831,0.5078,95.6997,97.0404,1.8667,2.1855,2022,7,Jul,3,Monday,-27.6404
2022-07-26,AAPL,Technology,96.2597,96.5492,94.9448,95.4289,4071340,1.4473,95.3918,96.9469,1.6422,1.6044,2022,7,Jul,3,Tuesday,-26.5932
2022-07-27,AAPL,Technology,92.7062,93.8576,92.4521,93.3423,4117925,-2.1865,95.0682,96.8001,1.6656,1.4055,2022,7,Jul,3,Wednesday,-28.1982
2022-07-28,AAPL,Technology,91.1766,91.3164,89.9023,91.1611,7890468,-2.3368,94.6843,96.5995,1.7206,1.4141,2022,7,Jul,3,Thursday,-29.8761
2022-07-29,AAPL,Technology,92.2593,94.3752,91.2799,92.054,2524387,0.9795,94.3343,96.4157,1.743,3.0953,2022,7,Jul,3,Friday,-29.1892
2022-08-01,AAPL,Technology,92.3625,92.7702,91.3561,92.5829,4267861,0.5746,94.0536,96.2502,1.7503,1.4141,2022,8,Aug,3,Monday,-28.7824
2022-08-02,AAPL,Technology,93.4286,93.9114,90.8678,93.0374,3804998,0.4909,93.9307,96.1444,1.657,3.0436,2022,8,Aug,3,Tuesday,-28.4328
2022-08-03,AAPL,Technology,93.7143,94.0446,92.8169,93.6548,4923247,0.6636,93.8309,96.0651,1.6652,1.2277,2022,8,Aug,3,Wednesday,-27.9578
2022-08-04,AAPL,Technology,92.6258,93.6224,92.4139,92.5459,4932202,-1.184,93.7652,95.9748,1.6333,1.2085,2022,8,Aug,3,Thursday,-28.8108
2022-08-05,AAPL,Technology,92.3842,93.7507,91.4067,92.9698,3247824,0.458,93.6787,95.9203,1.6229,2.344,2022,8,Aug,3,Friday,-28.4848
2022-08-08,AAPL,Technology,93.4571,94.6519,92.0993,93.4974,10433513,0.5675,93.6952,95.8811,1.5872,2.5526,2022,8,Aug,3,Monday,-28.0789
2022-08-09,AAPL,Technology,92.9843,93.1582,91.3834,92.3326,2854871,-1.2458,93.5215,95.804,1.4657,1.7748,2022,8,Aug,3,Tuesday,-28.9749
2022-08-10,AAPL,Technology,95.3632,96.0529,94.944,95.4704,14703594,3.3984,93.5704,95.7235,1.6386,1.1089,2022,8,Aug,3,Wednesday,-26.5612
2022-08-11,AAPL,Technology,96.5992,97.1243,96.0832,96.3229,7457256,0.8929,93.6874,95.6531,1.6421,1.0411,2022,8,Aug,3,Thursday,-25.9055
2022-08-12,AAPL,Technology,94.4893,94.5165,93.6565,94.2959,6292912,-2.1044,93.6324,95.532,1.6816,0.86,2022,8,Aug,3,Friday,-27.4647
2022-08-15,AAPL,Technology,95.469,96.0512,95.2513,95.448,5230251,1.2218,93.7387,95.4359,1.6257,0.7999,2022,8,Aug,3,Monday,-26.5785
2022-08-16,AAPL,Technology,93.1105,94.1201,92.9546,93.8116,2549442,-1.7144,93.7422,95.3755,1.6742,1.1655,2022,8,Aug,3,Tuesday,-27.8372
2022-08-17,AAPL,Technology,94.9208,96.0105,94.338,95.1783,8920440,1.4569,93.7019,95.3426,1.6164,1.6725,2022,8,Aug,3,Wednesday,-26.7859
2022-08-18,AAPL,Technology,96.6504,98.2385,96.0215,97.2012,8227331,2.1254,93.8998,95.3473,1.5402,2.217,2022,8,Aug,3,Thursday,-25.2298
2022-08-19,AAPL,Technology,96.0192,96.6718,94.7242,95.8042,3889212,-1.4372,94.0104,95.2372,1.5833,1.9476,2022,8,Aug,3,Friday,-26.3045
2022-08-22,AAPL,Technology,96.8394,98.6694,96.3513,97.5039,6280074,1.7741,94.1822,95.289,1.6241,2.3181,2022,8,Aug,3,Monday,-24.997
2022-08-23,AAPL,Technology,97.4571,100.1821,96.1698,98.2673,12293537,0.7829,94.3241,95.3449,1.6037,4.0123,2022,8,Aug,3,Tuesday,-24.4098
2022-08-24,AAPL,Technology,100.2062,100.6895,98.7978,99.7607,4166021,1.5197,94.645,95.4311,1.5309,1.8917,2022,8,Aug,3,Wednesday,-23.261
2022-08-25,AAPL,Technology,104.0019,104.7814,102.6542,103.2067,2634752,3.4543,95.2473,95.5863,1.5447,2.1272,2022,8,Aug,3,Thursday,-20.6102
2022-08-26,AAPL,Technology,102.6664,104.6944,101.6458,102.7921,4933310,-0.4017,95.7842,95.7333,1.5593,3.0486,2022,8,Aug,3,Friday,-20.9292
2022-08-29,AAPL,Technology,102.1451,102.3978,100.2148,101.4386,7892697,-1.3167,96.227,95.8267,1.615,2.183,2022,8,Aug,3,Monday,-21.9703
2022-08-30,AAPL,Technology,100.4229,100.5731,99.6011,99.855,4415373,-1.5611,96.5679,95.8601,1.6776,0.972,2022,8,Aug,3,Tuesday,-23.1885
2022-08-31,AAPL,Technology,99.0346,100.4584,97.6415,98.4286,7218610,-1.4285,96.8066,95.8963,1.7228,2.8169,2022,8,Aug,3,Wednesday,-24.2857
2022-09-01,AAPL,Technology,98.6078,98.768,97.1837,98.3314,6106061,-0.0988,97.0958,95.881,1.6916,1.5843,2022,9,Sep,3,Thursday,-24.3605
2022-09-02,AAPL,Technology,99.5407,100.1209,98.9474,98.9746,2371374,0.6541,97.3961,95.9278,1.693,1.1735,2022,9,Sep,3,Friday,-23.8657
2022-09-05,AAPL,Technology,100.1173,100.3939,97.9826,99.5071,5639607,0.538,97.6966,95.964,1.6928,2.4113,2022,9,Sep,3,Monday,-23.4561
2022-09-06,AAPL,Technology,100.6603,103.3941,99.0133,101.0285,6829232,1.5289,98.1314,95.9528,1.6708,4.3808,2022,9,Sep,3,Tuesday,-22.2858
2022-09-07,AAPL,Technology,101.7719,102.9453,100.4801,101.0925,4665569,0.0633,98.4125,95.9784,1.5224,2.4652,2022,9,Sep,3,Wednesday,-22.2365
2022-09-08,AAPL,Technology,102.8614,104.9214,102.0876,103.7779,3145841,2.6564,98.7852,96.0772,1.6074,2.8338,2022,9,Sep,3,Thursday,-20.1708
2022-09-09,AAPL,Technology,104.2397,104.4341,102.5341,103.3251,3740338,-0.4363,99.2367,96.1626,1.5118,1.9,2022,9,Sep,3,Friday,-20.5192
2022-09-12,AAPL,Technology,108.533,109.1074,107.7231,108.4255,10305625,4.9363,99.8855,96.3672,1.8083,1.3843,2022,9,Sep,3,Monday,-16.5958
2022-09-13,AAPL,Technology,109.074,110.8713,108.472,109.69,4675935,1.1662,100.6795,96.6511,1.7223,2.3993,2022,9,Sep,3,Tuesday,-15.6231
2022-09-14,AAPL,Technology,108.549,108.5633,106.6316,108.0414,2875664,-1.503,101.3226,96.8989,1.7887,1.9317,2022,9,Sep,3,Wednesday,-16.8912
2022-09-15,AAPL,Technology,105.3321,106.6912,104.9764,106.002,11857016,-1.8876,101.7627,97.1417,1.8389,1.7148,2022,9,Sep,3,Thursday,-18.46
2022-09-16,AAPL,Technology,107.7086,108.0933,105.3296,106.965,10360865,0.9085,102.3207,97.387,1.7863,2.7637,2022,9,Sep,3,Friday,-17.7192
2022-09-19,AAPL,Technology,106.4099,108.041,105.1989,106.5776,3794333,-0.3622,102.7744,97.6552,1.7741,2.8421,2022,9,Sep,3,Monday,-18.0172
2022-09-20,AAPL,Technology,108.2666,110.7529,107.867,107.9899,3544755,1.3251,103.2605,97.8989,1.7834,2.8859,2022,9,Sep,3,Tuesday,-16.9308
2022-09-21,AAPL,Technology,109.0736,111.095,107.7681,108.953,8343386,0.8918,103.7201,98.1881,1.7698,3.3269,2022,9,Sep,3,Wednesday,-16.19
2022-09-22,AAPL,Technology,108.4028,109.4342,108.3959,108.8538,9637311,-0.091,104.0025,98.4855,1.6254,1.0383,2022,9,Sep,3,Thursday,-16.2663
2022-09-23,AAPL,Technology,106.4217,107.4024,105.9843,107.2381,7082533,-1.4843,104.2248,98.7223,1.6667,1.4181,2022,9,Sep,3,Friday,-17.5092
2022-09-26,AAPL,Technology,104.8991,105.7963,101.752,104.3569,7462617,-2.6867,104.3707,98.943,1.759,4.0443,2022,9,Sep,3,Monday,-19.7255
2022-09-27,AAPL,Technology,102.9027,104.228,101.1631,103.5599,4797512,-0.7637,104.5559,99.1394,1.7268,3.0649,2022,9,Sep,3,Tuesday,-20.3385
2022-09-28,AAPL,Technology,105.3837,105.499,105.018,105.1977,6671314,1.5815,104.8944,99.3237,1.7088,0.481,2022,9,Sep,3,Wednesday,-19.0787
2022-09-29,AAPL,Technology,105.4955,106.8062,104.942,105.6452,4464672,0.4254,105.2601,99.5717,1.7056,1.8642,2022,9,Sep,3,Thursday,-18.7345
2022-09-30,AAPL,Technology,103.9505,104.8427,102.204,103.3186,1897916,-2.2023,105.4773,99.7662,1.7979,2.6387,2022,9,Sep,3,Friday,-20.5242
2022-10-03,AAPL,Technology,103.8458,104.3019,102.6372,103.682,5364917,0.3517,105.686,99.9585,1.7968,1.6647,2022,10,Oct,4,Monday,-20.2446
2022-10-04,AAPL,Technology,104.0642,106.1048,103.0932,104.4425,4535635,0.7335,105.8567,100.1388,1.7749,3.0116,2022,10,Oct,4,Tuesday,-19.6596
2022-10-05,AAPL,Technology,103.4556,103.9308,102.3297,102.8227,2785645,-1.5509,105.9432,100.3284,1.8168,1.6011,2022,10,Oct,4,Wednesday,-20.9056
2022-10-06,AAPL,Technology,102.4678,105.8148,102.2769,103.1483,4137992,0.3167,105.9118,100.5681,1.7161,3.5379,2022,10,Oct,4,Thursday,-20.6552
2022-10-07,AAPL,Technology,103.2911,104.8421,102.8661,103.2977,3699996,0.1448,105.9104,100.793,1.7135,1.976,2022,10,Oct,4,Friday,-20.5402
2022-10-10,AAPL,Technology,101.4146,101.8416,100.8537,101.2138,3753613,-2.0174,105.5498,100.9656,1.3228,0.9879,2022,10,Oct,4,Monday,-22.1432
2022-10-11,AAPL,Technology,102.194,102.2859,101.7193,101.9061,3223431,0.684,105.1606,101.143,1.2982,0.5666,2022,10,Oct,4,Tuesday,-21.6107
2022-10-12,AAPL,Technology,103.7286,104.4949,102.1968,102.9755,3151954,1.0494,104.9073,101.3294,1.3052,2.2981,2022,10,Oct,4,Wednesday,-20.7881
2022-10-13,AAPL,Technology,110.6874,112.1675,109.9042,110.173,4946866,6.9895,105.1159,101.682,2.024,2.2633,2022,10,Oct,4,Thursday,-15.2515
2022-10-14,AAPL,Technology,111.3641,113.0621,111.2613,112.3069,2840342,1.9369,105.383,102.0687,2.0554,1.8008,2022,10,Oct,4,Friday,-13.6101
2022-10-17,AAPL,Technology,109.3915,110.2934,109.1141,109.5668,5170313,-2.4398,105.5324,102.3901,2.1395,1.1793,2022,10,Oct,4,Monday,-15.7178
2022-10-18,AAPL,Technology,108.6084,109.1088,107.6548,107.7611,3696667,-1.648,105.521,102.6987,2.1575,1.454,2022,10,Oct,4,Tuesday,-17.1068
2022-10-19,AAPL,Technology,108.3335,109.5809,107.1052,108.8032,5790489,0.967,105.5135,102.9653,2.1592,2.4757,2022,10,Oct,4,Wednesday,-16.3052
2022-10-20,AAPL,Technology,109.7816,111.1942,109.7025,109.8529,5949998,0.9648,105.5634,103.2359,2.1693,1.4917,2022,10,Oct,4,Thursday,-15.4978
2022-10-21,AAPL,Technology,110.6148,111.6486,109.806,110.9153,5527427,0.9671,105.7473,103.5683,2.1461,1.8426,2022,10,Oct,4,Friday,-14.6805
2022-10-24,AAPL,Technology,118.7015,119.9281,118.336,118.6516,5395664,6.975,106.462,104.0324,2.5194,1.5921,2022,10,Oct,4,Monday,-8.7295
2022-10-25,AAPL,Technology,120.3669,121.2601,119.8253,119.9183,2925216,1.0676,107.28,104.5545,2.4976,1.4348,2022,10,Oct,4,Tuesday,-7.7552
2022-10-26,AAPL,Technology,121.6809,125.636,121.1869,122.4174,13659599,2.084,108.1409,105.0993,2.5088,4.4491,2022,10,Oct,4,Wednesday,-5.8328
2022-10-27,AAPL,Technology,124.3707,125.2627,122.064,124.5685,5052255,1.7572,109.0871,105.6466,2.5163,3.1987,2022,10,Oct,4,Thursday,-4.1781
2022-10-28,AAPL,Technology,126.7743,127.6004,125.3445,126.0789,4854941,1.2125,110.2251,106.2521,2.4115,2.2559,2022,10,Oct,4,Friday,-3.0162
2022-10-31,AAPL,Technology,126.0601,126.7892,124.5118,125.4139,3927747,-0.5274,111.3117,106.8103,2.4323,2.2774,2022,10,Oct,4,Monday,-3.5278
2022-11-01,AAPL,Technology,127.7651,128.8563,125.5221,127.1774,5243214,1.4061,112.4485,107.3885,2.4334,3.3342,2022,11,Nov,4,Tuesday,-2.1712
2022-11-02,AAPL,Technology,126.3123,126.6418,123.6941,125.4591,7775616,-1.3511,113.5803,107.9025,2.4226,2.9477,2022,11,Nov,4,Wednesday,-3.493
2022-11-03,AAPL,Technology,125.0615,125.1491,123.8796,124.9745,4986524,-0.3863,114.6716,108.3379,2.4385,1.2695,2022,11,Nov,4,Thursday,-3.8658
2022-11-04,AAPL,Technology,124.2824,124.7579,122.6517,123.9326,5291348,-0.8337,115.7033,108.7607,2.4661,2.1062,2022,11,Nov,4,Friday,-4.6672
2022-11-07,AAPL,Technology,123.6891,125.7721,123.2839,124.1648,9911036,0.1874,116.8509,109.2152,2.3744,2.4882,2022,11,Nov,4,Monday,-4.4886
2022-11-08,AAPL,Technology,129.7011,130.222,127.896,129.3877,5172549,4.2064,118.225,109.8059,2.4741,2.326,2022,11,Nov,4,Tuesday,-0.471
2022-11-09,AAPL,Technology,124.3205,126.0507,123.2143,125.0906,4933310,-3.3211,119.3307,110.3391,2.6756,2.8364,2022,11,Nov,4,Wednesday,-3.7765
2022-11-10,AAPL,Technology,126.268,127.0676,125.8078,126.6859,3101471,1.2753,120.1564,110.9062,2.2793,1.2598,2022,11,Nov,4,Thursday,-2.5493
2022-11-11,AAPL,Technology,122.9268,123.5281,122.1119,123.059,5536009,-2.8629,120.694,111.3879,2.3948,1.4162,2022,11,Nov,4,Friday,-5.3392
2022-11-14,AAPL,Technology,122.9031,122.9297,120.5114,122.0629,4804808,-0.8094,121.3188,111.839,2.3164,2.4183,2022,11,Nov,4,Monday,-6.1055
2022-11-15,AAPL,Technology,125.5892,126.0961,123.2171,124.5043,10232909,2.0001,122.1559,112.3085,2.2762,2.879,2022,11,Nov,4,Tuesday,-4.2275
2022-11-16,AAPL,Technology,123.9483,124.9081,122.8421,124.6981,9053314,0.1557,122.9507,112.7806,2.2793,2.066,2022,11,Nov,4,Wednesday,-4.0784
2022-11-17,AAPL,Technology,122.8119,125.6629,121.4422,122.3289,6737298,-1.8999,123.5745,113.1516,2.3512,4.2207,2022,11,Nov,4,Thursday,-5.9008
2022-11-18,AAPL,Technology,121.5817,121.7648,119.3703,120.8028,3022748,-1.2475,124.0689,113.5012,2.3832,2.3945,2022,11,Nov,4,Friday,-7.0748
2022-11-21,AAPL,Technology,122.2654,123.5838,122.0833,122.3289,9606335,1.2633,124.2527,113.7793,1.8413,1.5005,2022,11,Nov,4,Monday,-5.9008
2022-11-22,AAPL,Technology,120.4605,122.1793,120.4356,120.7696,3033711,-1.2747,124.2953,114.0009,1.8556,1.7437,2022,11,Nov,4,Tuesday,-7.1003
2022-11-23,AAPL,Technology,121.7513,122.3023,120.6714,121.2885,4071793,0.4297,124.2388,114.2658,1.7961,1.6309,2022,11,Nov,4,Wednesday,-6.7012
2022-11-24,AAPL,Technology,121.1041,123.202,120.7518,121.4365,9189092,0.122,124.0822,114.5745,1.747,2.4502,2022,11,Nov,4,Thursday,-6.5873
2022-11-25,AAPL,Technology,119.7417,121.7046,119.6304,120.0607,9225801,-1.1329,123.7813,114.8364,1.732,2.0742,2022,11,Nov,4,Friday,-7.6456
2022-11-28,AAPL,Technology,125.8178,126.8324,124.3779,124.742,2772967,3.8991,123.7477,115.1997,1.9599,2.4545,2022,11,Nov,4,Monday,-4.0446
2022-11-29,AAPL,Technology,126.6386,127.9877,125.7586,126.2153,6498492,1.1811,123.6996,115.5642,1.9519,2.2291,2022,11,Nov,4,Tuesday,-2.9113
2022-11-30,AAPL,Technology,122.403,123.3571,120.1911,121.6649,5326144,-3.6053,123.5099,115.8184,2.0928,3.166,2022,11,Nov,4,Wednesday,-6.4116
2022-12-01,AAPL,Technology,121.6939,124.253,120.5633,122.1219,2588460,0.3756,123.3673,116.0838,2.0949,3.6897,2022,12,Dec,4,Thursday,-6.0601
2022-12-02,AAPL,Technology,121.6684,122.0494,120.1846,120.716,6867489,-1.1512,123.2065,116.3534,2.102,1.8648,2022,12,Dec,4,Friday,-7.1415
2022-12-05,AAPL,Technology,122.0875,123.8412,121.7865,122.6166,6921474,1.5744,123.1291,116.7185,2.135,2.0547,2022,12,Dec,4,Monday,-5.6795
2022-12-06,AAPL,Technology,121.048,121.1923,119.8559,120.9164,8697000,-1.3866,122.7055,117.0657,1.903,1.3364,2022,12,Dec,4,Tuesday,-6.9874
2022-12-07,AAPL,Technology,120.8164,120.9472,120.4403,120.7151,4843874,-0.1665,122.4867,117.376,1.7671,0.5069,2022,12,Dec,4,Wednesday,-7.1422
2022-12-08,AAPL,Technology,121.0068,122.4478,120.9075,121.8606,5902807,0.9489,122.2454,117.7003,1.7546,1.5403,2022,12,Dec,4,Thursday,-6.2611
2022-12-09,AAPL,Technology,123.3182,124.0207,122.8332,123.8084,7277092,1.5984,122.2829,118.1101,1.6774,1.1875,2022,12,Dec,4,Friday,-4.7628
2022-12-12,AAPL,Technology,122.079,122.8848,120.5119,121.183,3132146,-2.1205,122.2389,118.4601,1.737,2.3729,2022,12,Dec,4,Monday,-6.7823
2022-12-13,AAPL,Technology,121.2163,122.3941,119.7867,120.5018,4121427,-0.5621,122.0388,118.7813,1.6734,2.6074,2022,12,Dec,4,Tuesday,-7.3063
2022-12-14,AAPL,Technology,118.6864,119.9149,116.7091,119.5199,4471415,-0.8148,121.7799,119.1153,1.6781,3.2058,2022,12,Dec,4,Wednesday,-8.0616
2022-12-15,AAPL,Technology,117.125,118.5336,115.1202,118.1621,4311578,-1.136,121.5716,119.4156,1.6457,3.4134,2022,12,Dec,4,Thursday,-9.1061
2022-12-16,AAPL,Technology,122.1803,123.3369,120.7923,121.9644,8041307,3.2179,121.6296,119.7889,1.7873,2.5446,2022,12,Dec,4,Friday,-6.1812
2022-12-19,AAPL,Technology,123.7701,125.6622,122.09,122.9022,3613844,0.7689,121.6583,120.2227,1.7732,3.5722,2022,12,Dec,4,Monday,-5.4598
2022-12-20,AAPL,Technology,119.1555,120.2378,117.899,120.162,3144834,-2.2296,121.6279,120.5878,1.8226,2.3388,2022,12,Dec,4,Tuesday,-7.5677
2022-12-21,AAPL,Technology,121.302,122.4575,121.0104,122.1953,6892288,1.6921,121.6733,120.9722,1.86,1.4471,2022,12,Dec,4,Wednesday,-6.0036
2022-12-22,AAPL,Technology,127.6642,127.8807,125.7685,126.9119,1294108,3.8599,121.947,121.3069,2.0458,2.1122,2022,12,Dec,4,Thursday,-2.3755
2022-12-23,AAPL,Technology,128.8952,130.1102,127.1795,129.3213,4193062,1.8985,122.4101,121.6472,2.051,2.9307,2022,12,Dec,4,Friday,-0.5221
2022-12-26,AAPL,Technology,126.0671,126.2228,124.7571,125.8362,11196229,-2.6949,122.4648,121.9726,1.9865,1.4657,2022,12,Dec,4,Monday,-3.2029
2022-12-27,AAPL,Technology,124.9957,126.4725,123.6505,124.7898,7395509,-0.8316,122.3935,122.3132,1.9778,2.822,2022,12,Dec,4,Tuesday,-4.0078
2022-12-28,AAPL,Technology,127.7138,127.9966,126.7164,127.6854,14804175,2.3204,122.6945,122.6908,1.8554,1.2802,2022,12,Dec,4,Wednesday,-1.7805
2022-12-29,AAPL,Technology,127.1327,127.3324,124.4313,126.11,6787004,-1.2338,122.8939,123.016,1.8847,2.9011,2022,12,Dec,4,Thursday,-2.9923
2022-12-30,AAPL,Technology,127.1823,127.8949,126.9452,127.1679,3449407,0.8389,123.2165,123.341,1.8633,0.9497,2022,12,Dec,4,Friday,-2.1785
2023-01-02,AAPL,Technology,128.9281,130.5244,128.6725,128.992,1778038,1.4344,123.5353,123.5478,1.8584,1.8519,2023,1,Jan,1,Monday,-0.7754
2023-01-03,AAPL,Technology,126.1972,128.6098,125.3292,126.8914,5210406,-1.6285,123.834,123.6873,1.8705,3.2806,2023,1,Jan,1,Tuesday,-2.3912
2023-01-04,AAPL,Technology,125.6775,128.4696,124.4398,126.8062,3745941,-0.0671,124.1386,123.7751,1.8694,4.0298,2023,1,Jan,1,Wednesday,-2.4568
2023-01-05,AAPL,Technology,119.6136,121.6296,119.335,119.4587,4615275,-5.7943,124.0185,123.6729,2.2981,2.2946,2023,1,Jan,1,Thursday,-8.1087
2023-01-06,AAPL,Technology,116.4319,118.0125,115.4963,117.3037,5718855,-1.804,123.6933,123.4974,2.2937,2.5162,2023,1,Jan,1,Friday,-9.7664
2023-01-09,AAPL,Technology,116.4919,117.9486,116.4695,116.8174,12936247,-0.4146,123.475,123.3255,2.2516,1.4791,2023,1,Jan,1,Monday,-10.1405
2023-01-10,AAPL,Technology,115.2538,115.3161,113.83,114.2404,3607408,-2.206,123.1619,123.0667,2.2967,1.4861,2023,1,Jan,1,Tuesday,-12.1228
2023-01-11,AAPL,Technology,117.4196,119.552,115.7423,117.6428,5714468,2.9783,123.0681,122.9104,2.401,3.8097,2023,1,Jan,1,Wednesday,-9.5055
2023-01-12,AAPL,Technology,114.8842,115.4092,113.7108,114.6615,3812372,-2.5342,122.893,122.7041,2.4541,1.6984,2023,1,Jan,1,Thursday,-11.7988
2023-01-13,AAPL,Technology,114.7313,115.226,113.6488,113.7991,11195906,-0.7521,122.4848,122.5015,2.327,1.5772,2023,1,Jan,1,Friday,-12.4622
2023-01-16,AAPL,Technology,113.3206,115.0335,112.4658,114.1125,1656757,0.2754,122.0453,122.3004,2.3174,2.5677,2023,1,Jan,1,Monday,-12.2212
2023-01-17,AAPL,Technology,116.8425,117.3411,115.8019,117.1185,4682393,2.6342,121.8931,122.055,2.364,1.5392,2023,1,Jan,1,Tuesday,-9.9088
2023-01-18,AAPL,Technology,113.2759,114.2173,112.75,114.1384,4596447,-2.5445,121.4903,121.836,2.3845,1.4673,2023,1,Jan,1,Wednesday,-12.2012
2023-01-19,AAPL,Technology,116.9275,118.0715,115.0934,116.5737,4759505,2.1336,120.9733,121.6337,2.2531,2.9781,2023,1,Jan,1,Thursday,-10.3279
2023-01-20,AAPL,Technology,116.9276,116.9474,116.4248,116.6418,7307543,0.0584,120.3394,121.5054,2.1911,0.5226,2023,1,Jan,1,Friday,-10.2755
2023-01-23,AAPL,Technology,115.3988,116.0306,114.2548,114.6278,2822363,-1.7267,119.7789,121.3567,2.1501,1.7758,2023,1,Jan,1,Monday,-11.8248
2023-01-24,AAPL,Technology,114.6108,115.74,112.8447,115.6271,3620648,0.8718,119.3208,121.1791,2.1676,2.8953,2023,1,Jan,1,Tuesday,-11.0561
2023-01-25,AAPL,Technology,116.0584,116.6609,115.9614,116.0876,5416046,0.3983,118.7409,121.0069,2.0836,0.6995,2023,1,Jan,1,Wednesday,-10.7018
2023-01-26,AAPL,Technology,114.5556,115.9424,113.6711,114.8799,9517194,-1.0403,118.1794,120.858,2.0802,2.2713,2023,1,Jan,1,Thursday,-11.6308
2023-01-27,AAPL,Technology,115.786,116.4552,113.2316,115.0702,2752802,0.1657,117.5745,120.7433,2.0637,3.2236,2023,1,Jan,1,Friday,-11.4845
2023-01-30,AAPL,Technology,113.9195,115.2638,113.6461,114.3181,10238438,-0.6536,116.8408,120.5831,2.0141,1.6177,2023,1,Jan,1,Monday,-12.063
2023-01-31,AAPL,Technology,115.2129,115.5106,114.3289,114.5974,4675254,0.2443,116.2261,120.4596,2.0064,1.1817,2023,1,Jan,1,Tuesday,-11.8482
2023-02-01,AAPL,Technology,115.6308,116.8556,113.7142,116.0091,8980547,1.2319,115.6863,120.3541,2.0415,3.1414,2023,2,Feb,1,Wednesday,-10.7622
2023-02-02,AAPL,Technology,119.5845,120.6938,118.1569,119.3673,2897808,2.8948,115.6817,120.3127,1.741,2.5369,2023,2,Feb,1,Thursday,-8.179
2023-02-03,AAPL,Technology,116.6095,117.1872,115.5961,116.7555,4032391,-2.188,115.6543,120.2466,1.764,1.5911,2023,2,Feb,1,Friday,-10.1881
2023-02-06,AAPL,Technology,120.249,122.7153,118.7255,121.285,3774824,3.8795,115.8777,120.1774,1.9622,3.9898,2023,2,Feb,1,Monday,-6.7038
2023-02-07,AAPL,Technology,116.8814,117.2923,115.7115,117.0718,2766920,-3.4738,116.0193,119.9946,2.0621,1.5808,2023,2,Feb,1,Tuesday,-9.9448
2023-02-08,AAPL,Technology,117.0212,118.3187,116.176,116.7988,4934419,-0.2332,115.9771,119.8972,1.9518,2.1427,2023,2,Feb,1,Wednesday,-10.1548
2023-02-09,AAPL,Technology,118.4826,118.7803,118.0335,118.0824,2818220,1.099,116.1481,119.8164,1.8727,0.7468,2023,2,Feb,1,Thursday,-9.1674
2023-02-10,AAPL,Technology,117.7172,119.3106,117.7103,118.7269,4019851,0.5458,116.3945,119.7767,1.8618,1.6003,2023,2,Feb,1,Friday,-8.6716
2023-02-13,AAPL,Technology,116.452,117.5594,115.2913,117.4436,4172570,-1.0809,116.561,119.6732,1.8846,2.2681,2023,2,Feb,1,Monday,-9.6588
2023-02-14,AAPL,Technology,116.0463,117.3232,114.3622,117.0506,6618691,-0.3346,116.5576,119.5959,1.7942,2.961,2023,2,Feb,1,Tuesday,-9.9611
2023-02-15,AAPL,Technology,115.2568,116.3673,115.1592,116.0587,5606513,-0.8474,116.6537,119.5028,1.7049,1.2081,2023,2,Feb,1,Wednesday,-10.7241
2023-02-16,AAPL,Technology,115.677,116.8899,114.4918,114.8739,4738813,-1.0209,116.5687,119.363,1.6516,2.3981,2023,2,Feb,1,Thursday,-11.6355
2023-02-17,AAPL,Technology,116.4362,117.1468,115.8807,116.6766,1803911,1.5693,116.5704,119.2204,1.6914,1.2661,2023,2,Feb,1,Friday,-10.2488
2023-02-20,AAPL,Technology,116.7418,119.3048,114.3827,117.4731,6878932,0.6827,116.7127,119.1462,1.646,4.9221,2023,2,Feb,1,Monday,-9.6361
2023-02-21,AAPL,Technology,115.9305,116.578,114.8198,116.0549,3230810,-1.2073,116.7341,119.0573,1.6627,1.7582,2023,2,Feb,1,Tuesday,-10.727
2023-02-22,AAPL,Technology,117.3321,118.1591,116.8308,117.9806,1858534,1.6593,116.8287,119.0265,1.7008,1.3283,2023,2,Feb,1,Wednesday,-9.2457
2023-02-23,AAPL,Technology,118.8523,119.6511,118.4968,118.6804,2872996,0.5931,117.0187,119.0368,1.6825,1.1543,2023,2,Feb,1,Thursday,-8.7074
2023-02-24,AAPL,Technology,120.738,123.4813,120.1542,120.4643,8670424,1.5031,117.2884,119.0068,1.7085,3.3271,2023,2,Feb,1,Friday,-7.3352
2023-02-27,AAPL,Technology,122.1425,124.2906,121.3864,121.8778,2641962,1.1734,117.6664,118.9863,1.7068,2.9042,2023,2,Feb,1,Monday,-6.2478
2023-02-28,AAPL,Technology,119.1122,122.9663,117.4875,120.1079,5676346,-1.4522,117.942,118.9853,1.7531,5.4788,2023,2,Feb,1,Tuesday,-7.6093
2023-03-01,AAPL,Technology,119.0163,119.517,118.5576,118.9448,5751718,-0.9684,118.0887,118.9203,1.7572,0.9594,2023,3,Mar,1,Wednesday,-8.504
2023-03-02,AAPL,Technology,121.231,121.9056,120.1912,120.5924,6037488,1.3852,118.15,118.7939,1.6625,1.7144,2023,3,Mar,1,Thursday,-7.2366
2023-03-03,AAPL,Technology,121.9291,121.9976,121.6489,121.9655,8434970,1.1386,118.4105,118.6467,1.5902,0.3487,2023,3,Mar,1,Friday,-6.1804
2023-03-06,AAPL,Technology,121.6947,122.9626,120.9771,121.9684,3712135,0.0024,118.4447,118.5694,1.3383,1.9855,2023,3,Mar,1,Monday,-6.1782
2023-03-07,AAPL,Technology,122.2996,123.8121,119.286,122.2748,4369194,0.2512,118.7048,118.5191,1.0528,4.5261,2023,3,Mar,1,Tuesday,-5.9425
2023-03-08,AAPL,Technology,125.9592,126.021,124.8142,125.1358,6488290,2.3398,119.1217,118.4681,1.1471,1.2068,2023,3,Mar,1,Wednesday,-3.7417
2023-03-09,AAPL,Technology,124.0173,124.7365,122.5538,123.8533,4514120,-1.0249,119.4102,118.423,1.1723,2.1827,2023,3,Mar,1,Thursday,-4.7282
2023-03-10,AAPL,Technology,121.0187,121.6606,116.9883,120.1684,6940600,-2.9752,119.4823,118.283,1.3722,4.6723,2023,3,Mar,1,Friday,-7.5628
2023-03-13,AAPL,Technology,118.7423,119.9891,116.6326,119.7791,4431467,-0.324,119.5991,118.0987,1.349,3.3565,2023,3,Mar,1,Monday,-7.8622
2023-03-14,AAPL,Technology,119.8362,120.6664,118.9205,119.3577,3075936,-0.3518,119.7144,117.948,1.3493,1.7459,2023,3,Mar,1,Tuesday,-8.1864
2023-03-15,AAPL,Technology,122.4334,123.9453,120.786,121.7661,3551812,2.0178,119.9998,117.8472,1.3941,3.1593,2023,3,Mar,1,Wednesday,-6.3338
2023-03-16,AAPL,Technology,124.6419,125.7024,123.0531,123.624,7184930,1.5258,120.4373,117.9305,1.3882,2.6493,2023,3,Mar,1,Thursday,-4.9046
2023-03-17,AAPL,Technology,126.0268,126.6098,125.0078,125.4837,3715516,1.5043,120.8776,118.0941,1.3854,1.602,2023,3,Mar,1,Friday,-3.4741
2023-03-20,AAPL,Technology,129.1045,130.4793,127.6635,128.4825,5960545,2.3898,121.4281,118.3274,1.4562,2.8158,2023,3,Mar,1,Monday,-1.1673
2023-03-21,AAPL,Technology,127.6303,129.8209,126.6811,128.5825,4940289,0.0778,122.0545,118.6143,1.4063,3.1398,2023,3,Mar,1,Tuesday,-1.0904
2023-03-22,AAPL,Technology,129.9956,131.0036,129.8263,130.2123,3364327,1.2675,122.6661,118.8657,1.3923,1.1773,2023,3,Mar,1,Wednesday,0.1633
2023-03-23,AAPL,Technology,130.2559,130.6149,129.502,129.5372,6778403,-0.5185,123.2089,119.1632,1.4106,1.1129,2023,3,Mar,1,Thursday,-0.356
2023-03-24,AAPL,Technology,129.8746,130.3463,128.9161,130.3449,6952218,0.6235,123.703,119.4941,1.3895,1.4302,2023,3,Mar,1,Friday,0.2653
2023-03-27,AAPL,Technology,129.0384,131.1894,128.8495,130.0917,3506617,-0.1943,124.1136,119.8137,1.3833,2.3399,2023,3,Mar,1,Monday,0.0705
2023-03-28,AAPL,Technology,129.8904,131.2733,128.7876,130.3708,7569865,0.2145,124.6268,120.0787,1.3186,2.4857,2023,3,Mar,1,Tuesday,0.2852
2023-03-29,AAPL,Technology,131.3961,132.0496,129.5681,130.3708,4679445,0.0,125.1981,120.4034,1.2823,2.4815,2023,3,Mar,1,Wednesday,0.2852
2023-03-30,AAPL,Technology,130.2594,130.3295,129.6065,129.9309,9872639,-0.3374,125.665,120.6705,1.2752,0.723,2023,3,Mar,1,Thursday,-0.0532
2023-03-31,AAPL,Technology,133.961,136.4652,133.9513,134.8765,8258910,3.8063,126.3106,121.0352,1.4815,2.5139,2023,3,Mar,1,Friday,3.7512
2023-04-03,AAPL,Technology,132.3672,134.6349,130.8899,132.488,5552607,-1.7709,126.8366,121.3924,1.5645,3.745,2023,4,Apr,2,Monday,1.9138
2023-04-04,AAPL,Technology,129.0432,130.2191,128.0592,129.6454,6613826,-2.1456,127.2051,121.6728,1.667,2.1599,2023,4,Apr,2,Tuesday,-0.2728
2023-04-05,AAPL,Technology,133.1243,134.3876,129.1115,132.3999,6083899,2.1246,127.5683,121.999,1.6538,5.2761,2023,4,Apr,2,Wednesday,1.8461
2023-04-06,AAPL,Technology,133.7868,134.9549,131.5702,134.3395,4930280,1.465,128.0926,122.3882,1.6429,3.3847,2023,4,Apr,2,Thursday,3.3381
2023-04-07,AAPL,Technology,135.0067,136.5435,134.8204,135.9025,3314238,1.1635,128.8793,122.8049,1.441,1.7231,2023,4,Apr,2,Friday,4.5404
2023-04-10,AAPL,Technology,136.2568,138.8811,135.4819,137.4939,5038595,1.171,129.765,123.2684,1.4278,3.3992,2023,4,Apr,2,Monday,5.7645
2023-04-11,AAPL,Technology,136.9645,137.9244,136.7725,137.5186,7553318,0.018,130.6731,123.7268,1.4157,1.1519,2023,4,Apr,2,Tuesday,5.7835
2023-04-12,AAPL,Technology,134.905,136.4089,134.5724,135.3526,3389452,-1.5751,131.3524,124.1137,1.4694,1.8365,2023,4,Apr,2,Wednesday,4.1174
2023-04-13,AAPL,Technology,135.031,136.1726,133.964,135.5914,5701438,0.1764,131.9508,124.4382,1.4526,2.2086,2023,4,Apr,2,Thursday,4.3011
2023-04-14,AAPL,Technology,133.8333,134.2264,133.5605,133.993,7297009,-1.1788,132.3762,124.7829,1.4761,0.6659,2023,4,Apr,2,Friday,3.0715
2023-04-17,AAPL,Technology,137.5378,137.8636,135.683,136.3984,1477024,1.7952,132.772,125.0852,1.4381,2.1806,2023,4,Apr,2,Monday,4.9218
2023-04-18,AAPL,Technology,136.417,136.5815,135.4523,136.0919,3324222,-0.2247,133.1475,125.4656,1.4422,1.1292,2023,4,Apr,2,Tuesday,4.6861
2023-04-19,AAPL,Technology,134.5259,134.6329,133.886,134.1242,3671542,-1.4459,133.3431,125.8121,1.4731,0.7469,2023,4,Apr,2,Wednesday,3.1725
2023-04-20,AAPL,Technology,134.0787,134.4581,132.8759,133.4019,5361942,-0.5385,133.5363,126.1185,1.4736,1.5822,2023,4,Apr,2,Thursday,2.6168
2023-04-21,AAPL,Technology,134.1081,134.4475,133.3807,134.4468,2429074,0.7833,133.7414,126.4329,1.4767,1.0668,2023,4,Apr,2,Friday,3.4206
2023-04-24,AAPL,Technology,132.4387,135.8877,130.7557,133.1364,2462529,-0.9747,133.8937,126.7467,1.4969,5.132,2023,4,Apr,2,Monday,2.4126
2023-04-25,AAPL,Technology,130.1619,131.7545,128.4466,131.2192,5887375,-1.44,133.9361,127.0301,1.5369,3.3079,2023,4,Apr,2,Tuesday,0.9378
2023-04-26,AAPL,Technology,131.1638,132.2038,130.724,131.8473,14315472,0.4787,134.0099,127.3459,1.5399,1.4798,2023,4,Apr,2,Wednesday,1.421
2023-04-27,AAPL,Technology,133.3879,134.1874,131.2034,132.4814,2299193,0.4809,134.1374,127.698,1.5395,2.984,2023,4,Apr,2,Thursday,1.9088
2023-04-28,AAPL,Technology,130.4665,132.2922,128.96,131.3255,7496746,-0.8725,133.9599,127.991,1.2819,3.3322,2023,4,Apr,2,Friday,1.0196
2023-05-01,AAPL,Technology,129.8322,131.659,127.9064,130.2645,3187151,-0.8079,133.8487,128.2468,1.2341,3.7526,2023,5,May,2,Monday,0.2035
2023-05-02,AAPL,Technology,131.7799,132.5318,129.8261,130.8608,2467412,0.4578,133.9095,128.543,1.138,2.7057,2023,5,May,2,Tuesday,0.6622
2023-05-03,AAPL,Technology,126.488,127.5491,125.3379,127.5021,7241657,-2.5666,133.6646,128.7334,1.1715,2.2112,2023,5,May,2,Wednesday,-1.9215
2023-05-04,AAPL,Technology,123.2369,124.8972,121.5302,124.323,2836384,-2.4934,133.1638,128.8462,1.2123,3.367,2023,5,May,2,Thursday,-4.3669
2023-05-05,AAPL,Technology,121.7028,123.0175,120.6041,122.7649,1388565,-1.2533,132.5069,128.8923,1.1701,2.4134,2023,5,May,2,Friday,-5.5655
2023-05-08,AAPL,Technology,122.4105,122.6209,122.2572,122.3424,5037689,-0.3442,131.7493,128.9016,1.1033,0.3637,2023,5,May,2,Monday,-5.8905
2023-05-09,AAPL,Technology,122.9965,123.1009,122.3904,123.076,2770510,0.5996,131.0272,128.9609,1.1272,0.7105,2023,5,May,2,Tuesday,-5.3262
2023-05-10,AAPL,Technology,127.017,128.2846,126.2563,126.3937,10839782,2.6957,130.5792,129.1099,1.3117,2.0283,2023,5,May,2,Wednesday,-2.7741
2023-05-11,AAPL,Technology,129.4956,130.2731,127.7116,128.3955,4188813,1.5838,130.2194,129.266,1.3766,2.5615,2023,5,May,2,Thursday,-1.2342
2023-05-12,AAPL,Technology,126.965,128.7384,125.8344,128.0772,3449823,-0.2479,129.9237,129.3882,1.3597,2.904,2023,5,May,2,Friday,-1.4791
2023-05-15,AAPL,Technology,128.126,129.5544,126.3929,128.0846,5429344,0.0058,129.508,129.5105,1.2766,3.1615,2023,5,May,2,Monday,-1.4734
2023-05-16,AAPL,Technology,126.6105,126.6681,125.0655,125.8245,7014090,-1.7645,128.9946,129.5815,1.3173,1.6026,2023,5,May,2,Tuesday,-3.2119
2023-05-17,AAPL,Technology,125.7377,127.6459,124.7995,125.8329,4748413,0.0067,128.58,129.5954,1.2954,2.8464,2023,5,May,2,Wednesday,-3.2055
2023-05-18,AAPL,Technology,125.7872,127.6392,124.446,125.2294,4933310,-0.4796,128.1714,129.623,1.295,3.1932,2023,5,May,2,Thursday,-3.6697
2023-05-19,AAPL,Technology,127.0453,127.069,125.7453,126.0069,4933310,0.6209,127.7494,129.7397,1.2883,1.3237,2023,5,May,2,Friday,-3.0716
2023-05-22,AAPL,Technology,123.5012,124.8699,123.1225,124.1811,3041491,-1.449,127.3016,129.8278,1.3053,1.7474,2023,5,May,2,Monday,-4.4761
2023-05-23,AAPL,Technology,126.0266,127.2809,125.1134,125.3916,6414421,0.9748,127.0103,129.9485,1.3098,2.1675,2023,5,May,2,Tuesday,-3.5449
2023-05-24,AAPL,Technology,128.6418,130.224,127.2844,128.9013,7642455,2.799,126.863,130.0912,1.468,2.9396,2023,5,May,2,Wednesday,-0.8452
2023-05-25,AAPL,Technology,136.0544,136.7219,135.4817,136.4345,8191566,5.8442,127.0606,130.3474,1.9806,1.2402,2023,5,May,2,Thursday,4.9496
2023-05-26,AAPL,Technology,137.9897,138.0836,136.1282,137.4756,4625234,0.7631,127.3681,130.5872,1.9692,1.9554,2023,5,May,2,Friday,5.7505
2023-05-29,AAPL,Technology,140.3862,142.4008,139.0069,139.2384,13752780,1.2823,127.8168,130.8023,1.9657,3.3939,2023,5,May,2,Monday,7.1065
2023-05-30,AAPL,Technology,137.2337,138.297,136.1864,138.2886,4933310,-0.6821,128.1882,130.9964,1.979,2.1106,2023,5,May,2,Tuesday,6.3758
2023-05-31,AAPL,Technology,138.8008,141.6668,136.8839,138.9017,2453362,0.4433,128.7582,131.1702,1.8609,4.7829,2023,5,May,2,Wednesday,6.8475
2023-06-01,AAPL,Technology,137.8629,139.3223,137.3026,138.9887,6019384,0.0626,129.4915,131.3593,1.7317,2.0197,2023,6,Jun,2,Thursday,6.9144
2023-06-02,AAPL,Technology,138.6418,141.2921,138.0624,139.2887,13757618,0.2158,130.3177,131.5381,1.6806,3.2297,2023,6,Jun,2,Friday,7.1452
2023-06-05,AAPL,Technology,136.3504,139.0921,136.1492,137.4063,5104525,-1.3514,131.0709,131.6844,1.7263,2.9429,2023,6,Jun,2,Monday,5.6972
2023-06-06,AAPL,Technology,136.7548,138.049,136.7311,137.5219,3628046,0.0841,131.7932,131.8275,1.7301,1.3179,2023,6,Jun,2,Tuesday,5.7861
2023-06-07,AAPL,Technology,138.7519,139.4191,137.5508,138.8097,7575081,0.9364,132.414,131.9962,1.6596,1.8683,2023,6,Jun,2,Wednesday,6.7767
2023-06-08,AAPL,Technology,142.8516,144.0782,141.8851,142.491,10501267,2.652,133.1187,132.2474,1.7133,2.1931,2023,6,Jun,2,Thursday,9.6085
2023-06-09,AAPL,Technology,145.0055,145.4724,144.1983,145.0083,4507303,1.7666,133.9653,132.4501,1.7239,1.2741,2023,6,Jun,2,Friday,11.5448
2023-06-12,AAPL,Technology,149.9505,152.3822,149.1307,150.6865,7772597,3.9158,135.0954,132.814,1.8646,3.2515,2023,6,Jun,2,Monday,15.9127
2023-06-13,AAPL,Technology,149.2779,149.8827,148.4596,148.6654,3231586,-1.3413,136.2374,133.1944,1.8358,1.4231,2023,6,Jun,2,Tuesday,14.358
2023-06-14,AAPL,Technology,149.779,153.9138,149.4431,151.0592,4179818,1.6102,137.4987,133.5676,1.8319,4.4707,2023,6,Jun,2,Wednesday,16.1994
2023-06-15,AAPL,Technology,151.3393,152.5018,149.5052,151.6181,2242985,0.37,138.8182,133.9132,1.807,2.9966,2023,6,Jun,2,Thursday,16.6293
2023-06-16,AAPL,Technology,158.3766,161.025,156.2255,157.655,3550622,3.9816,140.4006,134.3482,1.9247,4.7995,2023,6,Jun,2,Friday,21.2731
2023-06-19,AAPL,Technology,155.6036,156.7095,153.4958,155.4243,2683232,-1.4149,141.9627,134.7069,1.9223,3.2137,2023,6,Jun,2,Monday,19.5572
2023-06-20,AAPL,Technology,152.4217,153.1569,151.1069,153.1373,4079276,-1.4715,143.35,135.0192,2.0096,2.05,2023,6,Jun,2,Tuesday,17.7979
2023-06-21,AAPL,Technology,152.7751,153.7112,149.4455,151.5463,13478974,-1.0389,144.4823,135.3431,2.0144,4.2657,2023,6,Jun,2,Wednesday,16.5741
2023-06-22,AAPL,Technology,146.0235,148.1458,145.6763,145.8133,3190079,-3.783,144.9512,135.5475,1.9005,2.4695,2023,6,Jun,2,Thursday,12.1641
2023-06-23,AAPL,Technology,145.5167,147.2466,142.6567,144.4917,4082595,-0.9064,145.302,135.7575,1.918,4.5899,2023,6,Jun,2,Friday,11.1475
2023-06-26,AAPL,Technology,142.5144,144.4372,142.4989,142.5751,2673106,-1.3264,145.4689,135.8811,1.9339,1.9383,2023,6,Jun,2,Monday,9.6732
2023-06-27,AAPL,Technology,142.5845,143.4861,142.1131,143.0181,6242483,0.3107,145.7053,136.0196,1.9245,1.373,2023,6,Jun,2,Tuesday,10.0139
2023-06-28,AAPL,Technology,142.8439,147.3291,142.5861,143.9551,6220231,0.6552,145.958,136.2162,1.9266,4.743,2023,6,Jun,2,Wednesday,10.7347
2023-06-29,AAPL,Technology,148.4245,149.4159,147.035,148.8742,7240811,3.4171,146.4523,136.5256,2.056,2.3809,2023,6,Jun,2,Thursday,14.5186
2023-06-30,AAPL,Technology,151.9023,154.3271,151.0448,151.4806,3885874,1.7507,147.0619,136.8663,2.0787,3.2823,2023,6,Jun,2,Friday,16.5235
2023-07-03,AAPL,Technology,148.9637,150.0782,148.032,149.9682,1391321,-0.9984,147.69,137.203,2.0641,2.0462,2023,7,Jul,3,Monday,15.3602
2023-07-04,AAPL,Technology,146.4197,149.0473,144.9773,147.603,7022537,-1.5771,148.194,137.5306,2.1128,4.07,2023,7,Jul,3,Tuesday,13.5408
2023-07-05,AAPL,Technology,149.6176,151.1578,148.6315,148.969,8813191,0.9255,148.702,137.8731,2.1127,2.5263,2023,7,Jul,3,Wednesday,14.5915
2023-07-06,AAPL,Technology,144.9724,147.052,143.6876,145.4884,3963929,-2.3365,148.8519,138.1332,2.1241,3.3644,2023,7,Jul,3,Thursday,11.9142
2023-07-07,AAPL,Technology,149.9936,150.9681,148.0185,150.3428,2115701,3.3366,149.1186,138.5135,2.215,2.9496,2023,7,Jul,3,Friday,15.6483
2023-07-10,AAPL,Technology,154.0399,154.1579,152.4774,153.5948,3300967,2.1631,149.264,138.9802,2.0917,1.6805,2023,7,Jul,3,Monday,18.1498
2023-07-11,AAPL,Technology,153.1287,153.8452,151.5795,152.3591,5270327,-0.8045,149.4487,139.4101,2.0754,2.2657,2023,7,Jul,3,Tuesday,17.1993
2023-07-12,AAPL,Technology,146.5051,148.5866,144.5068,147.7218,8460529,-3.0437,149.2818,139.8145,2.1614,4.0798,2023,7,Jul,3,Wednesday,13.6322
2023-07-13,AAPL,Technology,152.0866,153.4464,151.3354,151.3808,3099836,2.477,149.2699,140.3557,2.235,2.111,2023,7,Jul,3,Thursday,16.4468
2023-07-14,AAPL,Technology,151.1535,151.9787,150.8801,151.1293,6531853,-0.1661,148.9437,140.923,2.0308,1.0986,2023,7,Jul,3,Friday,16.2533
2023-07-17,AAPL,Technology,155.1532,156.388,153.4218,154.557,4817872,2.2681,148.9003,141.5672,2.0804,2.9662,2023,7,Jul,3,Monday,18.89
2023-07-18,AAPL,Technology,150.7091,151.6092,149.6132,150.1831,7605777,-2.83,148.7526,142.1094,2.1517,1.996,2023,7,Jul,3,Tuesday,15.5255
2023-07-19,AAPL,Technology,147.8076,149.4485,146.0699,148.6229,2713751,-1.0389,148.6064,142.554,2.1517,3.3786,2023,7,Jul,3,Wednesday,14.3253
2023-07-20,AAPL,Technology,149.9771,150.5653,147.6539,148.6963,6285996,0.0494,148.7506,142.96,1.9668,2.9114,2023,7,Jul,3,Thursday,14.3818
2023-07-21,AAPL,Technology,150.0797,152.3234,145.6774,148.8816,4816270,0.1246,148.9701,143.3761,1.952,6.646,2023,7,Jul,3,Friday,14.5243
2023-07-24,AAPL,Technology,146.8389,148.6598,145.7099,147.735,4316541,-0.7701,149.2281,143.7691,1.9335,2.9499,2023,7,Jul,3,Monday,13.6423
2023-07-25,AAPL,Technology,150.3623,150.4586,149.3693,149.4504,6276644,1.1611,149.5497,144.2416,1.9455,1.0893,2023,7,Jul,3,Tuesday,14.9618
2023-07-26,AAPL,Technology,145.9386,147.8132,145.1795,146.6382,6422264,-1.8817,149.6838,144.6577,1.9988,2.6337,2023,7,Jul,3,Wednesday,12.7986
2023-07-27,AAPL,Technology,145.1402,146.3865,142.7445,146.321,5100844,-0.2163,149.5562,145.0795,1.8415,3.642,2023,7,Jul,3,Thursday,12.5546
2023-07-28,AAPL,Technology,147.6539,148.3035,146.0019,146.6964,1703638,0.2566,149.317,145.4933,1.7934,2.3016,2023,7,Jul,3,Friday,12.8434
2023-07-31,AAPL,Technology,147.1316,149.576,145.6424,148.1134,3014368,0.9659,149.2242,145.972,1.798,3.9336,2023,7,Jul,3,Monday,13.9334
2023-08-01,AAPL,Technology,151.0732,152.5047,149.2365,150.0699,7037285,1.3209,149.3476,146.4655,1.7849,3.2682,2023,8,Aug,3,Tuesday,15.4384
2023-08-02,AAPL,Technology,147.2819,149.0902,146.9996,147.092,3631172,-1.9843,149.2537,146.8294,1.8319,2.0906,2023,8,Aug,3,Wednesday,13.1477
2023-08-03,AAPL,Technology,142.542,144.4146,140.8,143.089,2335575,-2.7214,149.1337,146.9625,1.859,3.6146,2023,8,Aug,3,Thursday,10.0685
2023-08-04,AAPL,Technology,147.0504,148.5168,145.534,146.437,4635111,2.3398,148.9385,147.1417,1.7744,2.9828,2023,8,Aug,3,Friday,12.6438
2023-08-07,AAPL,Technology,148.1242,148.8349,145.107,147.3715,2861012,0.6382,148.6273,147.3043,1.7026,3.7279,2023,8,Aug,3,Monday,13.3627
2023-08-08,AAPL,Technology,144.2841,147.0626,143.5759,145.445,4630643,-1.3072,148.2816,147.4475,1.7158,3.4867,2023,8,Aug,3,Tuesday,11.8808
2023-08-09,AAPL,Technology,149.9456,151.4497,147.6143,149.5641,4176834,2.8321,148.3737,147.6607,1.7095,3.8354,2023,8,Aug,3,Wednesday,15.0493
2023-08-10,AAPL,Technology,150.6126,152.4019,149.5382,149.9353,3839796,0.2482,148.3014,147.8796,1.6148,2.8637,2023,8,Aug,3,Thursday,15.3348
2023-08-11,AAPL,Technology,152.5613,153.652,152.4942,153.178,5082668,2.1627,148.4039,148.1574,1.6872,1.1578,2023,8,Aug,3,Friday,17.8292
2023-08-14,AAPL,Technology,152.54,154.4728,150.4499,153.4254,3679428,0.1615,148.3473,148.4778,1.6073,4.0229,2023,8,Aug,3,Monday,18.0195
2023-08-15,AAPL,Technology,159.764,162.4088,157.8463,159.1779,2365934,3.7494,148.797,148.9109,1.6748,4.5625,2023,8,Aug,3,Tuesday,22.4445
2023-08-16,AAPL,Technology,163.3997,165.232,160.8162,164.271,4689927,3.1996,149.5794,149.4202,1.7618,4.4158,2023,8,Aug,3,Wednesday,26.3623
2023-08-17,AAPL,Technology,162.9746,163.9057,162.8725,163.6005,3485352,-0.4082,150.3246,149.8424,1.7711,1.0332,2023,8,Aug,3,Thursday,25.8465
2023-08-18,AAPL,Technology,165.2549,166.7921,165.1299,166.5271,5486465,1.7889,151.2069,150.2727,1.7918,1.6622,2023,8,Aug,3,Friday,28.0978
2023-08-21,AAPL,Technology,167.2907,171.0664,165.2576,168.5282,2610775,1.2017,152.2466,150.6296,1.7679,5.8088,2023,8,Aug,3,Monday,29.6371
2023-08-22,AAPL,Technology,171.2396,174.0373,169.3896,172.7473,8300168,2.5035,153.4114,151.1112,1.8122,4.6477,2023,8,Aug,3,Tuesday,32.8825
2023-08-23,AAPL,Technology,170.1523,171.868,168.4138,169.8161,8316725,-1.6968,154.5703,151.4863,1.7986,3.4542,2023,8,Aug,3,Wednesday,30.6278
2023-08-24,AAPL,Technology,173.364,173.7842,171.6484,171.981,5742155,1.2748,155.8533,151.8936,1.7872,2.1358,2023,8,Aug,3,Thursday,32.2931
2023-08-25,AAPL,Technology,175.6028,177.2554,173.4808,175.3263,4458188,1.9452,157.2848,152.247,1.7987,3.7746,2023,8,Aug,3,Friday,34.8664
2023-08-28,AAPL,Technology,170.0996,170.1661,169.3461,169.8461,2220339,-3.1257,158.3714,152.5355,2.0121,0.82,2023,8,Aug,3,Monday,30.6508
2023-08-29,AAPL,Technology,167.6663,169.349,165.7966,166.2966,6630902,-2.0898,159.1828,152.7986,2.0999,3.5524,2023,8,Aug,3,Tuesday,27.9205
2023-08-30,AAPL,Technology,161.635,163.1057,159.0122,160.259,4659806,-3.6306,159.8411,152.9729,2.232,4.0935,2023,8,Aug,3,Wednesday,23.2762
2023-08-31,AAPL,Technology,160.2592,160.448,158.3598,159.5459,4019091,-0.445,160.664,153.2476,2.1166,2.0882,2023,8,Aug,3,Thursday,22.7276
2023-09-01,AAPL,Technology,162.3206,164.6583,161.6474,161.6704,4787747,1.3316,161.4256,153.5911,2.0839,3.0109,2023,9,Sep,3,Friday,24.3618
2023-09-04,AAPL,Technology,166.4458,168.3776,165.0759,166.107,3888216,2.7442,162.3624,154.0618,2.1428,3.3017,2023,9,Sep,3,Monday,27.7746
2023-09-05,AAPL,Technology,165.4943,166.7896,164.9564,166.395,6641971,0.1734,163.4099,154.5293,2.0977,1.8332,2023,9,Sep,3,Tuesday,27.9962
2023-09-06,AAPL,Technology,169.8398,172.5481,168.7749,171.3394,3162433,2.9715,164.4987,155.077,2.1054,3.7732,2023,9,Sep,3,Wednesday,31.7995
2023-09-07,AAPL,Technology,165.8354,168.403,163.2704,167.1516,4301811,-2.4442,165.3595,155.4425,2.219,5.1326,2023,9,Sep,3,Thursday,28.5782
2023-09-08,AAPL,Technology,162.4049,163.2511,161.7442,162.0934,6419116,-3.0261,165.8053,155.6548,2.3237,1.5069,2023,9,Sep,3,Friday,24.6872
2023-09-11,AAPL,Technology,163.258,163.9461,159.9544,161.9962,5544604,-0.06,166.2338,155.8954,2.325,3.9917,2023,9,Sep,3,Monday,24.6125
2023-09-12,AAPL,Technology,163.5239,164.8004,161.8778,163.1809,3413693,0.7313,166.434,156.2069,2.1827,2.9226,2023,9,Sep,3,Tuesday,25.5238
2023-09-13,AAPL,Technology,162.7717,163.2059,162.5458,163.1502,7335104,-0.0188,166.3779,156.4905,2.0611,0.6601,2023,9,Sep,3,Wednesday,25.5002
2023-09-14,AAPL,Technology,157.2524,158.364,155.1907,157.144,5820273,-3.6814,166.0551,156.7236,2.218,3.1733,2023,9,Sep,3,Thursday,20.88
2023-09-15,AAPL,Technology,157.7666,158.7859,153.9298,156.9547,3435410,-0.1205,165.5765,156.8559,2.1695,4.8561,2023,9,Sep,3,Friday,20.7344
2023-09-18,AAPL,Technology,152.6377,154.1682,150.265,153.3321,13540640,-2.3081,164.8167,156.8506,2.1858,3.9032,2023,9,Sep,3,Monday,17.9478
2023-09-19,AAPL,Technology,156.4609,157.532,154.5724,155.2418,2059958,1.2455,163.9414,156.9083,2.1133,2.9596,2023,9,Sep,3,Tuesday,19.4168
2023-09-20,AAPL,Technology,154.983,156.364,152.2821,156.3283,4965525,0.6999,163.267,157.0804,2.1105,4.0819,2023,9,Sep,3,Wednesday,20.2525
2023-09-21,AAPL,Technology,154.9281,155.8824,153.3973,153.7461,4142799,-1.6518,162.3553,157.1277,2.0902,2.4851,2023,9,Sep,3,Thursday,18.2662
2023-09-22,AAPL,Technology,152.1377,154.1087,151.0224,152.3855,4349045,-0.885,161.2082,157.1528,2.0074,3.0863,2023,9,Sep,3,Friday,17.2196
2023-09-25,AAPL,Technology,148.3849,149.9176,147.6545,149.5411,2974297,-1.8666,160.193,157.0525,1.9454,2.2631,2023,9,Sep,3,Monday,15.0316
2023-09-26,AAPL,Technology,150.4588,151.2262,148.1301,149.4322,4236696,-0.0728,159.3497,157.0375,1.9171,3.0961,2023,9,Sep,3,Tuesday,14.9478
2023-09-27,AAPL,Technology,151.5405,152.8989,151.4042,152.0611,2180512,1.7593,158.9398,157.1063,1.8332,1.4947,2023,9,Sep,3,Wednesday,16.9701
2023-09-28,AAPL,Technology,149.5195,151.3364,147.6454,149.4238,6362179,-1.7344,158.4337,157.1208,1.863,3.691,2023,9,Sep,3,Thursday,14.9414
2023-09-29,AAPL,Technology,150.3175,151.5823,148.7623,150.8393,2528816,0.9473,157.8922,157.16,1.8471,2.82,2023,9,Sep,3,Friday,16.0302
2023-10-02,AAPL,Technology,149.4751,149.7842,148.3147,149.4599,5457788,-0.9145,157.0598,157.1945,1.7021,1.4695,2023,10,Oct,4,Monday,14.9692
2023-10-03,AAPL,Technology,146.5745,151.3466,146.0205,147.3867,7636477,-1.3871,156.1094,157.1532,1.7047,5.3261,2023,10,Oct,4,Tuesday,13.3744
2023-10-04,AAPL,Technology,148.0568,148.6132,146.3579,147.1617,13981145,-0.1527,154.9005,157.1637,1.4908,2.2553,2023,10,Oct,4,Wednesday,13.2013
2023-10-05,AAPL,Technology,143.595,145.9488,142.3106,144.4783,6532744,-1.8234,153.7669,157.1268,1.4598,3.6382,2023,10,Oct,4,Thursday,11.1372
2023-10-06,AAPL,Technology,143.5958,144.1333,142.7162,143.0963,8144527,-0.9565,152.817,157.0548,1.3572,1.4171,2023,10,Oct,4,Friday,10.0741
2023-10-09,AAPL,Technology,140.1057,141.2635,139.7138,140.0681,6183725,-2.1162,151.7206,156.8939,1.3906,1.5497,2023,10,Oct,4,Monday,7.7447
2023-10-10,AAPL,Technology,144.6971,145.361,144.2943,145.0776,16823827,3.5765,150.8154,156.7941,1.6648,1.0667,2023,10,Oct,4,Tuesday,11.5982
2023-10-11,AAPL,Technology,144.5621,145.7936,144.3711,145.2277,3717214,0.1035,149.9193,156.7568,1.6672,1.4225,2023,10,Oct,4,Wednesday,11.7136
2023-10-12,AAPL,Technology,142.7703,144.7754,140.0739,143.4567,2262445,-1.2195,149.235,156.7641,1.5085,4.7015,2023,10,Oct,4,Thursday,10.3513
2023-10-13,AAPL,Technology,144.1727,146.6102,142.6586,144.0666,8474378,0.4251,148.5905,156.7167,1.5195,3.9516,2023,10,Oct,4,Friday,10.8205
2023-10-16,AAPL,Technology,142.983,147.2449,142.9786,143.8329,5890544,-0.1622,148.1156,156.6459,1.4533,4.2663,2023,10,Oct,4,Monday,10.6407
2023-10-17,AAPL,Technology,143.4022,144.5944,142.9936,143.3184,3161338,-0.3577,147.5194,156.6034,1.4064,1.6008,2023,10,Oct,4,Tuesday,10.2449
2023-10-18,AAPL,Technology,143.9613,146.1282,143.4289,144.9601,3039005,1.1455,146.951,156.5113,1.428,2.6993,2023,10,Oct,4,Wednesday,11.5078
2023-10-19,AAPL,Technology,146.7085,147.8561,146.5338,146.9946,5462001,1.4035,146.6134,156.4525,1.4466,1.3223,2023,10,Oct,4,Thursday,13.0728
2023-10-20,AAPL,Technology,145.6702,146.0631,145.584,145.6498,18538218,-0.9149,146.2766,156.302,1.4474,0.4791,2023,10,Oct,4,Friday,12.0383
2023-10-23,AAPL,Technology,144.5318,145.9749,142.7755,144.1984,7603102,-0.9965,146.0095,156.1174,1.4077,3.1994,2023,10,Oct,4,Monday,10.9218
2023-10-24,AAPL,Technology,142.2761,143.9047,140.0042,143.5422,6022428,-0.4551,145.715,155.8047,1.4088,3.9005,2023,10,Oct,4,Tuesday,10.4171
2023-10-25,AAPL,Technology,138.5027,138.9848,135.0679,137.652,4553987,-4.1035,144.9946,155.2723,1.581,3.9169,2023,10,Oct,4,Wednesday,5.8862
2023-10-26,AAPL,Technology,134.6558,136.2462,133.7081,133.9528,3351535,-2.6874,144.221,154.6794,1.6341,2.5381,2023,10,Oct,4,Thursday,3.0406
2023-10-27,AAPL,Technology,137.0249,137.3806,136.6842,137.3021,8002756,2.5004,143.5441,154.0949,1.7415,0.6964,2023,10,Oct,4,Friday,5.617
2023-10-30,AAPL,Technology,141.5288,142.301,141.1536,141.4225,9110953,3.001,143.1423,153.5528,1.8999,1.1474,2023,10,Oct,4,Monday,8.7865
2023-10-31,AAPL,Technology,140.6764,141.4686,139.3101,140.8451,3543372,-0.4083,142.8152,152.9147,1.8819,2.1585,2023,10,Oct,4,Tuesday,8.3424
2023-11-01,AAPL,Technology,147.5987,148.8286,147.353,147.9969,3695314,5.0778,142.857,152.4783,2.2228,1.4756,2023,11,Nov,4,Wednesday,13.8438
2023-11-02,AAPL,Technology,149.4822,152.4376,147.1575,148.8853,8112784,0.6003,143.0773,152.0164,2.1809,5.2801,2023,11,Nov,4,Thursday,14.5272
2023-11-03,AAPL,Technology,155.8049,158.1178,154.1954,157.196,4520814,5.5819,143.7823,151.6538,2.4732,3.9224,2023,11,Nov,4,Friday,20.92
2023-11-06,AAPL,Technology,161.3061,161.3155,160.0391,160.4268,10654076,2.0553,144.8002,151.4654,2.4162,1.2764,2023,11,Nov,4,Monday,23.4052
2023-11-07,AAPL,Technology,158.872,160.7806,156.7741,160.1216,7111343,-0.1902,145.5524,151.3419,2.326,4.0065,2023,11,Nov,4,Tuesday,23.1705
2023-11-08,AAPL,Technology,158.2902,159.4082,155.8103,157.4316,5145296,-1.68,146.1626,151.2854,2.3764,3.5979,2023,11,Nov,4,Wednesday,21.1012
2023-11-09,AAPL,Technology,153.4134,155.3452,151.9816,152.9423,4006491,-2.8516,146.6369,151.1533,2.4625,3.3636,2023,11,Nov,4,Thursday,17.6479
2023-11-10,AAPL,Technology,154.6427,155.3054,153.0715,153.5636,5575804,0.4062,147.1118,150.9912,2.4625,2.2339,2023,11,Nov,4,Friday,18.1258
2023-11-13,AAPL,Technology,152.24,154.5584,150.0729,151.5343,5500041,-1.3215,147.4968,150.6997,2.4887,4.4855,2023,11,Nov,4,Monday,16.5648
2023-11-14,AAPL,Technology,148.0676,149.319,147.5927,147.7156,2720668,-2.52,147.7167,150.3261,2.5641,1.7263,2023,11,Nov,4,Tuesday,13.6274
2023-11-15,AAPL,Technology,146.6244,147.7386,145.1983,146.0555,2899740,-1.1238,147.7715,149.8204,2.5694,2.5403,2023,11,Nov,4,Wednesday,12.3504
2023-11-16,AAPL,Technology,142.5353,144.2824,141.4385,143.2705,4623106,-1.9068,147.5852,149.3428,2.5855,2.8439,2023,11,Nov,4,Thursday,10.2081
2023-11-17,AAPL,Technology,147.6975,148.904,145.6595,147.6788,6454864,3.0769,147.6867,149.0545,2.6717,3.2445,2023,11,Nov,4,Friday,13.5991
2023-11-20,AAPL,Technology,150.8817,152.2737,148.8298,150.0814,2886840,1.6269,147.9808,148.8162,2.6792,3.4439,2023,11,Nov,4,Monday,15.4472
2023-11-21,AAPL,Technology,149.4824,150.3521,148.7349,150.0814,2777748,0.0,148.3078,148.5542,2.675,1.6172,2023,11,Nov,4,Tuesday,15.4472
2023-11-22,AAPL,Technology,153.3213,155.421,151.9152,154.179,7099547,2.7303,149.1342,148.3748,2.5208,3.5058,2023,11,Nov,4,Wednesday,18.5992
2023-11-23,AAPL,Technology,154.7204,155.8994,152.7421,154.4554,6590227,0.1793,150.1593,148.321,2.4028,3.1573,2023,11,Nov,4,Thursday,18.8118
2023-11-24,AAPL,Technology,152.8369,153.6935,150.8228,152.1226,10245160,-1.5103,150.9003,148.2244,2.4157,2.8707,2023,11,Nov,4,Friday,17.0174
2023-11-27,AAPL,Technology,156.1637,156.8461,153.9617,156.3541,5244133,2.7816,151.6469,148.2848,2.4044,2.8844,2023,11,Nov,4,Monday,20.2724
2023-11-28,AAPL,Technology,157.4303,158.3078,156.4769,157.9334,4320227,1.0101,152.5013,148.3387,2.3962,1.8309,2023,11,Nov,4,Tuesday,21.4872
2023-11-29,AAPL,Technology,156.4325,156.9001,154.6067,155.0478,6322228,-1.8271,152.8538,148.3131,2.2072,2.2934,2023,11,Nov,4,Wednesday,19.2675
2023-11-30,AAPL,Technology,153.3746,156.715,151.7588,154.5787,3332788,-0.3026,153.1385,148.3297,2.209,4.9562,2023,11,Nov,4,Thursday,18.9067
2023-12-01,AAPL,Technology,153.0443,154.437,151.8698,152.2041,4902691,-1.5362,152.8889,148.3261,1.8408,2.5672,2023,12,Dec,4,Friday,17.0801
2023-12-04,AAPL,Technology,149.2349,149.4146,146.0552,148.4766,6887476,-2.449,152.2914,148.3048,1.8329,3.3594,2023,12,Dec,4,Monday,14.2128
2023-12-05,AAPL,Technology,151.4308,152.2763,149.2051,151.0113,6066866,1.7071,151.8359,148.3364,1.8909,3.0712,2023,12,Dec,4,Tuesday,16.1625
2023-12-06,AAPL,Technology,156.4402,157.9745,154.9023,156.2619,5898656,3.477,151.7774,148.4204,2.0354,3.0722,2023,12,Dec,4,Wednesday,20.2015
2023-12-07,AAPL,Technology,152.6291,152.8278,152.3578,152.3906,4194318,-2.4774,151.7498,148.4797,2.0096,0.47,2023,12,Dec,4,Thursday,17.2235
2023-12-08,AAPL,Technology,154.5707,156.7375,152.1192,153.9958,3791803,1.0533,151.7714,148.5429,2.0216,4.6183,2023,12,Dec,4,Friday,18.4583
2023-12-11,AAPL,Technology,152.5193,153.0231,149.3762,152.2539,6835925,-1.1311,151.8074,148.5987,2.0153,3.6469,2023,12,Dec,4,Monday,17.1184
2023-12-12,AAPL,Technology,151.2329,152.4358,150.8899,150.9798,3607056,-0.8368,151.9706,148.6706,1.9363,1.5459,2023,12,Dec,4,Tuesday,16.1383
2023-12-13,AAPL,Technology,149.9004,151.3245,147.4376,149.4302,13339526,-1.0264,152.1394,148.716,1.9331,3.8869,2023,12,Dec,4,Wednesday,14.9463
2023-12-14,AAPL,Technology,147.6883,147.6932,145.4288,147.1661,7715674,-1.5152,152.3341,148.7697,1.9132,2.2644,2023,12,Dec,4,Thursday,13.2047
2023-12-15,AAPL,Technology,146.4416,148.9859,144.207,147.3535,6625185,0.1273,152.3179,148.8549,1.7852,4.7789,2023,12,Dec,4,Friday,13.3488
2023-12-18,AAPL,Technology,145.0913,146.3583,143.8464,145.2085,6336233,-1.4557,152.0742,148.9577,1.7708,2.5119,2023,12,Dec,4,Monday,11.6988
2023-12-19,AAPL,Technology,145.1057,148.0153,143.9837,145.9735,6152574,0.5268,151.8688,148.9756,1.777,4.0316,2023,12,Dec,4,Tuesday,12.2873
2023-12-20,AAPL,Technology,147.1103,147.7187,144.6127,145.8998,23113373,-0.0505,151.4549,148.989,1.6459,3.106,2023,12,Dec,4,Wednesday,12.2306
2023-12-21,AAPL,Technology,145.074,145.6463,143.5685,145.3307,6065394,-0.3901,150.9986,149.0265,1.6428,2.0778,2023,12,Dec,4,Thursday,11.7928
2023-12-22,AAPL,Technology,143.2288,143.492,140.7763,143.0147,8722367,-1.5936,150.5432,149.0055,1.6462,2.7157,2023,12,Dec,4,Friday,10.0113
2023-12-25,AAPL,Technology,140.4453,141.6813,139.8698,141.5871,5512126,-0.9982,149.8049,148.9606,1.4832,1.8115,2023,12,Dec,4,Monday,8.9132
2023-12-26,AAPL,Technology,144.5534,145.5332,143.14,143.5689,7456061,1.3997,149.0867,148.9656,1.5062,2.3932,2023,12,Dec,4,Tuesday,10.4376
2023-12-27,AAPL,Technology,144.1676,145.7419,143.1185,144.9208,7823371,0.9416,148.5803,148.9648,1.5017,2.6234,2023,12,Dec,4,Wednesday,11.4775
2023-12-28,AAPL,Technology,143.7036,144.5131,142.0588,142.4288,5190479,-1.7196,147.9728,148.8735,1.5336,2.4543,2023,12,Dec,4,Thursday,9.5606
2023-12-29,AAPL,Technology,142.6505,143.4038,142.3981,142.7404,4510951,0.2188,147.4996,148.8153,1.5151,1.0057,2023,12,Dec,4,Friday,9.8003
2024-01-01,AAPL,Technology,143.6106,145.7005,142.7514,144.7281,3514874,1.3925,147.3122,148.8259,1.4725,2.9491,2024,1,Jan,1,Monday,11.3293
2024-01-02,AAPL,Technology,140.3589,141.0578,139.9988,140.437,4398871,-2.9649,146.7835,148.7638,1.537,1.059,2024,1,Jan,1,Tuesday,8.0285
2024-01-03,AAPL,Technology,143.0747,143.3831,139.6933,141.8667,3967079,1.018,146.0637,148.8481,1.2937,3.6898,2024,1,Jan,1,Wednesday,9.1282
2024-01-04,AAPL,Technology,140.9843,142.5028,138.9162,140.2314,3918999,-1.1527,145.4558,148.9736,1.2174,3.5866,2024,1,Jan,1,Thursday,7.8703
2024-01-05,AAPL,Technology,141.1065,142.1766,139.3599,141.7277,2829653,1.067,144.8424,149.0622,1.2183,2.8167,2024,1,Jan,1,Friday,9.0213
2024-01-08,AAPL,Technology,138.7362,140.5861,138.0347,139.8373,4067135,-1.3338,144.2216,149.0305,1.2255,2.5514,2024,1,Jan,1,Monday,7.5672
2024-01-09,AAPL,Technology,136.2386,137.3675,133.0137,135.3502,4638475,-3.2088,143.4401,148.9206,1.374,4.3538,2024,1,Jan,1,Tuesday,4.1155
2024-01-10,AAPL,Technology,131.5892,132.0146,131.083,131.4392,5481370,-2.8895,142.5405,148.5894,1.4689,0.9316,2024,1,Jan,1,Wednesday,1.1071
2024-01-11,AAPL,Technology,130.7624,134.7953,129.0729,131.6055,7389935,0.1265,141.7625,148.2438,1.4626,5.7224,2024,1,Jan,1,Thursday,1.235
2024-01-12,AAPL,Technology,132.2444,132.3693,131.2527,132.2734,7902135,0.5075,141.0085,147.7454,1.4743,1.1166,2024,1,Jan,1,Friday,1.7488
2024-01-15,AAPL,Technology,133.0717,134.8048,131.64,134.1414,1565898,1.4122,140.4551,147.2196,1.5181,3.1648,2024,1,Jan,1,Monday,3.1857
2024-01-16,AAPL,Technology,136.2867,138.5254,134.7424,135.737,6362817,1.1895,139.9433,146.732,1.546,3.783,2024,1,Jan,1,Tuesday,4.4131
2024-01-17,AAPL,Technology,131.2904,132.1689,129.8394,131.7317,5354026,-2.9508,139.2349,146.218,1.6489,2.3295,2024,1,Jan,1,Wednesday,1.3321
2024-01-18,AAPL,Technology,132.7874,133.1178,130.6265,131.6277,4879239,-0.0789,138.5498,145.7917,1.6514,2.4913,2024,1,Jan,1,Thursday,1.2521
2024-01-19,AAPL,Technology,129.3714,131.0004,124.9567,128.8111,2398818,-2.1398,137.8396,145.2966,1.6751,6.0437,2024,1,Jan,1,Friday,-0.9145
2024-01-22,AAPL,Technology,128.1266,129.2171,126.9312,127.3513,2132941,-1.1333,137.1278,144.813,1.6775,2.2859,2024,1,Jan,1,Monday,-2.0375
2024-01-23,AAPL,Technology,127.4053,128.5718,126.8412,127.5109,5941195,0.1253,136.3249,144.4089,1.6243,1.7306,2024,1,Jan,1,Tuesday,-1.9147
2024-01-24,AAPL,Technology,124.9008,127.7393,123.063,125.5871,15162541,-1.5087,135.3582,143.9995,1.5957,4.6763,2024,1,Jan,1,Wednesday,-3.3945
2024-01-25,AAPL,Technology,124.1612,124.9466,121.8069,124.768,7700873,-0.6522,134.4752,143.6294,1.5776,3.1397,2024,1,Jan,1,Thursday,-4.0246
2024-01-26,AAPL,Technology,127.4477,127.6956,125.8229,127.0779,3724767,1.8514,133.692,143.2174,1.6647,1.8727,2024,1,Jan,1,Friday,-2.2478
2024-01-29,AAPL,Technology,125.1721,126.7571,124.6717,125.8091,4031930,-0.9984,132.7461,142.732,1.6013,2.0854,2024,1,Jan,1,Monday,-3.2238
2024-01-30,AAPL,Technology,127.2591,129.0222,127.0056,127.7519,9192771,1.5442,132.1118,142.2854,1.5808,2.0166,2024,1,Jan,1,Tuesday,-1.7293
2024-01-31,AAPL,Technology,124.9064,125.7835,124.7754,125.2052,3277197,-1.9935,131.2788,141.7059,1.576,1.0081,2024,1,Jan,1,Wednesday,-3.6883
2024-02-01,AAPL,Technology,127.2348,127.8394,125.8986,126.4493,2881444,0.9936,130.5896,141.1458,1.6098,1.9408,2024,2,Feb,1,Thursday,-2.7313
2024-02-02,AAPL,Technology,129.1227,130.5769,128.7015,129.781,6546283,2.6348,129.9923,140.699,1.7244,1.8754,2024,2,Feb,1,Friday,-0.1685
2024-02-05,AAPL,Technology,123.5304,124.6562,122.1582,124.059,3635635,-4.409,129.2034,140.0531,1.9341,2.498,2024,2,Feb,1,Monday,-4.57
2024-02-06,AAPL,Technology,122.2374,122.8338,121.4507,122.3291,4386735,-1.3944,128.5523,139.341,1.8447,1.3831,2024,2,Feb,1,Tuesday,-5.9007
2024-02-07,AAPL,Technology,123.6179,124.6909,122.8747,123.6487,5786538,1.0787,128.1628,138.713,1.7853,1.8162,2024,2,Feb,1,Wednesday,-4.8856
2024-02-08,AAPL,Technology,123.1755,123.4541,121.4107,123.2463,4511156,-0.3254,127.7449,138.0863,1.7826,2.0434,2024,2,Feb,1,Thursday,-5.1952
2024-02-09,AAPL,Technology,123.347,127.1881,122.7888,124.1189,3843233,0.708,127.3371,137.5246,1.788,4.3993,2024,2,Feb,1,Friday,-4.5239
2024-02-12,AAPL,Technology,123.5433,125.078,122.1567,122.8192,2870356,-1.0471,126.771,137.0115,1.748,2.9213,2024,2,Feb,1,Monday,-5.5237
2024-02-13,AAPL,Technology,123.0832,123.934,122.8212,123.0598,6446724,0.1959,126.1372,136.4525,1.7135,1.1128,2024,2,Feb,1,Tuesday,-5.3386
2024-02-14,AAPL,Technology,121.7703,127.1022,121.7081,122.7642,3870427,-0.2402,125.6888,135.7825,1.6115,5.3941,2024,2,Feb,1,Wednesday,-5.566
2024-02-15,AAPL,Technology,125.2542,125.7182,124.93,125.3938,4887504,2.142,125.3771,135.2426,1.7042,0.7882,2024,2,Feb,1,Thursday,-3.5432
2024-02-16,AAPL,Technology,125.4227,126.4993,125.1401,126.0182,3198529,0.498,125.2374,134.683,1.6497,1.3592,2024,2,Feb,1,Friday,-3.0629
2024-02-19,AAPL,Technology,126.3345,127.3095,125.0445,126.8344,3992555,0.6477,125.2116,134.1746,1.6389,2.265,2024,2,Feb,1,Monday,-2.4351
2024-02-20,AAPL,Technology,126.5133,127.9383,125.5764,125.9448,4000088,-0.7014,125.1333,133.6739,1.6457,2.3619,2024,2,Feb,1,Tuesday,-3.1194
2024-02-21,AAPL,Technology,124.2984,125.6603,122.2205,124.8898,4579802,-0.8377,125.0984,133.1831,1.6211,3.4398,2024,2,Feb,1,Wednesday,-3.9309
2024-02-22,AAPL,Technology,122.9993,124.7133,121.2879,123.9673,5356764,-0.7387,125.0584,132.7191,1.623,3.4254,2024,2,Feb,1,Thursday,-4.6405
2024-02-23,AAPL,Technology,124.3,125.1159,124.2279,124.8971,5234724,0.75,124.9494,132.27,1.5741,0.888,2024,2,Feb,1,Friday,-3.9253
2024-02-26,AAPL,Technology,124.9675,125.249,123.225,124.0006,2406866,-0.7178,124.8589,131.8459,1.5667,2.024,2024,2,Feb,1,Monday,-4.6149
2024-02-27,AAPL,Technology,125.0976,126.0731,124.1858,124.697,3205337,0.5616,124.7062,131.4203,1.5286,1.8873,2024,2,Feb,1,Tuesday,-4.0792
2024-02-28,AAPL,Technology,128.8965,130.5178,127.7421,129.4052,8403318,3.7757,124.9162,131.0904,1.6902,2.7757,2024,2,Feb,1,Wednesday,-0.4575
2024-02-29,AAPL,Technology,131.7764,132.4912,131.2144,131.4861,2202726,1.608,125.168,130.8135,1.7113,1.2768,2024,2,Feb,1,Thursday,1.1432
2024-03-01,AAPL,Technology,130.3984,131.229,129.8471,130.7671,2806927,-0.5468,125.2173,130.5686,1.6194,1.3819,2024,3,Mar,1,Friday,0.5901
2024-03-04,AAPL,Technology,134.6779,135.0677,132.2663,133.6468,5217626,2.2022,125.6967,130.4098,1.3055,2.8014,2024,3,Mar,1,Monday,2.8052
2024-03-05,AAPL,Technology,132.1133,136.2914,129.6341,132.7186,4150802,-0.6945,126.2162,130.1928,1.2642,6.6573,2024,3,Mar,1,Tuesday,2.0912
2024-03-06,AAPL,Technology,128.481,129.0182,126.1518,127.9027,3111110,-3.6287,126.4289,129.8524,1.542,2.8664,2024,3,Mar,1,Wednesday,-1.6133
2024-03-07,AAPL,Technology,125.4123,127.6087,125.1068,125.633,6728829,-1.7746,126.5482,129.5165,1.6,2.5019,2024,3,Mar,1,Thursday,-3.3592
2024-03-08,AAPL,Technology,121.8703,122.7716,120.7874,121.4527,3837991,-3.3274,126.4149,129.0908,1.7661,1.9842,2024,3,Mar,1,Friday,-6.5748
2024-03-11,AAPL,Technology,120.5806,121.8808,120.3314,120.7328,11772564,-0.5927,126.3106,128.6108,1.7561,1.5494,2024,3,Mar,1,Monday,-7.1286
2024-03-12,AAPL,Technology,120.3599,122.9005,120.2853,120.8211,2522575,0.0731,126.1987,128.2185,1.7554,2.6152,2024,3,Mar,1,Tuesday,-7.0607
2024-03-13,AAPL,Technology,123.7631,126.7423,123.6255,124.5153,3019544,3.0576,126.2862,127.8715,1.889,3.1168,2024,3,Mar,1,Wednesday,-4.219
2024-03-14,AAPL,Technology,126.2054,127.6305,124.3435,125.2978,6561226,0.6284,126.2814,127.5728,1.8318,3.287,2024,3,Mar,1,Thursday,-3.6171
2024-03-15,AAPL,Technology,125.5752,125.7997,122.7082,124.8538,4933310,-0.3544,126.2232,127.2353,1.8299,3.0915,2024,3,Mar,1,Friday,-3.9586
2024-03-18,AAPL,Technology,127.6768,129.5649,125.6724,126.7677,4702449,1.5329,126.2199,126.974,1.8576,3.8925,2024,3,Mar,1,Monday,-2.4864
2024-03-19,AAPL,Technology,121.9415,122.0438,120.6463,121.773,4763005,-3.94,126.0113,126.7024,2.054,1.3975,2024,3,Mar,1,Tuesday,-6.3285
2024-03-20,AAPL,Technology,123.3964,125.0661,121.6752,122.3382,5183374,0.4641,125.8837,126.5204,2.0517,3.3909,2024,3,Mar,1,Wednesday,-5.8937
2024-03-21,AAPL,Technology,124.1568,124.3937,122.1366,124.0846,6689640,1.4275,125.8896,126.37,2.0723,2.2571,2024,3,Mar,1,Thursday,-4.5503
2024-03-22,AAPL,Technology,121.7851,123.8599,119.8962,120.8318,4065900,-2.6214,125.6863,126.1411,2.146,3.9637,2024,3,Mar,1,Friday,-7.0525
2024-03-25,AAPL,Technology,122.7605,125.4637,121.1878,123.3678,6931210,2.0988,125.6547,125.9257,2.1982,4.2759,2024,3,Mar,1,Monday,-5.1017
2024-03-26,AAPL,Technology,124.3423,125.5522,123.6423,124.1688,4771304,0.6493,125.6282,125.6943,2.1994,1.9099,2024,3,Mar,1,Tuesday,-4.4855
2024-03-27,AAPL,Technology,122.9592,124.7614,121.6792,123.2903,3857942,-0.7075,125.3225,125.5255,2.0153,3.0822,2024,3,Mar,1,Wednesday,-5.1613
2024-03-28,AAPL,Technology,124.3581,126.4496,121.1784,124.7439,3990268,1.179,124.9854,125.3878,1.997,5.2712,2024,3,Mar,1,Thursday,-4.0432
2024-03-29,AAPL,Technology,129.6141,130.5374,129.0478,129.8924,6298245,4.1273,124.9417,125.4094,2.2206,1.4896,2024,3,Mar,1,Friday,-0.0828
2024-04-01,AAPL,Technology,130.0988,132.5634,129.6429,130.3695,5499459,0.3673,124.7778,125.4698,2.1616,2.9205,2024,4,Apr,2,Monday,0.2842
2024-04-02,AAPL,Technology,131.0786,131.6083,130.9725,131.0042,3867153,0.4868,124.6921,125.5397,2.1606,0.6358,2024,4,Apr,2,Tuesday,0.7725
2024-04-03,AAPL,Technology,129.7575,130.5039,128.6085,129.9734,5149656,-0.7868,124.7956,125.6274,1.9999,1.8954,2024,4,Apr,2,Wednesday,-0.0205
2024-04-04,AAPL,Technology,128.5321,129.047,127.8818,128.0371,3511901,-1.4898,124.9158,125.6928,1.9868,1.1652,2024,4,Apr,2,Thursday,-1.5099
2024-04-05,AAPL,Technology,129.1043,130.716,128.9206,130.002,3729119,1.5346,125.3433,125.7512,1.8353,1.7954,2024,4,Apr,2,Friday,0.0015
2024-04-08,AAPL,Technology,127.7157,128.3091,125.1973,128.0507,8858312,-1.501,125.7092,125.7961,1.8709,3.1118,2024,4,Apr,2,Monday,-1.4995
2024-04-09,AAPL,Technology,129.0372,129.5284,126.8848,128.2669,2518342,0.1688,126.0815,125.8064,1.8704,2.6436,2024,4,Apr,2,Tuesday,-1.3332
2024-04-10,AAPL,Technology,126.3129,128.0277,125.0886,127.2154,2046160,-0.8198,126.2165,125.8466,1.7695,2.9391,2024,4,Apr,2,Wednesday,-2.142
2024-04-11,AAPL,Technology,128.7693,129.4111,128.127,128.3631,2741110,0.9022,126.3697,125.8849,1.7747,1.2841,2024,4,Apr,2,Thursday,-1.2592
2024-04-12,AAPL,Technology,128.3873,129.6454,126.9923,129.1854,4320237,0.6406,126.5863,125.8729,1.7741,2.6531,2024,4,Apr,2,Friday,-0.6266
2024-04-15,AAPL,Technology,132.5486,134.343,131.2686,131.6497,12023997,1.9076,126.8304,126.0248,1.791,3.0744,2024,4,Apr,2,Monday,1.269
2024-04-16,AAPL,Technology,131.5698,131.5914,130.0785,130.4937,4399419,-0.8781,127.2664,126.1881,1.5299,1.5129,2024,4,Apr,2,Tuesday,0.3798
2024-04-17,AAPL,Technology,130.9276,131.191,129.1021,129.912,2650564,-0.4458,127.6451,126.3133,1.5401,2.0889,2024,4,Apr,2,Wednesday,-0.0677
2024-04-18,AAPL,Technology,128.2553,130.2116,125.3887,127.6752,5959038,-1.7218,127.8247,126.4019,1.5805,4.8229,2024,4,Apr,2,Thursday,-1.7883
2024-04-19,AAPL,Technology,126.5421,127.5892,125.9114,126.7053,5620665,-0.7597,128.1183,126.4536,1.4585,1.6778,2024,4,Apr,2,Friday,-2.5344
2024-04-22,AAPL,Technology,127.709,127.9945,127.3498,127.6165,8950822,0.7191,128.3308,126.5496,1.3977,0.6447,2024,4,Apr,2,Monday,-1.8335
2024-04-23,AAPL,Technology,129.1246,129.6228,128.7636,129.4064,4860511,1.4026,128.5927,126.6765,1.421,0.8592,2024,4,Apr,2,Tuesday,-0.4566
2024-04-24,AAPL,Technology,127.3424,128.7391,126.5391,127.3101,2069154,-1.6199,128.7936,126.7674,1.4662,2.2,2024,4,Apr,2,Wednesday,-2.0692
2024-04-25,AAPL,Technology,128.9468,129.4638,128.4583,129.3538,3246236,1.6053,129.0241,126.8466,1.4846,1.0055,2024,4,Apr,2,Thursday,-0.4971
2024-04-26,AAPL,Technology,132.9702,134.4967,130.9553,132.562,3944275,2.4802,129.1576,126.9775,1.2874,3.5414,2024,4,Apr,2,Friday,1.9708
2024-04-29,AAPL,Technology,133.0386,135.5849,131.7513,133.6015,3471673,0.7842,129.3192,127.1128,1.2951,3.8336,2024,4,Apr,2,Monday,2.7704
2024-04-30,AAPL,Technology,139.259,139.7084,137.6168,138.1683,2810897,3.4182,129.6774,127.3573,1.489,2.0916,2024,4,Apr,2,Tuesday,6.2833
2024-05-01,AAPL,Technology,135.6188,136.8519,133.3251,136.2992,2796996,-1.3528,129.9937,127.5855,1.5154,3.5268,2024,5,May,2,Wednesday,4.8455
2024-05-02,AAPL,Technology,132.5105,133.6397,130.7156,133.3001,3941035,-2.2004,130.2569,127.7722,1.5658,2.9241,2024,5,May,2,Thursday,2.5385
2024-05-03,AAPL,Technology,130.0102,130.2359,128.2075,129.0855,8446832,-3.1617,130.211,127.8559,1.7033,2.0284,2024,5,May,2,Friday,-0.7035
2024-05-06,AAPL,Technology,131.8089,134.589,131.3629,132.6133,3879872,2.7329,130.4392,128.0282,1.7715,3.2261,2024,5,May,2,Monday,2.0102
2024-05-07,AAPL,Technology,135.1184,135.2868,133.3348,134.2283,1924680,1.2178,130.7372,128.2188,1.7863,1.952,2024,5,May,2,Tuesday,3.2525
2024-05-08,AAPL,Technology,133.0096,135.7393,132.7893,134.1477,5078296,-0.06,131.0839,128.3137,1.7705,2.95,2024,5,May,2,Wednesday,3.1905
2024-05-09,AAPL,Technology,135.5751,135.6834,134.8318,134.8774,2103993,0.544,131.4096,128.3815,1.7657,0.8516,2024,5,May,2,Thursday,3.7518
2024-05-10,AAPL,Technology,133.3263,135.105,130.136,132.1989,5929347,-1.9859,131.5602,128.4101,1.8325,4.969,2024,5,May,2,Friday,1.6915
2024-05-13,AAPL,Technology,138.5921,139.1805,137.739,138.0716,7635613,4.4423,131.8813,128.4986,2.038,1.4415,2024,5,May,2,Monday,6.2089
2024-05-14,AAPL,Technology,137.328,141.0986,135.82,138.448,4370728,0.2726,132.2791,128.6132,2.0204,5.2786,2024,5,May,2,Tuesday,6.4985
2024-05-15,AAPL,Technology,139.5395,140.4233,137.8865,138.776,4730851,0.2369,132.7223,128.8307,2.0126,2.5368,2024,5,May,2,Wednesday,6.7508
2024-05-16,AAPL,Technology,140.233,141.7794,139.3756,140.6445,3393700,1.3464,133.3707,129.1309,1.9627,2.4038,2024,5,May,2,Thursday,8.1881
2024-05-17,AAPL,Technology,140.7722,145.6314,140.2935,141.9184,2974767,0.9058,134.1314,129.5402,1.9415,5.3379,2024,5,May,2,Friday,9.168
2024-05-20,AAPL,Technology,142.6239,144.7168,142.2236,142.5471,2763238,0.443,134.8779,129.9765,1.9415,2.4932,2024,5,May,2,Monday,9.6516
2024-05-21,AAPL,Technology,141.3488,142.1161,139.9991,140.5759,3974475,-1.3828,135.4364,130.3716,1.9784,2.117,2024,5,May,2,Tuesday,8.1353
2024-05-22,AAPL,Technology,141.4705,142.7117,139.303,141.8251,3244308,0.8886,136.1621,130.7178,1.92,3.4087,2024,5,May,2,Wednesday,9.0962
2024-05-23,AAPL,Technology,145.5159,146.8139,144.9667,146.6864,3116045,3.4277,137.0288,131.1456,2.0133,1.8472,2024,5,May,2,Thursday,12.8357
2024-05-24,AAPL,Technology,150.6803,151.503,149.5895,150.2974,4248832,2.4617,137.9155,131.6544,2.0124,1.9135,2024,5,May,2,Friday,15.6134
2024-05-27,AAPL,Technology,155.7693,157.1644,153.6203,154.6677,2401384,2.9078,138.9688,132.2124,2.075,3.5441,2024,5,May,2,Monday,18.9752
2024-05-28,AAPL,Technology,153.782,154.4738,152.5937,153.3063,8133051,-0.8802,139.7257,132.8431,2.0061,1.8801,2024,5,May,2,Tuesday,17.9279
2024-05-29,AAPL,Technology,151.5163,153.0126,150.1884,150.6368,3384947,-1.7413,140.4426,133.4091,2.0271,2.8242,2024,5,May,2,Wednesday,15.8745
2024-05-30,AAPL,Technology,150.8195,152.6201,149.8463,150.356,4509924,-0.1864,141.2954,133.9345,1.9327,2.7738,2024,5,May,2,Thursday,15.6585
2024-05-31,AAPL,Technology,151.902,153.112,148.0876,150.567,4073874,0.1403,142.3695,134.5292,1.722,5.0244,2024,5,May,2,Friday,15.8208
2024-06-03,AAPL,Technology,153.5033,154.5773,151.6867,153.5927,12094679,2.0095,143.4185,135.1337,1.6862,2.8906,2024,6,Jun,2,Monday,18.1482
2024-06-04,AAPL,Technology,148.7806,149.9306,146.2557,148.975,4150705,-3.0065,144.1558,135.6298,1.8782,3.6749,2024,6,Jun,2,Tuesday,14.5962
2024-06-05,AAPL,Technology,154.3337,154.9364,151.8571,153.1362,6559091,2.7932,145.1052,136.2267,1.9377,3.0793,2024,6,Jun,2,Wednesday,17.7971
2024-06-06,AAPL,Technology,152.9164,154.2257,151.8311,152.7619,3397732,-0.2444,145.9994,136.7871,1.9487,2.3946,2024,6,Jun,2,Thursday,17.5092
2024-06-07,AAPL,Technology,152.6471,153.7801,151.0308,151.6492,7820900,-0.7284,146.972,137.2222,1.8784,2.7493,2024,6,Jun,2,Friday,16.6532
2024-06-10,AAPL,Technology,149.4203,151.6552,146.9052,148.9471,7222844,-1.7818,147.5157,137.5938,1.737,4.75,2024,6,Jun,2,Monday,14.5747
2024-06-11,AAPL,Technology,144.3854,146.8883,143.191,144.57,3409302,-2.9387,147.8218,137.8651,1.8905,3.6973,2024,6,Jun,2,Tuesday,11.2077
2024-06-12,AAPL,Technology,146.0467,148.157,145.0461,146.7699,9921518,1.5217,148.2215,138.201,1.9123,3.1109,2024,6,Jun,2,Wednesday,12.8999
2024-06-13,AAPL,Technology,146.2779,147.9422,144.8582,147.0223,5883526,0.172,148.5404,138.5807,1.8963,3.084,2024,6,Jun,2,Thursday,13.0941
2024-06-14,AAPL,Technology,142.4907,144.7623,140.8749,143.6673,7382500,-2.282,148.6279,138.854,1.9699,3.8874,2024,6,Jun,2,Friday,10.5133
2024-06-17,AAPL,Technology,139.9511,140.425,139.551,140.3757,4943872,-2.2911,148.5193,139.1005,2.0371,0.874,2024,6,Jun,2,Monday,7.9813
2024-06-18,AAPL,Technology,138.5322,140.9287,136.131,139.5834,2635861,-0.5644,148.4697,139.3269,2.0172,4.7977,2024,6,Jun,2,Tuesday,7.3718
2024-06-19,AAPL,Technology,143.3043,144.078,143.0207,143.8327,5196629,3.0443,148.57,139.6592,2.1229,1.0573,2024,6,Jun,2,Wednesday,10.6405
2024-06-20,AAPL,Technology,142.0591,143.4562,140.8502,143.2181,5031346,-0.4273,148.3966,139.9563,1.9738,2.606,2024,6,Jun,2,Thursday,10.1678
2024-06-21,AAPL,Technology,138.3199,142.9991,138.0737,139.4004,3355265,-2.6657,147.8518,140.1606,1.9563,4.9254,2024,6,Jun,2,Friday,7.2311
2024-06-24,AAPL,Technology,138.4421,139.0555,137.4775,138.8396,6234457,-0.4023,147.0604,140.3044,1.7993,1.578,2024,6,Jun,2,Monday,6.7997
2024-06-25,AAPL,Technology,137.6994,139.1255,135.334,138.2135,5651085,-0.451,146.3057,140.4588,1.7973,3.7915,2024,6,Jun,2,Tuesday,6.3181
2024-06-26,AAPL,Technology,132.5072,133.2634,130.3065,131.5594,6008936,-4.8144,145.3519,140.4918,2.0257,2.9569,2024,6,Jun,2,Wednesday,1.1995
2024-06-27,AAPL,Technology,131.0002,131.6587,130.2279,131.4834,2830898,-0.0578,144.4082,140.5679,2.0275,1.4308,2024,6,Jun,2,Thursday,1.1411
2024-06-28,AAPL,Technology,131.3047,131.5855,130.9352,130.9895,3180793,-0.3756,143.4294,140.6536,2.0202,0.6503,2024,6,Jun,2,Friday,0.7612
2024-07-01,AAPL,Technology,133.0776,134.478,130.3309,132.6834,7126336,1.2932,142.3839,140.7549,1.976,4.1471,2024,7,Jul,3,Monday,2.0642
2024-07-02,AAPL,Technology,136.2502,137.438,135.4522,137.1523,4488883,3.3681,141.7928,140.9099,2.0966,1.9858,2024,7,Jul,3,Tuesday,5.5018
2024-07-03,AAPL,Technology,140.5653,141.6651,139.5127,139.9884,5741953,2.0678,141.1354,141.1634,2.0442,2.1524,2024,7,Jul,3,Wednesday,7.6834
2024-07-04,AAPL,Technology,138.1126,140.5161,136.4125,139.3668,8975846,-0.444,140.4656,141.3637,2.0437,4.1036,2024,7,Jul,3,Thursday,7.2052
2024-07-05,AAPL,Technology,137.7724,137.9375,135.8985,136.6468,19934018,-1.9517,139.7155,141.4454,2.071,2.039,2024,7,Jul,3,Friday,5.1129
2024-07-08,AAPL,Technology,141.9627,145.8017,140.8344,143.031,2290319,4.672,139.4197,141.634,2.3453,4.9673,2024,7,Jul,3,Monday,10.0238
2024-07-09,AAPL,Technology,142.571,145.1788,142.2063,143.2406,3668935,0.1465,139.3532,141.7354,2.2537,2.9725,2024,7,Jul,3,Tuesday,10.1851
2024-07-10,AAPL,Technology,142.2932,145.1638,139.0839,143.3338,9468027,0.0651,139.1814,141.8761,2.2245,6.0799,2024,7,Jul,3,Wednesday,10.2568
2024-07-11,AAPL,Technology,138.5958,139.4519,137.5727,139.0289,2210318,-3.0034,138.7818,141.9907,2.3159,1.8792,2024,7,Jul,3,Thursday,6.9453
2024-07-12,AAPL,Technology,140.0137,141.4625,138.1515,139.5802,5922237,0.3965,138.5774,142.2006,2.2694,3.311,2024,7,Jul,3,Friday,7.3694
2024-07-15,AAPL,Technology,138.3416,140.449,136.1706,139.2734,7105568,-0.2198,138.5223,142.3338,2.2116,4.2784,2024,7,Jul,3,Monday,7.1334
2024-07-16,AAPL,Technology,138.3889,139.0491,137.4421,137.891,12061661,-0.9926,138.4377,142.407,2.2193,1.607,2024,7,Jul,3,Tuesday,6.07
2024-07-17,AAPL,Technology,136.8818,136.8822,136.0239,136.5888,2096736,-0.9444,138.0755,142.4559,2.104,0.8583,2024,7,Jul,3,Wednesday,5.0683
2024-07-18,AAPL,Technology,136.8508,137.295,136.0511,136.5629,4867037,-0.019,137.7427,142.4896,2.104,1.2439,2024,7,Jul,3,Thursday,5.0484
2024-07-19,AAPL,Technology,135.4901,136.6861,134.2428,135.2817,5217821,-0.9382,137.5368,142.5512,2.0324,2.4433,2024,7,Jul,3,Friday,4.0628
2024-07-22,AAPL,Technology,132.5347,133.8358,131.4477,133.6,2304716,-1.2431,137.2748,142.4618,2.047,2.3881,2024,7,Jul,3,Monday,2.7692
2024-07-23,AAPL,Technology,134.2415,134.5524,131.5341,133.9094,4951564,0.2316,137.0596,142.371,2.0478,3.0183,2024,7,Jul,3,Tuesday,3.0072
2024-07-24,AAPL,Technology,132.7538,134.445,130.8987,133.3484,11071313,-0.4189,137.149,142.2625,1.7309,3.5463,2024,7,Jul,3,Wednesday,2.5757
2024-07-25,AAPL,Technology,136.6783,137.7196,136.0381,137.0117,14752928,2.7472,137.4255,142.1898,1.8298,1.6815,2024,7,Jul,3,Thursday,5.3936
2024-07-26,AAPL,Technology,129.8001,131.1193,127.6898,130.5286,7116936,-4.7318,137.4024,141.962,2.138,3.4295,2024,7,Jul,3,Friday,0.4066
2024-07-29,AAPL,Technology,131.9972,133.4362,131.5488,133.1454,4625826,2.0048,137.4255,141.774,2.1663,1.8874,2024,7,Jul,3,Monday,2.4195
2024-07-30,AAPL,Technology,136.8384,138.0963,134.6774,136.185,3086646,2.2829,137.3771,141.6862,2.0908,3.4189,2024,7,Jul,3,Tuesday,4.7577
2024-07-31,AAPL,Technology,131.7619,133.6842,128.4936,131.1569,2773798,-3.6921,136.9356,141.4728,2.1835,5.1906,2024,7,Jul,3,Wednesday,0.8899
2024-08-01,AAPL,Technology,131.4208,132.0303,130.0003,130.4004,6194094,-0.5768,136.4872,141.1471,2.1842,2.03,2024,8,Aug,3,Thursday,0.308
2024-08-02,AAPL,Technology,129.2957,129.6706,129.0842,129.5807,3905011,-0.6286,136.1339,140.7328,2.1516,0.5864,2024,8,Aug,3,Friday,-0.3225
2024-08-05,AAPL,Technology,126.363,126.884,125.2355,126.3495,2808840,-2.4936,135.2999,140.1664,1.868,1.6485,2024,8,Aug,3,Monday,-2.8081
2024-08-06,AAPL,Technology,123.7677,126.5238,123.5285,124.6311,8080196,-1.36,134.3694,139.5929,1.8666,2.9953,2024,8,Aug,3,Tuesday,-4.1299
2024-08-07,AAPL,Technology,121.9416,122.9692,119.7936,122.1895,3843940,-1.9591,133.3122,139.0239,1.8791,3.1756,2024,8,Aug,3,Wednesday,-6.0081
2024-08-08,AAPL,Technology,126.8044,127.0061,125.8966,126.0924,4933310,3.1941,132.6654,138.5387,1.9999,1.1095,2024,8,Aug,3,Thursday,-3.0058
2024-08-09,AAPL,Technology,129.316,129.4054,126.8866,128.2665,10328444,1.7242,132.0997,138.0927,2.0515,2.5188,2024,8,Aug,3,Friday,-1.3335
2024-08-12,AAPL,Technology,131.0208,133.3884,130.0363,131.2536,4173035,2.3288,131.6987,137.6459,2.1406,3.3521,2024,8,Aug,3,Monday,0.9643
2024-08-13,AAPL,Technology,132.7519,133.6167,131.88,133.0111,14760666,1.339,131.4547,137.3266,2.1628,1.7367,2024,8,Aug,3,Tuesday,2.3162
2024-08-14,AAPL,Technology,131.2338,132.6306,128.1952,130.3611,7919195,-1.9923,131.1433,136.8711,2.1953,4.4354,2024,8,Aug,3,Wednesday,0.2778
2024-08-15,AAPL,Technology,129.887,130.836,129.0916,129.1824,7692578,-0.9042,130.7743,136.3995,2.2001,1.7444,2024,8,Aug,3,Thursday,-0.6289
2024-08-16,AAPL,Technology,130.1287,130.5352,129.2244,130.372,4011998,0.9209,130.5288,135.974,2.209,1.3108,2024,8,Aug,3,Friday,0.2862
2024-08-19,AAPL,Technology,126.7559,129.8207,125.1648,127.5562,6438093,-2.1598,130.2266,135.5461,2.2419,4.6559,2024,8,Aug,3,Monday,-1.8798
2024-08-20,AAPL,Technology,130.0084,131.7405,129.191,129.2443,3299604,1.3234,129.9933,135.2396,2.2663,2.5495,2024,8,Aug,3,Tuesday,-0.5813
2024-08-21,AAPL,Technology,129.0384,129.6078,128.0768,128.7369,5513385,-0.3926,129.7628,134.879,2.2661,1.531,2024,8,Aug,3,Wednesday,-0.9716
2024-08-22,AAPL,Technology,127.0549,128.0336,126.4107,127.9199,3329002,-0.6346,129.3082,134.4969,2.1623,1.6229,2024,8,Aug,3,Thursday,-1.6001
2024-08-23,AAPL,Technology,128.5356,130.1166,125.5818,129.608,7032010,1.3197,129.2621,134.2157,1.9226,4.5348,2024,8,Aug,3,Friday,-0.3015
2024-08-26,AAPL,Technology,131.1016,131.25,129.0741,130.6963,4795835,0.8397,129.1397,134.0221,1.8751,2.1759,2024,8,Aug,3,Monday,0.5356
2024-08-27,AAPL,Technology,130.9529,131.7419,129.4282,129.8994,13534128,-0.6097,128.8254,133.8285,1.7934,2.3137,2024,8,Aug,3,Tuesday,-0.0774
2024-08-28,AAPL,Technology,132.3778,133.6556,132.2207,132.6621,3723463,2.1268,128.9007,133.6051,1.6682,1.4349,2024,8,Aug,3,Wednesday,2.0478
2024-08-29,AAPL,Technology,131.0763,132.5902,129.5104,130.1337,3690495,-1.9059,128.8873,133.3434,1.721,3.0798,2024,8,Aug,3,Thursday,0.1028
2024-08-30,AAPL,Technology,132.3878,132.4793,131.2425,131.6285,9148700,1.1487,128.9897,133.1879,1.7325,1.2368,2024,8,Aug,3,Friday,1.2527
2024-09-02,AAPL,Technology,132.7345,133.3889,131.0761,133.0864,6243475,1.1076,129.3266,133.0729,1.6339,2.3128,2024,9,Sep,3,Monday,2.3742
2024-09-03,AAPL,Technology,133.0759,134.3882,130.585,132.3981,11974835,-0.5172,129.7149,132.9566,1.6,3.8032,2024,9,Sep,3,Tuesday,1.8447
2024-09-04,AAPL,Technology,134.3265,137.0513,132.1623,133.2283,6661269,0.627,130.2669,132.9899,1.5085,4.889,2024,9,Sep,3,Wednesday,2.4833
2024-09-05,AAPL,Technology,130.4492,131.9457,128.6393,130.2813,6596572,-2.212,130.4763,132.9659,1.4737,3.3064,2024,9,Sep,3,Thursday,0.2164
2024-09-06,AAPL,Technology,132.5561,133.3854,131.1396,132.5003,4728856,1.7032,130.688,132.9961,1.4726,2.2458,2024,9,Sep,3,Friday,1.9233
2024-09-09,AAPL,Technology,131.3118,133.0694,130.6968,132.1123,3801344,-0.2928,130.7309,132.9847,1.3846,2.3726,2024,9,Sep,3,Monday,1.6248
2024-09-10,AAPL,Technology,130.6551,131.0725,129.9946,130.9221,1155708,-0.9009,130.6265,132.8601,1.3646,1.0779,2024,9,Sep,3,Tuesday,0.7093
2024-09-11,AAPL,Technology,133.165,135.9122,132.9275,133.4466,5495851,1.9282,130.7808,132.7292,1.3555,2.9847,2024,9,Sep,3,Wednesday,2.6512
2024-09-12,AAPL,Technology,131.8216,133.8332,129.5574,131.8081,5407488,-1.2278,130.912,132.5781,1.3703,4.2758,2024,9,Sep,3,Thursday,1.3908
2024-09-13,AAPL,Technology,129.5828,130.7667,126.0859,128.5192,6737146,-2.4952,130.8194,132.4155,1.473,4.6808,2024,9,Sep,3,Friday,-1.1391
2024-09-16,AAPL,Technology,123.9474,125.4808,123.7014,124.9696,4776643,-2.7619,130.6901,132.0543,1.5234,1.7794,2024,9,Sep,3,Monday,-3.8695
2024-09-17,AAPL,Technology,125.5257,126.4747,123.6631,126.3827,5308121,1.1308,130.547,131.7171,1.5146,2.8116,2024,9,Sep,3,Tuesday,-2.7825
2024-09-18,AAPL,Technology,123.205,124.6075,120.8642,123.5204,8901618,-2.2648,130.2862,131.3209,1.5895,3.7433,2024,9,Sep,3,Wednesday,-4.9843
2024-09-19,AAPL,Technology,127.2667,129.0619,124.237,127.4714,4253401,3.1987,130.2637,131.0897,1.7561,4.8249,2024,9,Sep,3,Thursday,-1.9451
2024-09-20,AAPL,Technology,121.6938,123.8619,121.1246,122.7454,10746020,-3.7075,129.9206,130.753,1.9098,2.7373,2024,9,Sep,3,Friday,-5.5805
2024-09-23,AAPL,Technology,126.1222,127.3,124.5348,126.5427,3767356,3.0936,129.7129,130.4984,2.0399,2.7652,2024,9,Sep,3,Monday,-2.6595
2024-09-24,AAPL,Technology,126.1521,127.6415,125.5399,127.074,6457147,0.4199,129.5717,130.2821,2.0404,2.1016,2024,9,Sep,3,Tuesday,-2.2508
2024-09-25,AAPL,Technology,126.8467,129.1138,125.8216,126.9036,2594377,-0.1341,129.2837,130.0884,1.9726,3.2922,2024,9,Sep,3,Wednesday,-2.3818
2024-09-26,AAPL,Technology,126.3487,126.3999,125.6517,125.7096,3890531,-0.9409,129.0625,129.8713,1.9403,0.7482,2024,9,Sep,3,Thursday,-3.3003
2024-09-27,AAPL,Technology,126.4571,128.2276,125.7761,126.6631,8571037,0.7585,128.8143,129.6989,1.9285,2.4515,2024,9,Sep,3,Friday,-2.5668
2024-09-30,AAPL,Technology,127.1541,129.1053,124.6362,126.6279,6214112,-0.0278,128.4913,129.5595,1.9053,4.4691,2024,9,Sep,3,Monday,-2.5939
2024-10-01,AAPL,Technology,130.0454,130.5982,129.0076,129.1933,4163337,2.0259,128.3311,129.4652,1.969,1.5906,2024,10,Oct,4,Tuesday,-0.6205
2024-10-02,AAPL,Technology,128.6714,131.002,126.0875,129.5106,6428944,0.2456,128.1452,129.3884,1.9634,4.9145,2024,10,Oct,4,Wednesday,-0.3765
2024-10-03,AAPL,Technology,131.0739,133.9891,129.447,129.9128,3304348,0.3106,128.1268,129.2464,1.9022,4.5421,2024,10,Oct,4,Thursday,-0.0671
2024-10-04,AAPL,Technology,128.8728,129.7906,127.5087,129.1145,4528854,-0.6145,127.9575,129.2181,1.8634,2.2819,2024,10,Oct,4,Friday,-0.6812
2024-10-07,AAPL,Technology,128.8443,131.4353,127.5172,129.0338,2102581,-0.0625,127.8036,129.1359,1.8629,3.9181,2024,10,Oct,4,Monday,-0.7432
2024-10-08,AAPL,Technology,129.9769,130.0978,128.3529,129.8003,14258591,0.594,127.7475,129.0082,1.8592,1.7449,2024,10,Oct,4,Tuesday,-0.1536
2024-10-09,AAPL,Technology,125.1999,127.6626,123.8353,125.8566,3659727,-3.0383,127.368,128.9022,1.9152,3.8273,2024,10,Oct,4,Wednesday,-3.1872
2024-10-10,AAPL,Technology,122.994,123.9664,121.6615,122.8527,9951130,-2.3868,126.9202,128.7513,1.9625,2.3049,2024,10,Oct,4,Thursday,-5.4979
2024-10-11,AAPL,Technology,125.0724,125.4234,124.2517,124.5455,16948682,1.3779,126.7215,128.6506,1.9286,1.1717,2024,10,Oct,4,Friday,-4.1958
2024-10-14,AAPL,Technology,124.1532,125.5761,122.3896,124.9784,5946441,0.3476,126.722,128.6231,1.8288,3.1865,2024,10,Oct,4,Monday,-3.8628
2024-10-15,AAPL,Technology,124.1394,127.4313,124.1374,124.6145,4461539,-0.2912,126.6336,128.6228,1.8108,3.2939,2024,10,Oct,4,Tuesday,-4.1427
2024-10-16,AAPL,Technology,124.2245,125.4246,124.0863,124.7057,4725029,0.0732,126.6928,128.6731,1.7345,1.3383,2024,10,Oct,4,Wednesday,-4.0725
2024-10-17,AAPL,Technology,124.6125,127.0036,123.6492,125.5358,14435955,0.6656,126.596,128.662,1.5789,3.3544,2024,10,Oct,4,Thursday,-3.434
2024-10-18,AAPL,Technology,124.1589,125.439,124.1011,124.3663,5606772,-0.9316,126.6771,128.584,1.3467,1.3379,2024,10,Oct,4,Friday,-4.3336
2024-10-21,AAPL,Technology,123.5364,124.7225,121.2903,122.6737,6081632,-1.361,126.4836,128.4124,1.179,3.4322,2024,10,Oct,4,Monday,-5.6356
2024-10-22,AAPL,Technology,122.9994,123.5108,122.7843,123.1553,2649596,0.3926,126.2877,128.2153,1.1783,0.7265,2024,10,Oct,4,Tuesday,-5.2652
2024-10-23,AAPL,Technology,120.532,121.3483,119.8464,121.0357,3437794,-1.7211,125.9943,128.0288,1.2295,1.5019,2024,10,Oct,4,Wednesday,-6.8956
2024-10-24,AAPL,Technology,121.5485,124.306,120.087,121.9735,13060882,0.7748,125.8075,127.8846,1.2371,4.219,2024,10,Oct,4,Thursday,-6.1742
2024-10-25,AAPL,Technology,117.3934,119.5861,115.8081,118.2843,5240935,-3.0246,125.3886,127.6428,1.3736,3.778,2024,10,Oct,4,Friday,-9.0121
2024-10-28,AAPL,Technology,120.0526,121.8673,119.6228,120.5228,8530326,1.8925,125.0833,127.5022,1.4604,2.2445,2024,10,Oct,4,Monday,-7.2902
2024-10-29,AAPL,Technology,122.5434,123.2045,121.4787,121.5962,8241212,0.8906,124.7034,127.3492,1.3881,1.7258,2024,10,Oct,4,Tuesday,-6.4645
2024-10-30,AAPL,Technology,122.3473,123.7323,120.9443,122.2053,3073289,0.5009,124.3382,127.2186,1.3945,2.788,2024,10,Oct,4,Wednesday,-5.9959
2024-10-31,AAPL,Technology,125.2662,126.3939,124.106,124.4158,6264404,1.8088,124.0633,127.1485,1.4663,2.2879,2024,10,Oct,4,Thursday,-4.2955
2024-11-01,AAPL,Technology,127.5507,130.5603,127.5499,128.1953,7392773,3.0378,124.0174,127.1202,1.6309,3.0104,2024,11,Nov,4,Friday,-1.3882
2024-11-04,AAPL,Technology,131.1984,132.128,129.6391,130.5873,2144908,1.8659,124.095,127.1181,1.6846,2.4889,2024,11,Nov,4,Monday,0.4518
2024-11-05,AAPL,Technology,125.6523,126.3511,125.5257,126.3124,4571728,-3.2736,123.9207,127.0463,1.8368,0.8254,2024,11,Nov,4,Tuesday,-2.8366
2024-11-06,AAPL,Technology,130.4277,130.89,128.8815,126.3124,8470961,0.0,123.9434,126.9193,1.7035,2.0085,2024,11,Nov,4,Wednesday,-2.8366
2024-11-07,AAPL,Technology,129.4376,130.5764,128.0334,128.3617,9086768,1.6224,124.2189,126.8839,1.6386,2.543,2024,11,Nov,4,Thursday,-1.2602
2024-11-08,AAPL,Technology,128.6469,129.6814,128.4477,128.4733,2408430,0.0869,124.4153,126.8208,1.6163,1.2337,2024,11,Nov,4,Friday,-1.1744
2024-11-11,AAPL,Technology,129.2833,131.9375,128.1766,129.7218,3294572,0.9718,124.6525,126.7535,1.626,3.7609,2024,11,Nov,4,Monday,-0.214
2024-11-12,AAPL,Technology,127.8608,128.9598,126.9003,128.0791,3633874,-1.2663,124.8257,126.6671,1.6558,2.0595,2024,11,Nov,4,Tuesday,-1.4776
2024-11-13,AAPL,Technology,129.2167,129.4897,127.6998,128.5609,6173160,0.3762,125.0184,126.5738,1.6565,1.7899,2024,11,Nov,4,Wednesday,-1.107
2024-11-14,AAPL,Technology,127.6547,127.9593,125.1423,126.8643,2803724,-1.3197,125.0849,126.5054,1.6842,2.817,2024,11,Nov,4,Thursday,-2.4121
2024-11-15,AAPL,Technology,124.53,126.6369,124.4904,125.5186,3333215,-1.0607,125.1425,126.3658,1.6884,2.1465,2024,11,Nov,4,Friday,-3.4472
2024-11-18,AAPL,Technology,123.0711,124.2982,121.9751,122.3907,7156919,-2.492,125.1283,126.1714,1.7561,2.3231,2024,11,Nov,4,Monday,-5.8533
2024-11-19,AAPL,Technology,121.1832,121.6253,119.8089,120.4057,6245272,-1.6219,124.9909,125.961,1.79,1.8164,2024,11,Nov,4,Tuesday,-7.3802
2024-11-20,AAPL,Technology,118.4658,119.3391,116.3245,117.5244,9247239,-2.393,124.8153,125.6426,1.828,3.0146,2024,11,Nov,4,Wednesday,-9.5966
2024-11-21,AAPL,Technology,115.5082,115.675,113.2069,115.507,4176269,-1.7166,124.492,125.3166,1.8478,2.4681,2024,11,Nov,4,Thursday,-11.1485
2024-11-22,AAPL,Technology,118.3848,119.1563,117.6073,117.7439,5928462,1.9366,124.4649,125.1011,1.7886,1.549,2024,11,Nov,4,Friday,-9.4278
2024-11-25,AAPL,Technology,116.1171,116.8792,115.1636,115.7788,4656968,-1.669,124.2277,124.9172,1.7666,1.7156,2024,11,Nov,4,Monday,-10.9394
2024-11-26,AAPL,Technology,122.0939,122.4637,120.8722,121.3111,3484958,4.7783,124.2135,124.8158,2.0778,1.5915,2024,11,Nov,4,Tuesday,-6.6838
2024-11-27,AAPL,Technology,122.9701,124.2296,121.533,122.4368,4840865,0.9279,124.2251,124.7941,2.0853,2.6966,2024,11,Nov,4,Wednesday,-5.8178
2024-11-28,AAPL,Technology,121.9057,122.9737,121.6804,122.8931,4933310,0.3727,124.1489,124.7026,2.0451,1.2933,2024,11,Nov,4,Thursday,-5.4668
2024-11-29,AAPL,Technology,121.8041,123.0238,120.6148,121.0435,5467302,-1.505,123.7913,124.6685,1.9344,2.409,2024,11,Nov,4,Friday,-6.8896
2024-12-02,AAPL,Technology,121.9318,123.9743,121.8312,122.6178,12338263,1.3006,123.3929,124.59,1.9055,2.1431,2024,12,Dec,4,Monday,-5.6786
2024-12-03,AAPL,Technology,121.6242,123.0177,121.2306,121.3963,6528110,-0.9962,123.1471,124.4765,1.7823,1.7871,2024,12,Dec,4,Tuesday,-6.6182
2024-12-04,AAPL,Technology,120.847,122.631,120.3288,121.7115,7989287,0.2596,122.917,124.3726,1.7846,2.3022,2024,12,Dec,4,Wednesday,-6.3758
2024-12-05,AAPL,Technology,127.8205,128.8203,127.0076,127.3688,3756790,4.6481,122.8674,124.4058,2.0527,1.8127,2024,12,Dec,4,Thursday,-2.024
2024-12-06,AAPL,Technology,126.9884,127.5803,126.9051,127.1995,5490864,-0.1329,122.8037,124.4165,2.0527,0.6752,2024,12,Dec,4,Friday,-2.1542
2024-12-09,AAPL,Technology,130.1889,131.26,128.9035,129.8818,4661094,2.1087,122.8117,124.4816,2.0972,2.3565,2024,12,Dec,4,Monday,-0.0909
2024-12-10,AAPL,Technology,128.926,129.2812,127.1091,128.2898,4297172,-1.2257,122.8222,124.4636,2.0959,2.1721,2024,12,Dec,4,Tuesday,-1.3155
2024-12-11,AAPL,Technology,127.1307,128.7498,127.0852,128.2603,2438743,-0.023,122.8072,124.4385,2.0943,1.6646,2024,12,Dec,4,Wednesday,-1.3382
2024-12-12,AAPL,Technology,132.0283,133.9678,128.7844,132.3998,8010158,3.2274,123.084,124.4883,2.1872,5.1834,2024,12,Dec,4,Thursday,1.846
2024-12-13,AAPL,Technology,131.8542,135.6766,128.2384,130.9586,4566346,-1.0885,123.356,124.5252,2.1881,7.4382,2024,12,Dec,4,Friday,0.7374
2024-12-16,AAPL,Technology,135.6807,135.8101,133.392,135.2834,11969641,3.3024,124.0006,124.6502,2.1917,2.4181,2024,12,Dec,4,Monday,4.0642
2024-12-17,AAPL,Technology,136.869,137.8283,136.1502,137.061,6410098,1.314,124.8334,124.7954,2.138,1.6781,2024,12,Dec,4,Tuesday,5.4315
2024-12-18,AAPL,Technology,135.5302,137.0349,133.508,135.7281,4334845,-0.9725,125.7435,124.9928,2.0527,3.5269,2024,12,Dec,4,Wednesday,4.4062
2024-12-19,AAPL,Technology,137.9507,140.4454,137.1482,137.3275,7433715,1.1784,126.8346,125.2823,1.9707,3.2972,2024,12,Dec,4,Thursday,5.6365
2024-12-20,AAPL,Technology,139.3965,139.94,137.6237,139.7864,4076015,1.7905,127.9367,125.5871,1.9668,2.3163,2024,12,Dec,4,Friday,7.528
2024-12-23,AAPL,Technology,140.1348,142.3165,139.4714,141.4069,5872480,1.1593,129.2181,125.9157,1.8734,2.8451,2024,12,Dec,4,Monday,8.7745
2024-12-24,AAPL,Technology,137.2949,137.6747,137.2529,137.4668,2969857,-2.7864,130.0259,126.1727,1.8382,0.4218,2024,12,Dec,4,Tuesday,5.7437
2024-12-25,AAPL,Technology,135.3532,137.4679,133.5525,135.7225,3730245,-1.2689,130.6902,126.3931,1.8853,3.9154,2024,12,Dec,4,Wednesday,4.4019
2024-12-26,AAPL,Technology,134.0422,135.5725,133.9126,135.1721,3985017,-0.4055,131.3041,126.5858,1.8968,1.6599,2024,12,Dec,4,Thursday,3.9785
2024-12-27,AAPL,Technology,135.7802,136.6215,132.652,135.0451,5265399,-0.094,132.0042,126.7994,1.844,3.9695,2024,12,Dec,4,Friday,3.8808
2024-12-30,AAPL,Technology,137.4966,140.0073,136.3467,136.6078,10607327,1.1572,132.7037,127.0781,1.8413,3.6606,2024,12,Dec,4,Monday,5.0829
2024-12-31,AAPL,Technology,138.3058,138.7032,137.0857,137.0994,3329861,0.3599,133.4889,127.3569,1.8057,1.6175,2024,12,Dec,4,Tuesday,5.4611
2022-01-03,EUR/USD,Forex,1.081,1.0833,1.0741,1.08,4002191,,1.08,1.08,,0.0092,2022,1,Jan,1,Monday,
2022-01-04,EUR/USD,Forex,1.0779,1.078,1.0766,1.0777,6312371,-0.213,1.0788,1.0788,,0.0014,2022,1,Jan,1,Tuesday,-0.213
2022-01-05,EUR/USD,Forex,1.0772,1.0785,1.073,1.0759,6121088,-0.167,1.0779,1.0779,0.0325,0.0055,2022,1,Jan,1,Wednesday,-0.3796
2022-01-06,EUR/USD,Forex,1.0877,1.0925,1.082,1.0851,3335476,0.8551,1.0797,1.0797,0.6038,0.0105,2022,1,Jan,1,Thursday,0.4722
2022-01-07,EUR/USD,Forex,1.0909,1.0939,1.0872,1.0885,6271174,0.3133,1.0814,1.0814,0.4991,0.0067,2022,1,Jan,1,Friday,0.787
2022-01-10,EUR/USD,Forex,1.102,1.1028,1.0902,1.0994,8169019,1.0014,1.0844,1.0844,0.5623,0.0126,2022,1,Jan,1,Monday,1.7963
2022-01-11,EUR/USD,Forex,1.1066,1.1101,1.1047,1.1077,4922223,0.755,1.0878,1.0878,0.5284,0.0054,2022,1,Jan,1,Tuesday,2.5648
2022-01-12,EUR/USD,Forex,1.1028,1.106,1.1017,1.1019,3093272,-0.5236,1.0895,1.0895,0.6008,0.0043,2022,1,Jan,1,Wednesday,2.0278
2022-01-13,EUR/USD,Forex,1.109,1.1118,1.1059,1.1085,6685106,0.599,1.0916,1.0916,0.567,0.0059,2022,1,Jan,1,Thursday,2.6389
2022-01-14,EUR/USD,Forex,1.1219,1.1277,1.1159,1.1187,6572683,0.9202,1.0943,1.0943,0.5659,0.0118,2022,1,Jan,1,Friday,3.5833
2022-01-17,EUR/USD,Forex,1.1263,1.1301,1.1258,1.129,5304091,0.9207,1.0975,1.0975,0.559,0.0043,2022,1,Jan,1,Monday,4.537
2022-01-18,EUR/USD,Forex,1.1331,1.1359,1.1327,1.1358,5041271,0.6023,1.1007,1.1007,0.5324,0.0032,2022,1,Jan,1,Tuesday,5.1667
2022-01-19,EUR/USD,Forex,1.1439,1.145,1.1415,1.1424,8930023,0.5811,1.1039,1.1039,0.5088,0.0035,2022,1,Jan,1,Wednesday,5.7778
2022-01-20,EUR/USD,Forex,1.1377,1.1428,1.1374,1.1404,6174926,-0.1751,1.1065,1.1065,0.519,0.0054,2022,1,Jan,1,Thursday,5.5926
2022-01-21,EUR/USD,Forex,1.1362,1.1394,1.1334,1.1347,3015083,-0.4998,1.1084,1.1084,0.5561,0.006,2022,1,Jan,1,Friday,5.0648
2022-01-24,EUR/USD,Forex,1.1317,1.1333,1.126,1.1324,13506058,-0.2027,1.1099,1.1099,0.5548,0.0073,2022,1,Jan,1,Monday,4.8519
2022-01-25,EUR/USD,Forex,1.1186,1.1225,1.1179,1.1212,4795951,-0.989,1.1105,1.1105,0.6277,0.0046,2022,1,Jan,1,Tuesday,3.8148
2022-01-26,EUR/USD,Forex,1.1285,1.1359,1.1255,1.1302,5755271,0.8027,1.1116,1.1116,0.6232,0.0104,2022,1,Jan,1,Wednesday,4.6481
2022-01-27,EUR/USD,Forex,1.1259,1.1291,1.1243,1.1284,16609471,-0.1593,1.1125,1.1125,0.6129,0.0048,2022,1,Jan,1,Thursday,4.4815
2022-01-28,EUR/USD,Forex,1.1398,1.1402,1.1363,1.1372,11558818,0.7799,1.1138,1.1138,0.6081,0.0039,2022,1,Jan,1,Friday,5.2963
2022-01-31,EUR/USD,Forex,1.1321,1.1355,1.1284,1.1288,1966971,-0.7387,1.1162,1.1145,0.6337,0.0071,2022,1,Jan,1,Monday,4.5185
2022-02-01,EUR/USD,Forex,1.1362,1.1379,1.1309,1.1362,5955130,0.6556,1.1191,1.1155,0.632,0.007,2022,2,Feb,1,Tuesday,5.2037
2022-02-02,EUR/USD,Forex,1.1333,1.1361,1.1299,1.1329,2424919,-0.2904,1.122,1.1162,0.6371,0.0062,2022,2,Feb,1,Wednesday,4.8981
2022-02-03,EUR/USD,Forex,1.1264,1.1288,1.1221,1.1242,6076145,-0.7679,1.1239,1.1166,0.6603,0.0067,2022,2,Feb,1,Thursday,4.0926
2022-02-04,EUR/USD,Forex,1.133,1.1357,1.1288,1.1353,4819985,0.9874,1.1263,1.1173,0.6843,0.0069,2022,2,Feb,1,Friday,5.1204
2022-02-07,EUR/USD,Forex,1.146,1.1468,1.1407,1.1429,3088508,0.6694,1.1284,1.1183,0.668,0.0061,2022,2,Feb,1,Monday,5.8241
2022-02-08,EUR/USD,Forex,1.1443,1.1496,1.1406,1.1444,5183611,0.1312,1.1303,1.1193,0.6549,0.009,2022,2,Feb,1,Tuesday,5.963
2022-02-09,EUR/USD,Forex,1.1462,1.1473,1.1439,1.1447,3464039,0.0262,1.1324,1.1202,0.6358,0.0034,2022,2,Feb,1,Wednesday,5.9907
2022-02-10,EUR/USD,Forex,1.1474,1.1486,1.1443,1.1477,2895401,0.2621,1.1344,1.1211,0.6288,0.0043,2022,2,Feb,1,Thursday,6.2685
2022-02-11,EUR/USD,Forex,1.1475,1.1516,1.1424,1.1491,3129632,0.122,1.1359,1.122,0.604,0.0092,2022,2,Feb,1,Friday,6.3981
2022-02-14,EUR/USD,Forex,1.142,1.1441,1.1322,1.1437,19634255,-0.4699,1.1366,1.1227,0.5887,0.0119,2022,2,Feb,1,Monday,5.8981
2022-02-15,EUR/USD,Forex,1.1395,1.1421,1.1394,1.141,14412909,-0.2361,1.1369,1.1233,0.5783,0.0027,2022,2,Feb,1,Tuesday,5.6481
2022-02-16,EUR/USD,Forex,1.1533,1.1563,1.1506,1.1544,8578739,1.1744,1.1375,1.1243,0.6219,0.0057,2022,2,Feb,1,Wednesday,6.8889
2022-02-17,EUR/USD,Forex,1.176,1.1771,1.1678,1.173,5500713,1.6112,1.1391,1.1257,0.7094,0.0093,2022,2,Feb,1,Thursday,8.6111
2022-02-18,EUR/USD,Forex,1.187,1.1913,1.1808,1.1841,5555434,0.9463,1.1416,1.1274,0.7141,0.0105,2022,2,Feb,1,Friday,9.6389
2022-02-21,EUR/USD,Forex,1.1907,1.193,1.186,1.1875,5238946,0.2871,1.1443,1.129,0.7073,0.007,2022,2,Feb,1,Monday,9.9537
2022-02-22,EUR/USD,Forex,1.1852,1.1879,1.1809,1.1852,14002128,-0.1937,1.1475,1.1305,0.655,0.007,2022,2,Feb,1,Tuesday,9.7407
2022-02-23,EUR/USD,Forex,1.1765,1.1802,1.1761,1.1796,3688145,-0.4725,1.15,1.1318,0.6634,0.0041,2022,2,Feb,1,Wednesday,9.2222
2022-02-24,EUR/USD,Forex,1.1299,1.1334,1.127,1.1272,6705946,-4.4422,1.15,1.1317,1.2356,0.0064,2022,2,Feb,1,Thursday,4.3704
2022-02-25,EUR/USD,Forex,1.1232,1.1273,1.121,1.1236,2171777,-0.3194,1.1493,1.1315,1.2235,0.0063,2022,2,Feb,1,Friday,4.037
2022-02-28,EUR/USD,Forex,1.1377,1.1391,1.1317,1.1381,8038043,1.2905,1.1497,1.1317,1.2476,0.0074,2022,2,Feb,1,Monday,5.3796
2022-03-01,EUR/USD,Forex,1.1536,1.1585,1.1496,1.1505,10061841,1.0895,1.1505,1.1321,1.2624,0.0089,2022,3,Mar,1,Tuesday,6.5278
2022-03-02,EUR/USD,Forex,1.1537,1.1622,1.1521,1.1557,6785996,0.452,1.1516,1.1327,1.2621,0.0101,2022,3,Mar,1,Wednesday,7.0093
2022-03-03,EUR/USD,Forex,1.1458,1.1574,1.1453,1.1491,3719888,-0.5711,1.1528,1.133,1.2557,0.0121,2022,3,Mar,1,Thursday,6.3981
2022-03-04,EUR/USD,Forex,1.1542,1.1573,1.1467,1.1553,3503734,0.5396,1.1538,1.1335,1.2433,0.0106,2022,3,Mar,1,Friday,6.9722
2022-03-07,EUR/USD,Forex,1.1522,1.1622,1.1516,1.1553,6082289,0.0,1.1545,1.134,1.236,0.0106,2022,3,Mar,1,Monday,6.9722
2022-03-08,EUR/USD,Forex,1.139,1.1444,1.1373,1.1389,6256998,-1.4195,1.1542,1.1341,1.2793,0.0071,2022,3,Mar,1,Tuesday,5.4537
2022-03-09,EUR/USD,Forex,1.1394,1.1466,1.1367,1.1409,4482400,0.1756,1.154,1.1343,1.28,0.0099,2022,3,Mar,1,Wednesday,5.6389
2022-03-10,EUR/USD,Forex,1.1376,1.1431,1.1349,1.1352,6638105,-0.4996,1.1534,1.1343,1.2828,0.0082,2022,3,Mar,1,Thursday,5.1111
2022-03-11,EUR/USD,Forex,1.1289,1.1316,1.1245,1.1298,2488033,-0.4757,1.1524,1.1342,1.2856,0.0071,2022,3,Mar,1,Friday,4.6111
2022-03-14,EUR/USD,Forex,1.1312,1.1325,1.1228,1.1281,6666618,-0.1505,1.1516,1.1352,1.2825,0.0097,2022,3,Mar,1,Monday,4.4537
2022-03-15,EUR/USD,Forex,1.1247,1.1262,1.1223,1.1248,15361849,-0.2925,1.1508,1.1361,1.2829,0.0039,2022,3,Mar,1,Tuesday,4.1481
2022-03-16,EUR/USD,Forex,1.125,1.126,1.1219,1.1246,4489931,-0.0178,1.1493,1.1371,1.2496,0.0041,2022,3,Mar,1,Wednesday,4.1296
2022-03-17,EUR/USD,Forex,1.1222,1.129,1.119,1.1241,4990830,-0.0445,1.1469,1.1378,1.1817,0.01,2022,3,Mar,1,Thursday,4.0833
2022-03-18,EUR/USD,Forex,1.1123,1.113,1.1108,1.1115,5565761,-1.1209,1.1433,1.1383,1.1659,0.0022,2022,3,Mar,1,Friday,2.9167
2022-03-21,EUR/USD,Forex,1.1186,1.1246,1.117,1.1217,5360459,0.9177,1.14,1.1388,1.1911,0.0076,2022,3,Mar,1,Monday,3.8611
2022-03-22,EUR/USD,Forex,1.1123,1.1178,1.1118,1.1152,1718856,-0.5795,1.1365,1.1389,1.1928,0.006,2022,3,Mar,1,Tuesday,3.2593
2022-03-23,EUR/USD,Forex,1.1097,1.1109,1.101,1.1088,5194155,-0.5739,1.1329,1.139,1.1938,0.0099,2022,3,Mar,1,Wednesday,2.6667
2022-03-24,EUR/USD,Forex,1.1054,1.1069,1.1019,1.1067,2242555,-0.1894,1.1319,1.139,0.6901,0.005,2022,3,Mar,1,Thursday,2.4722
2022-03-25,EUR/USD,Forex,1.1034,1.1083,1.1012,1.106,4922123,-0.0633,1.131,1.1388,0.688,0.0071,2022,3,Mar,1,Friday,2.4074
2022-03-28,EUR/USD,Forex,1.1162,1.1187,1.1147,1.1158,4721744,0.8861,1.1299,1.1385,0.6506,0.004,2022,3,Mar,1,Monday,3.3148
2022-03-29,EUR/USD,Forex,1.1207,1.1245,1.1147,1.1176,4255167,0.1613,1.1283,1.1381,0.592,0.0098,2022,3,Mar,1,Tuesday,3.4815
2022-03-30,EUR/USD,Forex,1.1189,1.1263,1.1134,1.1215,3764426,0.349,1.1265,1.1377,0.5869,0.0129,2022,3,Mar,1,Wednesday,3.8426
2022-03-31,EUR/USD,Forex,1.1264,1.1286,1.1167,1.1234,16536781,0.1694,1.1253,1.1374,0.5822,0.0119,2022,3,Mar,1,Thursday,4.0185
2022-04-01,EUR/USD,Forex,1.1273,1.1275,1.1228,1.125,5415991,0.1424,1.1237,1.1372,0.5654,0.0047,2022,4,Apr,2,Friday,4.1667
2022-04-04,EUR/USD,Forex,1.1256,1.1282,1.1249,1.1272,6543389,0.1956,1.1223,1.1371,0.5694,0.0033,2022,4,Apr,2,Monday,4.3704
2022-04-05,EUR/USD,Forex,1.1136,1.1172,1.108,1.1142,5930800,-1.1533,1.1211,1.1369,0.5398,0.0092,2022,4,Apr,2,Tuesday,3.1667
2022-04-06,EUR/USD,Forex,1.1147,1.1167,1.1095,1.1125,7298832,-0.1526,1.1197,1.1366,0.5357,0.0072,2022,4,Apr,2,Wednesday,3.0093
2022-04-07,EUR/USD,Forex,1.1234,1.1292,1.1159,1.1203,4661961,0.7011,1.1189,1.1364,0.5583,0.0133,2022,4,Apr,2,Thursday,3.7315
2022-04-08,EUR/USD,Forex,1.1484,1.1532,1.1465,1.1469,9158012,2.3744,1.1198,1.1366,0.771,0.0067,2022,4,Apr,2,Friday,6.1944
2022-04-11,EUR/USD,Forex,1.1406,1.1488,1.1374,1.1387,13671537,-0.715,1.1203,1.1368,0.7899,0.0114,2022,4,Apr,2,Monday,5.4352
2022-04-12,EUR/USD,Forex,1.1432,1.1442,1.1384,1.1416,1923119,0.2547,1.1212,1.1369,0.7869,0.0058,2022,4,Apr,2,Tuesday,5.7037
2022-04-13,EUR/USD,Forex,1.1406,1.1426,1.1343,1.1378,4171971,-0.3329,1.1218,1.137,0.7921,0.0083,2022,4,Apr,2,Wednesday,5.3519
2022-04-14,EUR/USD,Forex,1.1507,1.152,1.1488,1.1518,6646489,1.2304,1.1232,1.1376,0.8333,0.0032,2022,4,Apr,2,Thursday,6.6481
2022-04-15,EUR/USD,Forex,1.1425,1.1512,1.1395,1.1425,5362427,-0.8074,1.1248,1.1377,0.8113,0.0117,2022,4,Apr,2,Friday,5.787
2022-04-18,EUR/USD,Forex,1.1435,1.152,1.1363,1.1468,4282392,0.3764,1.126,1.1378,0.7929,0.0157,2022,4,Apr,2,Monday,6.1852
2022-04-19,EUR/USD,Forex,1.1384,1.1429,1.132,1.1372,3643234,-0.8371,1.1271,1.1376,0.8067,0.0109,2022,4,Apr,2,Tuesday,5.2963
2022-04-20,EUR/USD,Forex,1.1324,1.1358,1.1281,1.1351,7181002,-0.1847,1.1284,1.1374,0.7941,0.0077,2022,4,Apr,2,Wednesday,5.1019
2022-04-21,EUR/USD,Forex,1.1337,1.1372,1.1337,1.1349,4669453,-0.0176,1.1298,1.1372,0.7915,0.0035,2022,4,Apr,2,Thursday,5.0833
2022-04-22,EUR/USD,Forex,1.1444,1.1455,1.1411,1.1423,5173941,0.652,1.1317,1.1371,0.7985,0.0044,2022,4,Apr,2,Friday,5.7685
2022-04-25,EUR/USD,Forex,1.1348,1.1374,1.1323,1.1349,10322208,-0.6478,1.1326,1.1369,0.7993,0.0051,2022,4,Apr,2,Monday,5.0833
2022-04-26,EUR/USD,Forex,1.1379,1.1396,1.1372,1.1395,3028801,0.4053,1.1337,1.1368,0.8023,0.0024,2022,4,Apr,2,Tuesday,5.5093
2022-04-27,EUR/USD,Forex,1.1427,1.1506,1.1397,1.1397,3101733,0.0176,1.1346,1.1366,0.8003,0.0109,2022,4,Apr,2,Wednesday,5.5278
2022-04-28,EUR/USD,Forex,1.1409,1.1427,1.1398,1.1416,2769515,0.1667,1.1355,1.1359,0.8003,0.0029,2022,4,Apr,2,Thursday,5.7037
2022-04-29,EUR/USD,Forex,1.1455,1.1505,1.1408,1.1482,2314115,0.5781,1.1367,1.1352,0.8079,0.0097,2022,4,Apr,2,Friday,6.3148
2022-05-02,EUR/USD,Forex,1.1376,1.1403,1.1335,1.1395,2864849,-0.7577,1.1373,1.1342,0.8301,0.0068,2022,5,May,2,Monday,5.5093
2022-05-03,EUR/USD,Forex,1.1434,1.1458,1.1416,1.1451,7024627,0.4914,1.1388,1.1334,0.784,0.0042,2022,5,May,2,Tuesday,6.0278
2022-05-04,EUR/USD,Forex,1.1398,1.1495,1.138,1.1412,2275054,-0.3406,1.1403,1.1327,0.7888,0.0115,2022,5,May,2,Wednesday,5.6667
2022-05-05,EUR/USD,Forex,1.1502,1.1504,1.1471,1.1488,4452629,0.666,1.1417,1.1331,0.7875,0.0033,2022,5,May,2,Thursday,6.3704
2022-05-06,EUR/USD,Forex,1.152,1.1527,1.1492,1.1511,1996096,0.2002,1.1419,1.1337,0.5853,0.0035,2022,5,May,2,Friday,6.5833
2022-05-09,EUR/USD,Forex,1.1488,1.1512,1.1414,1.1497,4754251,-0.1216,1.1425,1.1339,0.5606,0.0098,2022,5,May,2,Monday,6.4537
2022-05-10,EUR/USD,Forex,1.0898,1.0909,1.088,1.0882,2138756,-5.3492,1.1398,1.1326,1.3279,0.0029,2022,5,May,2,Tuesday,0.7593
2022-05-11,EUR/USD,Forex,1.094,1.0951,1.087,1.0937,7072995,0.5054,1.1376,1.1314,1.3377,0.0081,2022,5,May,2,Wednesday,1.2685
2022-05-12,EUR/USD,Forex,1.1038,1.1071,1.0998,1.102,2259596,0.7589,1.1351,1.1305,1.3154,0.0073,2022,5,May,2,Thursday,2.037
2022-05-13,EUR/USD,Forex,1.0955,1.101,1.0932,1.0985,2624680,-0.3176,1.1329,1.1293,1.3083,0.0078,2022,5,May,2,Friday,1.713
2022-05-16,EUR/USD,Forex,1.0895,1.0926,1.0878,1.0911,6654160,-0.6736,1.1301,1.128,1.3055,0.0048,2022,5,May,2,Monday,1.0278
2022-05-17,EUR/USD,Forex,1.0946,1.0981,1.0883,1.0957,7966222,0.4216,1.128,1.1272,1.3055,0.0098,2022,5,May,2,Tuesday,1.4537
2022-05-18,EUR/USD,Forex,1.0844,1.0866,1.0822,1.0863,6387986,-0.8579,1.1256,1.1261,1.3144,0.0044,2022,5,May,2,Wednesday,0.5833
2022-05-19,EUR/USD,Forex,1.0786,1.0789,1.0743,1.0778,7504155,-0.7825,1.1227,1.1249,1.3196,0.0046,2022,5,May,2,Thursday,-0.2037
2022-05-20,EUR/USD,Forex,1.0686,1.0728,1.0672,1.071,5603612,-0.6309,1.1192,1.1238,1.3046,0.0056,2022,5,May,2,Friday,-0.8333
2022-05-23,EUR/USD,Forex,1.0689,1.0696,1.0677,1.0684,3952408,-0.2428,1.1159,1.1226,1.3022,0.0019,2022,5,May,2,Monday,-1.0741
2022-05-24,EUR/USD,Forex,1.0599,1.0608,1.0562,1.0599,1352160,-0.7956,1.1119,1.1213,1.296,0.0046,2022,5,May,2,Tuesday,-1.8611
2022-05-25,EUR/USD,Forex,1.048,1.0484,1.0474,1.0476,3826704,-1.1605,1.1073,1.1197,1.305,0.001,2022,5,May,2,Wednesday,-3.0
2022-05-26,EUR/USD,Forex,1.042,1.0423,1.0315,1.0405,3473537,-0.6777,1.1022,1.1181,1.299,0.0108,2022,5,May,2,Thursday,-3.6574
2022-05-27,EUR/USD,Forex,1.0463,1.0487,1.0397,1.0446,4700665,0.394,1.097,1.1167,1.2919,0.009,2022,5,May,2,Friday,-3.2778
2022-05-30,EUR/USD,Forex,1.0386,1.0407,1.0333,1.0366,4125332,-0.7658,1.0919,1.115,1.292,0.0074,2022,5,May,2,Monday,-4.0185
2022-05-31,EUR/USD,Forex,1.0331,1.0377,1.0294,1.0346,3582579,-0.1929,1.0864,1.1134,1.2743,0.0083,2022,5,May,2,Tuesday,-4.2037
2022-06-01,EUR/USD,Forex,1.0455,1.0489,1.0432,1.0467,5890984,1.1695,1.0816,1.1122,1.3277,0.0057,2022,6,Jun,2,Wednesday,-3.0833
2022-06-02,EUR/USD,Forex,1.0476,1.0481,1.0425,1.0465,1910072,-0.0191,1.0765,1.111,1.3068,0.0056,2022,6,Jun,2,Thursday,-3.1019
2022-06-03,EUR/USD,Forex,1.0469,1.0506,1.0405,1.0487,4067651,0.2102,1.0714,1.1098,1.3071,0.0101,2022,6,Jun,2,Friday,-2.8981
2022-06-06,EUR/USD,Forex,1.042,1.0447,1.0395,1.0428,8076189,-0.5626,1.0661,1.1084,1.3049,0.0052,2022,6,Jun,2,Monday,-3.4444
2022-06-07,EUR/USD,Forex,1.0586,1.0629,1.052,1.0563,6041273,1.2946,1.0645,1.1071,0.7095,0.0109,2022,6,Jun,2,Tuesday,-2.1944
2022-06-08,EUR/USD,Forex,1.0524,1.0549,1.052,1.053,6099488,-0.3124,1.0624,1.1058,0.6933,0.0029,2022,6,Jun,2,Wednesday,-2.5
2022-06-09,EUR/USD,Forex,1.0496,1.054,1.0449,1.0516,3605086,-0.133,1.0599,1.1043,0.657,0.0091,2022,6,Jun,2,Thursday,-2.6296
2022-06-10,EUR/USD,Forex,1.0603,1.0662,1.0569,1.0599,13051958,0.7893,1.058,1.103,0.6949,0.0093,2022,6,Jun,2,Friday,-1.8611
2022-06-13,EUR/USD,Forex,0.9974,0.9978,0.9935,0.9952,2963179,-6.1043,1.0532,1.1004,1.4973,0.0043,2022,6,Jun,2,Monday,-7.8519
2022-06-14,EUR/USD,Forex,0.9952,0.9959,0.9941,0.9956,10786797,0.0402,1.0482,1.098,1.488,0.0018,2022,6,Jun,2,Tuesday,-7.8148
2022-06-15,EUR/USD,Forex,0.9935,0.9975,0.9869,0.9939,5539656,-0.1708,1.0436,1.0956,1.4864,0.0106,2022,6,Jun,2,Wednesday,-7.9722
2022-06-16,EUR/USD,Forex,0.9897,0.9956,0.9867,0.9924,2716366,-0.1509,1.0393,1.0931,1.4853,0.0089,2022,6,Jun,2,Thursday,-8.1111
2022-06-17,EUR/USD,Forex,0.9971,0.9989,0.989,0.9946,3198648,0.2217,1.0355,1.09,1.4906,0.0099,2022,6,Jun,2,Friday,-7.9074
2022-06-20,EUR/USD,Forex,0.9952,1.0017,0.9942,0.998,10443891,0.3418,1.032,1.0872,1.4987,0.0075,2022,6,Jun,2,Monday,-7.5926
2022-06-21,EUR/USD,Forex,0.9924,0.9989,0.9903,0.9942,4656957,-0.3808,1.0287,1.0843,1.4948,0.0086,2022,6,Jun,2,Tuesday,-7.9444
2022-06-22,EUR/USD,Forex,0.99,0.9905,0.9882,0.9896,2533566,-0.4627,1.0258,1.0813,1.4819,0.0023,2022,6,Jun,2,Wednesday,-8.3704
2022-06-23,EUR/USD,Forex,0.9833,0.991,0.9754,0.9861,2905081,-0.3537,1.023,1.078,1.479,0.0156,2022,6,Jun,2,Thursday,-8.6944
2022-06-24,EUR/USD,Forex,0.9793,0.982,0.9757,0.9778,3257037,-0.8417,1.0197,1.0747,1.4762,0.0063,2022,6,Jun,2,Friday,-9.463
2022-06-27,EUR/USD,Forex,0.9691,0.9722,0.9625,0.9686,4173027,-0.9409,1.0163,1.0711,1.4795,0.0097,2022,6,Jun,2,Monday,-10.3148
2022-06-28,EUR/USD,Forex,0.9696,0.9711,0.9694,0.9703,6954983,0.1755,1.0131,1.0678,1.4836,0.0017,2022,6,Jun,2,Tuesday,-10.1574
2022-06-29,EUR/USD,Forex,0.9771,0.9787,0.9735,0.9758,8704379,0.5668,1.0095,1.0646,1.4578,0.0052,2022,6,Jun,2,Wednesday,-9.6481
2022-06-30,EUR/USD,Forex,0.9804,0.9857,0.9794,0.981,7061019,0.5329,1.0063,1.0615,1.4694,0.0063,2022,6,Jun,2,Thursday,-9.1667
2022-07-01,EUR/USD,Forex,0.9652,0.9694,0.9601,0.967,2083155,-1.4271,1.0022,1.058,1.4843,0.0093,2022,7,Jul,3,Friday,-10.463
2022-07-04,EUR/USD,Forex,0.9671,0.9716,0.9646,0.9656,3925430,-0.1448,0.9983,1.0546,1.4848,0.007,2022,7,Jul,3,Monday,-10.5926
2022-07-05,EUR/USD,Forex,0.9595,0.9606,0.9581,0.9593,7601569,-0.6524,0.9935,1.051,1.4326,0.0025,2022,7,Jul,3,Tuesday,-11.1759
2022-07-06,EUR/USD,Forex,0.9598,0.9614,0.9574,0.9602,3017024,0.0938,0.9888,1.0474,1.4378,0.004,2022,7,Jul,3,Wednesday,-11.0926
2022-07-07,EUR/USD,Forex,0.9603,0.9623,0.9495,0.9578,9077714,-0.2499,0.9841,1.0438,1.4367,0.0128,2022,7,Jul,3,Thursday,-11.3148
2022-07-08,EUR/USD,Forex,0.9609,0.9626,0.9555,0.9613,3429120,0.3654,0.9792,1.04,1.4204,0.0071,2022,7,Jul,3,Friday,-10.9907
2022-07-11,EUR/USD,Forex,0.9614,0.9617,0.9574,0.9612,7707971,-0.0104,0.9775,1.0365,0.5144,0.0043,2022,7,Jul,3,Monday,-11.0
2022-07-12,EUR/USD,Forex,0.952,0.9554,0.9465,0.9503,6425259,-1.134,0.9752,1.0326,0.5543,0.0089,2022,7,Jul,3,Tuesday,-12.0093
2022-07-13,EUR/USD,Forex,0.9436,0.9451,0.9386,0.9449,7129480,-0.5682,0.9728,1.0286,0.5591,0.0065,2022,7,Jul,3,Wednesday,-12.5093
2022-07-14,EUR/USD,Forex,0.9463,0.9471,0.9412,0.9449,8655708,0.0,0.9704,1.0246,0.5616,0.0059,2022,7,Jul,3,Thursday,-12.5093
2022-07-15,EUR/USD,Forex,0.9466,0.9512,0.9439,0.9455,3857500,0.0635,0.968,1.0205,0.5558,0.0073,2022,7,Jul,3,Friday,-12.4537
2022-07-18,EUR/USD,Forex,0.9401,0.945,0.9336,0.9376,5303677,-0.8355,0.965,1.0162,0.552,0.0114,2022,7,Jul,3,Monday,-13.1852
2022-07-19,EUR/USD,Forex,0.9275,0.9329,0.9263,0.929,2609401,-0.9172,0.9617,1.013,0.5684,0.0066,2022,7,Jul,3,Tuesday,-13.9815
2022-07-20,EUR/USD,Forex,0.9313,0.9348,0.9278,0.9293,2255229,0.0323,0.9587,1.0097,0.5734,0.007,2022,7,Jul,3,Wednesday,-13.9537
2022-07-21,EUR/USD,Forex,0.9193,0.9255,0.9145,0.9216,7402742,-0.8286,0.9555,1.0061,0.5849,0.011,2022,7,Jul,3,Thursday,-14.6667
2022-07-22,EUR/USD,Forex,0.9134,0.9134,0.9061,0.9124,15419151,-0.9983,0.9522,1.0024,0.593,0.0073,2022,7,Jul,3,Friday,-15.5185
2022-07-25,EUR/USD,Forex,0.911,0.9119,0.9073,0.91,12140630,-0.263,0.9492,0.9988,0.5762,0.0046,2022,7,Jul,3,Monday,-15.7407
2022-07-26,EUR/USD,Forex,0.9055,0.9092,0.9032,0.9074,5313449,-0.2857,0.9461,0.995,0.5649,0.006,2022,7,Jul,3,Tuesday,-15.9815
2022-07-27,EUR/USD,Forex,0.9029,0.9034,0.9013,0.9026,4293483,-0.529,0.9424,0.9914,0.5247,0.0021,2022,7,Jul,3,Wednesday,-16.4259
2022-07-28,EUR/USD,Forex,0.901,0.9017,0.8951,0.8989,8942303,-0.4099,0.9383,0.9878,0.4779,0.0066,2022,7,Jul,3,Thursday,-16.7685
2022-07-29,EUR/USD,Forex,0.8996,0.9019,0.8959,0.899,2800496,0.0111,0.9349,0.9843,0.4262,0.006,2022,7,Jul,3,Friday,-16.7593
2022-08-01,EUR/USD,Forex,0.8942,0.9,0.8942,0.8951,1784985,-0.4338,0.9314,0.9809,0.4233,0.0058,2022,8,Aug,3,Monday,-17.1204
2022-08-02,EUR/USD,Forex,0.8968,0.8992,0.8911,0.8956,8725053,0.0559,0.9282,0.9776,0.4286,0.0081,2022,8,Aug,3,Tuesday,-17.0741
2022-08-03,EUR/USD,Forex,0.892,0.8944,0.8906,0.8936,5402011,-0.2233,0.9249,0.9745,0.4174,0.0038,2022,8,Aug,3,Wednesday,-17.2593
2022-08-04,EUR/USD,Forex,0.8972,0.8989,0.8936,0.8945,3391140,0.1007,0.9217,0.9716,0.4294,0.0053,2022,8,Aug,3,Thursday,-17.1759
2022-08-05,EUR/USD,Forex,0.9,0.9016,0.8985,0.8993,7474845,0.5366,0.9186,0.9687,0.4456,0.0031,2022,8,Aug,3,Friday,-16.7315
2022-08-08,EUR/USD,Forex,0.9054,0.9059,0.9031,0.9038,12092181,0.5004,0.9158,0.966,0.4784,0.0028,2022,8,Aug,3,Monday,-16.3148
2022-08-09,EUR/USD,Forex,0.913,0.9161,0.9104,0.9109,3879847,0.7856,0.9138,0.9635,0.4958,0.0057,2022,8,Aug,3,Tuesday,-15.6574
2022-08-10,EUR/USD,Forex,0.913,0.9176,0.9123,0.9155,3094967,0.505,0.9123,0.9609,0.5129,0.0053,2022,8,Aug,3,Wednesday,-15.2315
2022-08-11,EUR/USD,Forex,0.9174,0.9199,0.9143,0.9168,10084658,0.142,0.9109,0.9583,0.5161,0.0056,2022,8,Aug,3,Thursday,-15.1111
2022-08-12,EUR/USD,Forex,0.9159,0.9171,0.9122,0.9145,2889149,-0.2509,0.9094,0.9556,0.5141,0.0049,2022,8,Aug,3,Friday,-15.3241
2022-08-15,EUR/USD,Forex,0.9123,0.9151,0.9121,0.9124,4744842,-0.2296,0.9081,0.953,0.4898,0.003,2022,8,Aug,3,Monday,-15.5185
2022-08-16,EUR/USD,Forex,0.9089,0.9118,0.9072,0.9077,9315804,-0.5151,0.907,0.9501,0.4635,0.0046,2022,8,Aug,3,Tuesday,-15.9537
2022-08-17,EUR/USD,Forex,0.9076,0.911,0.9064,0.9077,6032369,0.0,0.906,0.9472,0.463,0.0046,2022,8,Aug,3,Wednesday,-15.9537
2022-08-18,EUR/USD,Forex,0.9114,0.9128,0.9095,0.9116,8072438,0.4297,0.9055,0.9444,0.4464,0.0033,2022,8,Aug,3,Thursday,-15.5926
2022-08-19,EUR/USD,Forex,0.906,0.9156,0.9045,0.9077,9529577,-0.4278,0.9052,0.9413,0.3985,0.0111,2022,8,Aug,3,Friday,-15.9537
2022-08-22,EUR/USD,Forex,0.9101,0.9164,0.9069,0.9075,4158479,-0.022,0.9051,0.9396,0.3945,0.0095,2022,8,Aug,3,Monday,-15.9722
2022-08-23,EUR/USD,Forex,0.9035,0.9039,0.8975,0.9039,5607328,-0.3967,0.9049,0.9377,0.3993,0.0064,2022,8,Aug,3,Tuesday,-16.3056
2022-08-24,EUR/USD,Forex,0.9049,0.9056,0.901,0.905,4435601,0.1217,0.905,0.9359,0.3817,0.0046,2022,8,Aug,3,Wednesday,-16.2037
2022-08-25,EUR/USD,Forex,0.8999,0.903,0.8978,0.9021,3179117,-0.3204,0.9052,0.9341,0.3769,0.0052,2022,8,Aug,3,Thursday,-16.4722
2022-08-26,EUR/USD,Forex,0.8963,0.8983,0.8945,0.8981,4290435,-0.4434,0.9052,0.9322,0.3908,0.0038,2022,8,Aug,3,Friday,-16.8426
2022-08-29,EUR/USD,Forex,0.8962,0.8986,0.8931,0.8945,1387251,-0.4008,0.9051,0.9301,0.389,0.0055,2022,8,Aug,3,Monday,-17.1759
2022-08-30,EUR/USD,Forex,0.8972,0.9023,0.8959,0.8973,5095003,0.313,0.9052,0.9282,0.3952,0.0064,2022,8,Aug,3,Tuesday,-16.9167
2022-08-31,EUR/USD,Forex,0.8978,0.9017,0.8966,0.8968,3775947,-0.0557,0.9054,0.9263,0.3918,0.0051,2022,8,Aug,3,Wednesday,-16.963
2022-09-01,EUR/USD,Forex,0.8921,0.8963,0.8877,0.8945,4166668,-0.2565,0.9054,0.9245,0.396,0.0086,2022,9,Sep,3,Thursday,-17.1759
2022-09-02,EUR/USD,Forex,0.8941,0.8986,0.8909,0.896,12609866,0.1677,0.9052,0.9229,0.3779,0.0077,2022,9,Sep,3,Friday,-17.037
2022-09-05,EUR/USD,Forex,0.8926,0.8962,0.8922,0.8938,3881558,-0.2455,0.9047,0.9214,0.3604,0.004,2022,9,Sep,3,Monday,-17.2407
2022-09-06,EUR/USD,Forex,0.9018,0.9033,0.8999,0.8999,2041731,0.6825,0.9042,0.92,0.3483,0.0034,2022,9,Sep,3,Tuesday,-16.6759
2022-09-07,EUR/USD,Forex,0.893,0.8947,0.8921,0.8947,12881146,-0.5778,0.9031,0.9184,0.3399,0.0026,2022,9,Sep,3,Wednesday,-17.1574
2022-09-08,EUR/USD,Forex,0.8943,0.8965,0.8912,0.8937,1556466,-0.1118,0.902,0.9166,0.3345,0.0053,2022,9,Sep,3,Thursday,-17.25
2022-09-09,EUR/USD,Forex,0.8864,0.8883,0.8834,0.8862,5921016,-0.8392,0.9006,0.915,0.37,0.0049,2022,9,Sep,3,Friday,-17.9444
2022-09-12,EUR/USD,Forex,0.884,0.8876,0.8805,0.8844,4092771,-0.2031,0.8992,0.9134,0.3698,0.0071,2022,9,Sep,3,Monday,-18.1111
2022-09-13,EUR/USD,Forex,0.8776,0.8804,0.8745,0.8756,2546836,-0.995,0.8976,0.9117,0.4079,0.0059,2022,9,Sep,3,Tuesday,-18.9259
2022-09-14,EUR/USD,Forex,0.8785,0.881,0.8769,0.8795,5044988,0.4454,0.8961,0.9101,0.4298,0.0041,2022,9,Sep,3,Wednesday,-18.5648
2022-09-15,EUR/USD,Forex,0.8817,0.8839,0.8797,0.8836,3843800,0.4662,0.8947,0.9086,0.4325,0.0042,2022,9,Sep,3,Thursday,-18.1852
2022-09-16,EUR/USD,Forex,0.8858,0.8879,0.882,0.8878,2415025,0.4753,0.8937,0.9071,0.4493,0.0059,2022,9,Sep,3,Friday,-17.7963
2022-09-19,EUR/USD,Forex,0.8883,0.8913,0.8857,0.888,2903686,0.0225,0.8928,0.9057,0.4499,0.0056,2022,9,Sep,3,Monday,-17.7778
2022-09-20,EUR/USD,Forex,0.8842,0.8851,0.8806,0.8834,8976371,-0.518,0.8917,0.9043,0.4548,0.0045,2022,9,Sep,3,Tuesday,-18.2037
2022-09-21,EUR/USD,Forex,0.8795,0.8837,0.8788,0.8792,7997423,-0.4754,0.8905,0.903,0.4581,0.0049,2022,9,Sep,3,Wednesday,-18.5926
2022-09-22,EUR/USD,Forex,0.8896,0.8909,0.8858,0.8873,2897605,0.9213,0.8897,0.9019,0.5137,0.0051,2022,9,Sep,3,Thursday,-17.8426
2022-09-23,EUR/USD,Forex,0.8933,0.8989,0.8922,0.895,9167672,0.8678,0.8896,0.9008,0.5476,0.0067,2022,9,Sep,3,Friday,-17.1296
2022-09-26,EUR/USD,Forex,0.8949,0.8991,0.8943,0.8957,3593517,0.0782,0.8896,0.9,0.5403,0.0048,2022,9,Sep,3,Monday,-17.0648
2022-09-27,EUR/USD,Forex,0.8951,0.8958,0.8887,0.8929,2775908,-0.3126,0.8894,0.8993,0.5398,0.0071,2022,9,Sep,3,Tuesday,-17.3241
2022-09-28,EUR/USD,Forex,0.8987,0.9008,0.898,0.9003,7710842,0.8288,0.8896,0.8987,0.5723,0.0028,2022,9,Sep,3,Wednesday,-16.6389
2022-09-29,EUR/USD,Forex,0.8941,0.8975,0.8932,0.8966,9088688,-0.411,0.8897,0.8982,0.5772,0.0043,2022,9,Sep,3,Thursday,-16.9815
2022-09-30,EUR/USD,Forex,0.8987,0.9027,0.8953,0.8979,4103278,0.145,0.8898,0.8979,0.5769,0.0074,2022,9,Sep,3,Friday,-16.8611
2022-10-03,EUR/USD,Forex,0.9046,0.9063,0.9033,0.9052,6565984,0.813,0.8903,0.8978,0.6001,0.003,2022,10,Oct,4,Monday,-16.1852
2022-10-04,EUR/USD,Forex,0.9027,0.9089,0.9006,0.9007,4997035,-0.4971,0.8904,0.8977,0.5942,0.0083,2022,10,Oct,4,Tuesday,-16.6019
2022-10-05,EUR/USD,Forex,0.9044,0.9087,0.902,0.9052,8684546,0.4996,0.8909,0.8977,0.5873,0.0067,2022,10,Oct,4,Wednesday,-16.1852
2022-10-06,EUR/USD,Forex,0.9065,0.9096,0.905,0.9081,27480131,0.3204,0.8916,0.8979,0.5886,0.0046,2022,10,Oct,4,Thursday,-15.9167
2022-10-07,EUR/USD,Forex,0.909,0.9099,0.9007,0.908,5801296,-0.011,0.8927,0.8981,0.5481,0.0092,2022,10,Oct,4,Friday,-15.9259
2022-10-10,EUR/USD,Forex,0.9053,0.906,0.8996,0.9026,5932352,-0.5947,0.8936,0.8983,0.567,0.0064,2022,10,Oct,4,Monday,-16.4259
2022-10-11,EUR/USD,Forex,0.9008,0.9027,0.8954,0.8987,3210153,-0.4321,0.8948,0.8983,0.5218,0.0073,2022,10,Oct,4,Tuesday,-16.787
2022-10-12,EUR/USD,Forex,0.9022,0.9064,0.8982,0.9003,6222014,0.178,0.8958,0.8984,0.5168,0.0082,2022,10,Oct,4,Wednesday,-16.6389
2022-10-13,EUR/USD,Forex,0.938,0.9397,0.9376,0.9377,2079356,4.1542,0.8985,0.8993,1.0403,0.0021,2022,10,Oct,4,Thursday,-13.1759
2022-10-14,EUR/USD,Forex,0.9396,0.9438,0.9378,0.9385,3320437,0.0853,0.9011,0.9001,1.0405,0.006,2022,10,Oct,4,Friday,-13.1019
2022-10-17,EUR/USD,Forex,0.9403,0.9445,0.9346,0.9416,4245137,0.3303,0.9037,0.9009,1.0387,0.0099,2022,10,Oct,4,Monday,-12.8148
2022-10-18,EUR/USD,Forex,0.9496,0.9505,0.9442,0.9472,12231402,0.5947,0.9069,0.9016,1.0224,0.0063,2022,10,Oct,4,Tuesday,-12.2963
2022-10-19,EUR/USD,Forex,0.9383,0.9405,0.9379,0.9393,9142658,-0.834,0.9099,0.9021,1.0407,0.0026,2022,10,Oct,4,Wednesday,-13.0278
2022-10-20,EUR/USD,Forex,0.9493,0.9493,0.9444,0.9467,6511111,0.7878,0.9129,0.9027,1.0372,0.0049,2022,10,Oct,4,Thursday,-12.3426
2022-10-21,EUR/USD,Forex,0.9537,0.9604,0.9534,0.9564,2183555,1.0246,0.916,0.9035,1.042,0.007,2022,10,Oct,4,Friday,-11.4444
2022-10-24,EUR/USD,Forex,0.9591,0.9607,0.9548,0.9588,10138610,0.2509,0.9191,0.9044,1.0405,0.0059,2022,10,Oct,4,Monday,-11.2222
2022-10-25,EUR/USD,Forex,0.9523,0.9598,0.9505,0.9529,3982809,-0.6154,0.9221,0.9053,1.0527,0.0093,2022,10,Oct,4,Tuesday,-11.7685
2022-10-26,EUR/USD,Forex,0.9492,0.9521,0.9455,0.9511,6191725,-0.1889,0.9247,0.9062,1.0519,0.0066,2022,10,Oct,4,Wednesday,-11.9352
2022-10-27,EUR/USD,Forex,0.9527,0.9527,0.9485,0.9508,6757855,-0.0315,0.9274,0.907,1.0422,0.0042,2022,10,Oct,4,Thursday,-11.963
2022-10-28,EUR/USD,Forex,0.954,0.9552,0.9464,0.9524,10766060,0.1683,0.9301,0.9079,1.042,0.0088,2022,10,Oct,4,Friday,-11.8148
2022-10-31,EUR/USD,Forex,0.9539,0.9583,0.9511,0.9526,5526273,0.021,0.9325,0.9088,1.0366,0.0072,2022,10,Oct,4,Monday,-11.7963
2022-11-01,EUR/USD,Forex,0.954,0.9579,0.9511,0.9543,3435389,0.1785,0.9352,0.9098,1.0215,0.0068,2022,11,Nov,4,Tuesday,-11.6389
2022-11-02,EUR/USD,Forex,0.9533,0.9549,0.9485,0.9538,5571231,-0.0524,0.9376,0.9108,1.0231,0.0064,2022,11,Nov,4,Wednesday,-11.6852
2022-11-03,EUR/USD,Forex,0.9526,0.956,0.9502,0.9554,4029044,0.1678,0.94,0.9118,1.0232,0.0058,2022,11,Nov,4,Thursday,-11.537
2022-11-04,EUR/USD,Forex,0.9519,0.9552,0.9493,0.9528,5948866,-0.2721,0.9422,0.9129,1.0285,0.0059,2022,11,Nov,4,Friday,-11.7778
2022-11-07,EUR/USD,Forex,0.9527,0.9527,0.9465,0.9509,6655248,-0.1994,0.9446,0.914,1.0152,0.0062,2022,11,Nov,4,Monday,-11.9537
2022-11-08,EUR/USD,Forex,0.9457,0.9511,0.9443,0.9476,2782504,-0.347,0.9471,0.915,1.0123,0.0068,2022,11,Nov,4,Tuesday,-12.2593
2022-11-09,EUR/USD,Forex,0.9614,0.962,0.956,0.9586,5080230,1.1608,0.95,0.9163,1.0313,0.006,2022,11,Nov,4,Wednesday,-11.2407
2022-11-10,EUR/USD,Forex,0.9673,0.9673,0.9646,0.9671,4609045,0.8867,0.9514,0.9177,0.5276,0.0027,2022,11,Nov,4,Thursday,-10.4537
2022-11-11,EUR/USD,Forex,0.9688,0.9711,0.9665,0.9703,4425946,0.3309,0.953,0.9192,0.5287,0.0046,2022,11,Nov,4,Friday,-10.1574
2022-11-14,EUR/USD,Forex,0.9776,0.9804,0.977,0.9781,5053365,0.8039,0.9549,0.9209,0.5467,0.0034,2022,11,Nov,4,Monday,-9.4352
2022-11-15,EUR/USD,Forex,0.9812,0.9856,0.9802,0.9828,10571754,0.4805,0.9566,0.9226,0.5428,0.0054,2022,11,Nov,4,Tuesday,-9.0
2022-11-16,EUR/USD,Forex,0.9838,0.986,0.9819,0.9839,2521544,0.1119,0.9589,0.9244,0.4877,0.0041,2022,11,Nov,4,Wednesday,-8.8981
2022-11-17,EUR/USD,Forex,0.9753,0.9763,0.9716,0.9751,5874506,-0.8944,0.9603,0.926,0.5302,0.0047,2022,11,Nov,4,Thursday,-9.713
2022-11-18,EUR/USD,Forex,0.9757,0.9758,0.9721,0.9736,5870300,-0.1538,0.9611,0.9277,0.4919,0.0037,2022,11,Nov,4,Friday,-9.8519
2022-11-21,EUR/USD,Forex,0.9731,0.9779,0.9709,0.9717,2710742,-0.1952,0.9618,0.9295,0.4943,0.007,2022,11,Nov,4,Monday,-10.0278
2022-11-22,EUR/USD,Forex,0.9642,0.9661,0.9609,0.9652,3241618,-0.6689,0.9624,0.9313,0.4984,0.0052,2022,11,Nov,4,Tuesday,-10.6296
2022-11-23,EUR/USD,Forex,0.9557,0.9599,0.9556,0.9566,7119463,-0.891,0.9627,0.9328,0.5402,0.0043,2022,11,Nov,4,Wednesday,-11.4259
2022-11-24,EUR/USD,Forex,0.9617,0.9631,0.9543,0.9595,3064387,0.3032,0.9631,0.9343,0.5434,0.0088,2022,11,Nov,4,Thursday,-11.1574
2022-11-25,EUR/USD,Forex,0.9588,0.9634,0.9548,0.9614,4739209,0.198,0.9636,0.9358,0.5437,0.0086,2022,11,Nov,4,Friday,-10.9815
2022-11-28,EUR/USD,Forex,0.9565,0.9582,0.9519,0.9547,2937964,-0.6969,0.9637,0.9371,0.5688,0.0063,2022,11,Nov,4,Monday,-11.6019
2022-11-29,EUR/USD,Forex,0.951,0.951,0.9501,0.9505,4304139,-0.4399,0.9635,0.9385,0.576,0.0009,2022,11,Nov,4,Tuesday,-11.9907
2022-11-30,EUR/USD,Forex,0.9565,0.9611,0.9536,0.9571,3324787,0.6944,0.9636,0.94,0.5975,0.0075,2022,11,Nov,4,Wednesday,-11.3796
2022-12-01,EUR/USD,Forex,0.9549,0.9579,0.9469,0.9522,6203604,-0.512,0.9635,0.9413,0.6079,0.011,2022,12,Dec,4,Thursday,-11.8333
2022-12-02,EUR/USD,Forex,0.9543,0.9547,0.9509,0.9532,7453302,0.105,0.9635,0.9425,0.6053,0.0038,2022,12,Dec,4,Friday,-11.7407
2022-12-05,EUR/USD,Forex,0.9496,0.9523,0.9455,0.9521,2746663,-0.1154,0.9636,0.9436,0.6041,0.0068,2022,12,Dec,4,Monday,-11.8426
2022-12-06,EUR/USD,Forex,0.9567,0.9618,0.9518,0.9551,4289679,0.3151,0.9639,0.9449,0.6018,0.01,2022,12,Dec,4,Tuesday,-11.5648
2022-12-07,EUR/USD,Forex,0.9482,0.9556,0.9465,0.9502,5181561,-0.513,0.9635,0.9459,0.5522,0.0091,2022,12,Dec,4,Wednesday,-12.0185
2022-12-08,EUR/USD,Forex,0.9531,0.9576,0.9473,0.9508,5110719,0.0631,0.9627,0.9469,0.5082,0.0103,2022,12,Dec,4,Thursday,-11.963
2022-12-09,EUR/USD,Forex,0.9525,0.9536,0.9516,0.9518,4077081,0.1052,0.9618,0.948,0.501,0.002,2022,12,Dec,4,Friday,-11.8704
2022-12-12,EUR/USD,Forex,0.9529,0.9549,0.9505,0.9532,4355573,0.1471,0.9605,0.949,0.4587,0.0044,2022,12,Dec,4,Monday,-11.7407
2022-12-13,EUR/USD,Forex,0.9543,0.9545,0.9506,0.9537,4807384,0.0525,0.9591,0.95,0.4384,0.0039,2022,12,Dec,4,Tuesday,-11.6944
2022-12-14,EUR/USD,Forex,0.9575,0.96,0.9527,0.9557,2259437,0.2097,0.9577,0.9511,0.4419,0.0073,2022,12,Dec,4,Wednesday,-11.5093
2022-12-15,EUR/USD,Forex,0.9672,0.9694,0.9655,0.9683,3071414,1.3184,0.9573,0.9523,0.5152,0.0039,2022,12,Dec,4,Thursday,-10.3426
2022-12-16,EUR/USD,Forex,0.984,0.9886,0.9763,0.9832,11848451,1.5388,0.9578,0.9538,0.6223,0.0123,2022,12,Dec,4,Friday,-8.963
2022-12-19,EUR/USD,Forex,0.978,0.9808,0.978,0.9795,12614219,-0.3763,0.9582,0.9553,0.6274,0.0028,2022,12,Dec,4,Monday,-9.3056
2022-12-20,EUR/USD,Forex,0.9641,0.971,0.9617,0.9659,3497278,-1.3885,0.9582,0.9566,0.688,0.0093,2022,12,Dec,4,Tuesday,-10.5648
2022-12-21,EUR/USD,Forex,0.9669,0.9711,0.9608,0.9694,9507899,0.3624,0.9589,0.958,0.6585,0.0103,2022,12,Dec,4,Wednesday,-10.2407
2022-12-22,EUR/USD,Forex,0.9732,0.977,0.9695,0.9706,6196484,0.1238,0.9594,0.9587,0.6563,0.0075,2022,12,Dec,4,Thursday,-10.1296
2022-12-23,EUR/USD,Forex,0.9794,0.9811,0.9729,0.9768,5744590,0.6388,0.9602,0.9594,0.6685,0.0082,2022,12,Dec,4,Friday,-9.5556
2022-12-26,EUR/USD,Forex,0.9813,0.9838,0.9781,0.9785,3169389,0.174,0.9614,0.9602,0.643,0.0057,2022,12,Dec,4,Monday,-9.3981
2022-12-27,EUR/USD,Forex,0.9817,0.9858,0.9768,0.9789,4595243,0.0409,0.9628,0.9608,0.6296,0.009,2022,12,Dec,4,Tuesday,-9.3611
2022-12-28,EUR/USD,Forex,0.9827,0.9874,0.9811,0.9856,5847708,0.6844,0.9642,0.9617,0.6291,0.0063,2022,12,Dec,4,Wednesday,-8.7407
2022-12-29,EUR/USD,Forex,0.9905,0.9947,0.9889,0.9931,4166301,0.761,0.9663,0.9627,0.6232,0.0058,2022,12,Dec,4,Thursday,-8.0463
2022-12-30,EUR/USD,Forex,0.9866,0.9886,0.9831,0.9849,5083718,-0.8257,0.9679,0.9632,0.6649,0.0055,2022,12,Dec,4,Friday,-8.8056
2023-01-02,EUR/USD,Forex,0.98,0.9805,0.974,0.9801,4666829,-0.4874,0.9693,0.9637,0.6783,0.0065,2023,1,Jan,1,Monday,-9.25
2023-01-03,EUR/USD,Forex,0.978,0.9813,0.9754,0.9796,4027277,-0.051,0.9705,0.9642,0.6785,0.0059,2023,1,Jan,1,Tuesday,-9.2963
2023-01-04,EUR/USD,Forex,0.9802,0.9821,0.974,0.9802,7212874,0.0612,0.972,0.9648,0.6618,0.0081,2023,1,Jan,1,Wednesday,-9.2407
2023-01-05,EUR/USD,Forex,0.9802,0.9846,0.9744,0.9789,3776062,-0.1326,0.9734,0.9654,0.6647,0.0102,2023,1,Jan,1,Thursday,-9.3611
2023-01-06,EUR/USD,Forex,0.979,0.9857,0.9782,0.9815,7935681,0.2656,0.9749,0.9659,0.6651,0.0075,2023,1,Jan,1,Friday,-9.1204
2023-01-09,EUR/USD,Forex,0.9866,0.9914,0.9804,0.9874,9919548,0.6011,0.9766,0.9666,0.6725,0.011,2023,1,Jan,1,Monday,-8.5741
2023-01-10,EUR/USD,Forex,0.9957,0.9981,0.994,0.9977,3704077,1.0431,0.9788,0.9675,0.6987,0.0041,2023,1,Jan,1,Tuesday,-7.6204
2023-01-11,EUR/USD,Forex,1.0005,1.0045,0.9989,1.0012,6834601,0.3508,0.9811,0.9684,0.6993,0.0056,2023,1,Jan,1,Wednesday,-7.2963
2023-01-12,EUR/USD,Forex,0.9938,1.0028,0.9938,0.9961,10967608,-0.5094,0.9825,0.9693,0.669,0.009,2023,1,Jan,1,Thursday,-7.7685
2023-01-13,EUR/USD,Forex,0.9926,0.9975,0.9881,0.9953,4064312,-0.0803,0.9831,0.9701,0.5839,0.0094,2023,1,Jan,1,Friday,-7.8426
2023-01-16,EUR/USD,Forex,0.9964,0.9976,0.9929,0.9949,4433306,-0.0402,0.9838,0.971,0.5753,0.0047,2023,1,Jan,1,Monday,-7.8796
2023-01-17,EUR/USD,Forex,0.9956,0.9992,0.9944,0.998,1869496,0.3116,0.9854,0.972,0.4613,0.0048,2023,1,Jan,1,Tuesday,-7.5926
2023-01-18,EUR/USD,Forex,1.0032,1.0073,0.9989,1.0004,4161673,0.2405,0.987,0.9728,0.4594,0.0084,2023,1,Jan,1,Wednesday,-7.3704
2023-01-19,EUR/USD,Forex,1.0109,1.0139,1.0109,1.0127,5333135,1.2295,0.9891,0.9737,0.5178,0.003,2023,1,Jan,1,Thursday,-6.2315
2023-01-20,EUR/USD,Forex,1.0103,1.0144,1.0069,1.01,4997035,-0.2666,0.9908,0.9745,0.5182,0.0075,2023,1,Jan,1,Friday,-6.4815
2023-01-23,EUR/USD,Forex,1.0109,1.0134,1.0103,1.0124,6147531,0.2376,0.9924,0.9752,0.5185,0.0031,2023,1,Jan,1,Monday,-6.2593
2023-01-24,EUR/USD,Forex,1.0263,1.0288,1.0256,1.0267,3903034,1.4125,0.9948,0.9761,0.5865,0.0032,2023,1,Jan,1,Tuesday,-4.9352
2023-01-25,EUR/USD,Forex,1.0244,1.0259,1.019,1.0232,3984835,-0.3409,0.9967,0.9769,0.5904,0.0069,2023,1,Jan,1,Wednesday,-5.2593
2023-01-26,EUR/USD,Forex,1.0254,1.0262,1.02,1.0241,7232997,0.088,0.9983,0.9779,0.5751,0.0062,2023,1,Jan,1,Thursday,-5.1759
2023-01-27,EUR/USD,Forex,1.019,1.0231,1.0155,1.0184,7993538,-0.5566,0.9999,0.9788,0.5537,0.0076,2023,1,Jan,1,Friday,-5.7037
2023-01-30,EUR/USD,Forex,1.0194,1.0213,1.0174,1.0189,15092098,0.0491,1.0019,0.9797,0.5328,0.0039,2023,1,Jan,1,Monday,-5.6574
2023-01-31,EUR/USD,Forex,1.016,1.0169,1.0133,1.0142,6447047,-0.4613,1.0036,0.9807,0.5504,0.0036,2023,1,Jan,1,Tuesday,-6.0926
2023-02-01,EUR/USD,Forex,1.0185,1.0217,1.0153,1.0206,7168250,0.631,1.0056,0.982,0.5589,0.0064,2023,2,Feb,1,Wednesday,-5.5
2023-02-02,EUR/USD,Forex,1.02,1.0221,1.0198,1.0216,2233542,0.098,1.0078,0.9832,0.554,0.0023,2023,2,Feb,1,Thursday,-5.4074
2023-02-03,EUR/USD,Forex,1.0174,1.0237,1.0134,1.0159,14974419,-0.5579,1.0095,0.9843,0.58,0.0103,2023,2,Feb,1,Friday,-5.9352
2023-02-06,EUR/USD,Forex,1.023,1.0259,1.0193,1.0211,3160829,0.5119,1.0112,0.9856,0.5769,0.0066,2023,2,Feb,1,Monday,-5.4537
2023-02-07,EUR/USD,Forex,1.024,1.0298,1.0205,1.0222,2819829,0.1077,1.0124,0.9871,0.539,0.0093,2023,2,Feb,1,Tuesday,-5.3519
2023-02-08,EUR/USD,Forex,1.0271,1.0324,1.0212,1.0281,4970494,0.5772,1.0137,0.9885,0.5464,0.0112,2023,2,Feb,1,Wednesday,-4.8056
2023-02-09,EUR/USD,Forex,1.0227,1.0277,1.0178,1.0211,3081190,-0.6809,1.015,0.9899,0.5582,0.0099,2023,2,Feb,1,Thursday,-5.4537
2023-02-10,EUR/USD,Forex,1.0209,1.0266,1.02,1.0234,7075496,0.2252,1.0164,0.9913,0.5565,0.0066,2023,2,Feb,1,Friday,-5.2407
2023-02-13,EUR/USD,Forex,1.0291,1.0327,1.0275,1.0282,3972540,0.469,1.0181,0.9928,0.5594,0.0052,2023,2,Feb,1,Monday,-4.7963
2023-02-14,EUR/USD,Forex,1.0263,1.0286,1.025,1.0256,3142586,-0.2529,1.0194,0.9942,0.5659,0.0036,2023,2,Feb,1,Tuesday,-5.037
2023-02-15,EUR/USD,Forex,1.0199,1.0214,1.0176,1.0179,4997035,-0.7508,1.0203,0.9956,0.5989,0.0038,2023,2,Feb,1,Wednesday,-5.75
2023-02-16,EUR/USD,Forex,1.0168,1.0198,1.0106,1.0177,9421826,-0.0196,1.0206,0.9969,0.5354,0.0092,2023,2,Feb,1,Thursday,-5.7685
2023-02-17,EUR/USD,Forex,1.0269,1.0281,1.0226,1.0253,6787309,0.7468,1.0213,0.9984,0.5539,0.0055,2023,2,Feb,1,Friday,-5.0648
2023-02-20,EUR/USD,Forex,1.0309,1.0384,1.03,1.0323,2103882,0.6827,1.0223,0.9999,0.5694,0.0084,2023,2,Feb,1,Monday,-4.4167
2023-02-21,EUR/USD,Forex,1.0275,1.0305,1.0254,1.0297,4838484,-0.2519,1.0225,1.0015,0.4823,0.0051,2023,2,Feb,1,Tuesday,-4.6574
2023-02-22,EUR/USD,Forex,1.0212,1.0249,1.019,1.0218,6606071,-0.7672,1.0224,1.0028,0.5076,0.0059,2023,2,Feb,1,Wednesday,-5.3889
2023-02-23,EUR/USD,Forex,1.0219,1.0236,1.0119,1.0192,2196095,-0.2545,1.0222,1.0038,0.5101,0.0117,2023,2,Feb,1,Thursday,-5.6296
2023-02-24,EUR/USD,Forex,1.0188,1.0206,1.0138,1.0164,2028175,-0.2747,1.0221,1.0045,0.4983,0.0068,2023,2,Feb,1,Friday,-5.8889
2023-02-27,EUR/USD,Forex,1.0176,1.0211,1.0155,1.0191,8391907,0.2656,1.0221,1.0053,0.502,0.0056,2023,2,Feb,1,Monday,-5.6389
2023-02-28,EUR/USD,Forex,1.0198,1.0234,1.0123,1.0186,9420043,-0.0491,1.0223,1.0063,0.4903,0.0111,2023,2,Feb,1,Tuesday,-5.6852
2023-03-01,EUR/USD,Forex,1.0145,1.0152,1.0122,1.014,1410910,-0.4516,1.022,1.0072,0.4792,0.003,2023,3,Mar,1,Wednesday,-6.1111
2023-03-02,EUR/USD,Forex,1.023,1.0268,1.0181,1.0208,2700234,0.6706,1.0219,1.0082,0.5038,0.0087,2023,3,Mar,1,Thursday,-5.4815
2023-03-03,EUR/USD,Forex,1.0193,1.0223,1.0192,1.0217,7404476,0.0882,1.0222,1.0091,0.4868,0.0031,2023,3,Mar,1,Friday,-5.3981
2023-03-06,EUR/USD,Forex,1.0275,1.0289,1.0192,1.0244,7401672,0.2643,1.0224,1.01,0.4769,0.0097,2023,3,Mar,1,Monday,-5.1481
2023-03-07,EUR/USD,Forex,1.0149,1.0158,1.0129,1.0139,1915732,-1.025,1.022,1.0107,0.5299,0.0029,2023,3,Mar,1,Tuesday,-6.1204
2023-03-08,EUR/USD,Forex,0.9979,1.0007,0.9972,0.9992,4997035,-1.4498,1.0205,1.011,0.5956,0.0035,2023,3,Mar,1,Wednesday,-7.4815
2023-03-09,EUR/USD,Forex,0.9896,0.9946,0.9882,0.9906,5301986,-0.8607,1.019,1.0109,0.6054,0.0064,2023,3,Mar,1,Thursday,-8.2778
2023-03-10,EUR/USD,Forex,0.9476,0.9526,0.9469,0.9482,4724995,-4.2802,1.0152,1.0102,1.0971,0.0057,2023,3,Mar,1,Friday,-12.2037
2023-03-13,EUR/USD,Forex,0.9516,0.9526,0.9506,0.9515,6524666,0.348,1.0114,1.0096,1.0925,0.002,2023,3,Mar,1,Monday,-11.8981
2023-03-14,EUR/USD,Forex,0.9402,0.9441,0.9362,0.9382,4649009,-1.3978,1.007,1.0088,1.1152,0.0079,2023,3,Mar,1,Tuesday,-13.1296
2023-03-15,EUR/USD,Forex,0.9495,0.9514,0.9449,0.9472,3916796,0.9593,1.0035,1.0081,1.1549,0.0065,2023,3,Mar,1,Wednesday,-12.2963
2023-03-16,EUR/USD,Forex,0.9505,0.952,0.9443,0.9482,13645584,0.1056,1.0,1.0075,1.1571,0.0077,2023,3,Mar,1,Thursday,-12.2037
2023-03-17,EUR/USD,Forex,0.9553,0.9574,0.9549,0.956,4997035,0.8226,0.9966,1.007,1.161,0.0025,2023,3,Mar,1,Friday,-11.4815
2023-03-20,EUR/USD,Forex,0.95,0.9519,0.9496,0.9509,1227617,-0.5335,0.9925,1.0063,1.136,0.0023,2023,3,Mar,1,Monday,-11.9537
2023-03-21,EUR/USD,Forex,0.9553,0.96,0.9509,0.9539,5822199,0.3155,0.9887,1.0054,1.147,0.0091,2023,3,Mar,1,Tuesday,-11.6759
2023-03-22,EUR/USD,Forex,0.9529,0.9552,0.9502,0.9544,3830017,0.0524,0.9853,1.0045,1.1469,0.005,2023,3,Mar,1,Wednesday,-11.6296
2023-03-23,EUR/USD,Forex,0.9567,0.9608,0.9512,0.9591,3941683,0.4925,0.9823,1.0037,1.1617,0.0096,2023,3,Mar,1,Thursday,-11.1944
2023-03-24,EUR/USD,Forex,0.9574,0.9592,0.9555,0.9578,6366808,-0.1355,0.9794,1.003,1.1623,0.0037,2023,3,Mar,1,Friday,-11.3148
2023-03-27,EUR/USD,Forex,0.9634,0.9641,0.956,0.9606,2932319,0.2923,0.9765,1.0023,1.163,0.0081,2023,3,Mar,1,Monday,-11.0556
2023-03-28,EUR/USD,Forex,0.9657,0.9688,0.9621,0.967,4356969,0.6663,0.9739,1.0017,1.1816,0.0067,2023,3,Mar,1,Tuesday,-10.463
2023-03-29,EUR/USD,Forex,0.966,0.9667,0.9599,0.9633,7630970,-0.3826,0.9713,1.0009,1.1811,0.0068,2023,3,Mar,1,Wednesday,-10.8056
2023-03-30,EUR/USD,Forex,0.9631,0.9681,0.9626,0.9647,1732884,0.1453,0.9685,1.0,1.1653,0.0055,2023,3,Mar,1,Thursday,-10.6759
2023-03-31,EUR/USD,Forex,0.9546,0.9592,0.9465,0.9538,4780035,-1.1299,0.9651,0.9989,1.177,0.0127,2023,3,Mar,1,Friday,-11.6852
2023-04-03,EUR/USD,Forex,0.9575,0.9664,0.9547,0.9579,5270832,0.4299,0.9618,0.9978,1.1821,0.0117,2023,4,Apr,2,Monday,-11.3056
2023-04-04,EUR/USD,Forex,0.97,0.9719,0.9647,0.9692,8314502,1.1797,0.9596,0.9966,1.216,0.0072,2023,4,Apr,2,Tuesday,-10.2593
2023-04-05,EUR/USD,Forex,0.9593,0.9674,0.9568,0.962,4455368,-0.7429,0.9577,0.9954,1.1882,0.0106,2023,4,Apr,2,Wednesday,-10.9259
2023-04-06,EUR/USD,Forex,0.9592,0.9625,0.9552,0.9615,3631873,-0.052,0.9563,0.9941,1.1777,0.0073,2023,4,Apr,2,Thursday,-10.9722
2023-04-07,EUR/USD,Forex,0.9652,0.9691,0.9633,0.9667,2479033,0.5408,0.9572,0.9931,0.6701,0.0058,2023,4,Apr,2,Friday,-10.4907
2023-04-10,EUR/USD,Forex,0.9687,0.975,0.9644,0.9669,1382661,0.0207,0.958,0.9921,0.6677,0.0106,2023,4,Apr,2,Monday,-10.4722
2023-04-11,EUR/USD,Forex,0.9656,0.969,0.9648,0.9679,8032637,0.1034,0.9594,0.9911,0.5698,0.0042,2023,4,Apr,2,Tuesday,-10.3796
2023-04-12,EUR/USD,Forex,0.9675,0.9746,0.9641,0.9657,6590963,-0.2273,0.9604,0.99,0.543,0.0105,2023,4,Apr,2,Wednesday,-10.5833
2023-04-13,EUR/USD,Forex,0.9609,0.964,0.9573,0.9632,3046767,-0.2589,0.9611,0.9889,0.5488,0.0067,2023,4,Apr,2,Thursday,-10.8148
2023-04-14,EUR/USD,Forex,0.9654,0.9661,0.9622,0.9628,4769939,-0.0415,0.9615,0.9878,0.5206,0.0039,2023,4,Apr,2,Friday,-10.8519
2023-04-17,EUR/USD,Forex,0.9613,0.9649,0.9591,0.9631,10136313,0.0312,0.9621,0.9867,0.5031,0.0058,2023,4,Apr,2,Monday,-10.8241
2023-04-18,EUR/USD,Forex,0.9539,0.9589,0.9527,0.9563,3833449,-0.7061,0.9622,0.9853,0.5275,0.0062,2023,4,Apr,2,Tuesday,-11.4537
2023-04-19,EUR/USD,Forex,0.9531,0.9629,0.953,0.956,5226227,-0.0314,0.9623,0.9839,0.5276,0.0099,2023,4,Apr,2,Wednesday,-11.4815
2023-04-20,EUR/USD,Forex,0.9636,0.9666,0.9623,0.965,8242819,0.9414,0.9626,0.9828,0.5579,0.0043,2023,4,Apr,2,Thursday,-10.6481
2023-04-21,EUR/USD,Forex,0.9634,0.9642,0.9603,0.9626,4384999,-0.2487,0.9628,0.9816,0.5602,0.0039,2023,4,Apr,2,Friday,-10.8704
2023-04-24,EUR/USD,Forex,0.957,0.9588,0.952,0.9555,4982827,-0.7376,0.9626,0.9801,0.5814,0.0068,2023,4,Apr,2,Monday,-11.5278
2023-04-25,EUR/USD,Forex,0.956,0.9584,0.954,0.9547,4094027,-0.0837,0.9619,0.9787,0.5582,0.0044,2023,4,Apr,2,Tuesday,-11.6019
2023-04-26,EUR/USD,Forex,0.9512,0.9541,0.9441,0.9507,5600214,-0.419,0.9613,0.9773,0.5594,0.01,2023,4,Apr,2,Wednesday,-11.9722
2023-04-27,EUR/USD,Forex,0.9424,0.9484,0.9419,0.9431,3466727,-0.7994,0.9602,0.9759,0.5802,0.0065,2023,4,Apr,2,Thursday,-12.6759
2023-04-28,EUR/USD,Forex,0.946,0.9487,0.9396,0.9439,5518466,0.0848,0.9597,0.9742,0.5294,0.0091,2023,4,Apr,2,Friday,-12.6019
2023-05-01,EUR/USD,Forex,0.9424,0.9431,0.9358,0.9399,3485553,-0.4238,0.9588,0.9724,0.523,0.0073,2023,5,May,2,Monday,-12.9722
2023-05-02,EUR/USD,Forex,0.936,0.94,0.9359,0.9365,5156420,-0.3617,0.9572,0.9705,0.4309,0.0041,2023,5,May,2,Tuesday,-13.287
2023-05-03,EUR/USD,Forex,0.9358,0.9397,0.9323,0.9374,2530515,0.0961,0.956,0.9688,0.4128,0.0074,2023,5,May,2,Wednesday,-13.2037
2023-05-04,EUR/USD,Forex,0.9262,0.9332,0.9242,0.9288,3234895,-0.9174,0.9543,0.967,0.4481,0.009,2023,5,May,2,Thursday,-14.0
2023-05-05,EUR/USD,Forex,0.9204,0.9216,0.9185,0.9191,5175331,-1.0444,0.952,0.9651,0.4556,0.0031,2023,5,May,2,Friday,-14.8981
2023-05-08,EUR/USD,Forex,0.9252,0.9282,0.9183,0.9229,7517116,0.4134,0.9498,0.9631,0.4759,0.0099,2023,5,May,2,Monday,-14.5463
2023-05-09,EUR/USD,Forex,0.9145,0.9149,0.9113,0.9122,2950117,-1.1594,0.947,0.961,0.5116,0.0036,2023,5,May,2,Tuesday,-15.537
2023-05-10,EUR/USD,Forex,0.9044,0.9114,0.9039,0.9069,4987155,-0.581,0.944,0.9589,0.5152,0.0075,2023,5,May,2,Wednesday,-16.0278
2023-05-11,EUR/USD,Forex,0.895,0.9012,0.8933,0.8972,4580388,-1.0696,0.9407,0.9564,0.542,0.0079,2023,5,May,2,Thursday,-16.9259
2023-05-12,EUR/USD,Forex,0.8932,0.8977,0.8909,0.8946,6118681,-0.2898,0.9373,0.9539,0.5373,0.0068,2023,5,May,2,Friday,-17.1667
2023-05-15,EUR/USD,Forex,0.8964,0.8976,0.8884,0.897,9710572,0.2683,0.934,0.9513,0.549,0.0092,2023,5,May,2,Monday,-16.9444
2023-05-16,EUR/USD,Forex,0.8999,0.9016,0.8963,0.8976,5855628,0.0669,0.9311,0.949,0.5501,0.0053,2023,5,May,2,Tuesday,-16.8889
2023-05-17,EUR/USD,Forex,0.9102,0.9116,0.9073,0.9105,10450690,1.4372,0.9288,0.9472,0.674,0.0043,2023,5,May,2,Wednesday,-15.6944
2023-05-18,EUR/USD,Forex,0.9185,0.9212,0.9149,0.9165,12807355,0.659,0.9264,0.9457,0.6504,0.0063,2023,5,May,2,Thursday,-15.1389
2023-05-19,EUR/USD,Forex,0.9135,0.9167,0.9077,0.9114,4538287,-0.5565,0.9238,0.945,0.6539,0.009,2023,5,May,2,Friday,-15.6111
2023-05-22,EUR/USD,Forex,0.9065,0.9501,0.8977,0.9049,5688030,-0.7132,0.9213,0.9441,0.653,0.0524,2023,5,May,2,Monday,-16.213
2023-05-23,EUR/USD,Forex,0.9183,0.9207,0.9176,0.9197,6746806,1.6355,0.9195,0.9437,0.7796,0.0031,2023,5,May,2,Tuesday,-14.8426
2023-05-24,EUR/USD,Forex,0.927,0.9317,0.9247,0.9256,3927956,0.6415,0.9183,0.9433,0.7986,0.007,2023,5,May,2,Wednesday,-14.2963
2023-05-25,EUR/USD,Forex,0.9821,0.9866,0.9809,0.9844,7233636,6.3526,0.9204,0.944,1.6407,0.0057,2023,5,May,2,Thursday,-8.8519
2023-05-26,EUR/USD,Forex,0.9861,0.988,0.9825,0.9849,4890814,0.0508,0.9224,0.9446,1.6409,0.0055,2023,5,May,2,Friday,-8.8056
2023-05-29,EUR/USD,Forex,0.9861,0.9911,0.9855,0.9866,6987090,0.1726,0.9247,0.9453,1.6339,0.0056,2023,5,May,2,Monday,-8.6481
2023-05-30,EUR/USD,Forex,0.9804,0.982,0.9777,0.9779,7240986,-0.8818,0.9268,0.9458,1.6483,0.0043,2023,5,May,2,Tuesday,-9.4537
2023-05-31,EUR/USD,Forex,0.9765,0.9804,0.9734,0.9788,5694297,0.092,0.9289,0.9462,1.6483,0.007,2023,5,May,2,Wednesday,-9.3704
2023-06-01,EUR/USD,Forex,0.9781,0.9835,0.9758,0.9793,5095266,0.0511,0.9314,0.9467,1.6269,0.0077,2023,6,Jun,2,Thursday,-9.3241
2023-06-02,EUR/USD,Forex,0.9744,0.9761,0.974,0.974,3304330,-0.5412,0.9341,0.947,1.6092,0.0021,2023,6,Jun,2,Friday,-9.8148
2023-06-05,EUR/USD,Forex,0.9722,0.9757,0.9701,0.971,6624169,-0.308,0.9366,0.9472,1.6147,0.0056,2023,6,Jun,2,Monday,-10.0926
2023-06-06,EUR/USD,Forex,0.9774,0.9812,0.9736,0.9798,4065909,0.9063,0.9399,0.9474,1.5845,0.0076,2023,6,Jun,2,Tuesday,-9.2778
2023-06-07,EUR/USD,Forex,0.9813,0.9824,0.9762,0.9791,6279571,-0.0714,0.9435,0.9478,1.5724,0.0062,2023,6,Jun,2,Wednesday,-9.3426
2023-06-08,EUR/USD,Forex,0.994,0.9945,0.9907,0.9914,1634137,1.2563,0.9482,0.9483,1.5442,0.0038,2023,6,Jun,2,Thursday,-8.2037
2023-06-09,EUR/USD,Forex,0.981,0.9824,0.9807,0.9811,7245821,-1.0389,0.9526,0.9488,1.5734,0.0017,2023,6,Jun,2,Friday,-9.1574
2023-06-12,EUR/USD,Forex,0.9799,0.9815,0.9752,0.978,3146865,-0.316,0.9566,0.9492,1.5828,0.0063,2023,6,Jun,2,Monday,-9.4444
2023-06-13,EUR/USD,Forex,0.97,0.9741,0.9686,0.969,5895877,-0.9202,0.9602,0.9492,1.6104,0.0055,2023,6,Jun,2,Tuesday,-10.2778
2023-06-14,EUR/USD,Forex,0.9601,0.9641,0.9571,0.962,7742554,-0.7224,0.9628,0.9492,1.6093,0.007,2023,6,Jun,2,Wednesday,-10.9259
2023-06-15,EUR/USD,Forex,0.9595,0.9604,0.9541,0.9573,3133670,-0.4886,0.9648,0.9491,1.6158,0.0063,2023,6,Jun,2,Thursday,-11.3611
2023-06-16,EUR/USD,Forex,0.959,0.9644,0.9581,0.9591,7453785,0.188,0.9672,0.949,1.6052,0.0063,2023,6,Jun,2,Friday,-11.1944
2023-06-19,EUR/USD,Forex,0.9607,0.9609,0.9604,0.9607,3362664,0.1668,0.97,0.9489,1.5889,0.0005,2023,6,Jun,2,Monday,-11.0463
2023-06-20,EUR/USD,Forex,0.9572,0.9579,0.9542,0.9569,2657389,-0.3955,0.9718,0.9487,1.5645,0.0037,2023,6,Jun,2,Tuesday,-11.3981
2023-06-21,EUR/USD,Forex,0.945,0.947,0.9376,0.9441,5924375,-1.3377,0.9728,0.9482,1.598,0.0094,2023,6,Jun,2,Wednesday,-12.5833
2023-06-22,EUR/USD,Forex,0.9499,0.9563,0.9496,0.9525,3607697,0.8897,0.9712,0.948,0.6756,0.0067,2023,6,Jun,2,Thursday,-11.8056
2023-06-23,EUR/USD,Forex,0.9495,0.952,0.9471,0.9509,2107198,-0.168,0.9695,0.9478,0.6738,0.0049,2023,6,Jun,2,Friday,-11.9537
2023-06-26,EUR/USD,Forex,0.9436,0.9467,0.9381,0.9446,3653951,-0.6625,0.9674,0.9474,0.6771,0.0086,2023,6,Jun,2,Monday,-12.537
2023-06-27,EUR/USD,Forex,0.9469,0.947,0.9442,0.9462,2386536,0.1694,0.9658,0.9472,0.6633,0.0028,2023,6,Jun,2,Tuesday,-12.3889
2023-06-28,EUR/USD,Forex,0.9489,0.9493,0.9474,0.9474,2814673,0.1268,0.9642,0.947,0.664,0.0019,2023,6,Jun,2,Wednesday,-12.2778
2023-06-29,EUR/USD,Forex,0.9452,0.9474,0.9445,0.9457,7395645,-0.1794,0.9625,0.9466,0.6621,0.0029,2023,6,Jun,2,Thursday,-12.4352
2023-06-30,EUR/USD,Forex,0.9466,0.9483,0.9415,0.9465,4095709,0.0846,0.9612,0.9463,0.6586,0.0068,2023,6,Jun,2,Friday,-12.3611
2023-07-03,EUR/USD,Forex,0.9406,0.9408,0.9389,0.94,16023586,-0.6867,0.9596,0.946,0.669,0.0019,2023,7,Jul,3,Monday,-12.963
2023-07-04,EUR/USD,Forex,0.9461,0.9514,0.9399,0.9444,9165910,0.4681,0.9578,0.9458,0.6387,0.0115,2023,7,Jul,3,Tuesday,-12.5556
2023-07-05,EUR/USD,Forex,0.9414,0.9456,0.9346,0.9388,8532718,-0.593,0.9558,0.9456,0.6446,0.011,2023,7,Jul,3,Wednesday,-13.0741
2023-07-06,EUR/USD,Forex,0.9327,0.939,0.928,0.9354,4467735,-0.3622,0.953,0.9454,0.545,0.011,2023,7,Jul,3,Thursday,-13.3889
2023-07-07,EUR/USD,Forex,0.9391,0.9398,0.9349,0.9391,4645453,0.3956,0.9509,0.9453,0.5354,0.0049,2023,7,Jul,3,Friday,-13.0463
2023-07-10,EUR/USD,Forex,0.9462,0.9486,0.9424,0.9459,3478850,0.7241,0.9493,0.9454,0.5744,0.0062,2023,7,Jul,3,Monday,-12.4167
2023-07-11,EUR/USD,Forex,0.9559,0.9602,0.951,0.955,7125336,0.962,0.9486,0.9458,0.5979,0.0092,2023,7,Jul,3,Tuesday,-11.5741
2023-07-12,EUR/USD,Forex,0.9603,0.9632,0.9558,0.9611,14591355,0.6387,0.9486,0.9463,0.5973,0.0074,2023,7,Jul,3,Wednesday,-11.0093
2023-07-13,EUR/USD,Forex,0.9614,0.9624,0.9569,0.9592,8083144,-0.1977,0.9487,0.9469,0.5883,0.0055,2023,7,Jul,3,Thursday,-11.1852
2023-07-14,EUR/USD,Forex,0.9513,0.957,0.947,0.9504,2711774,-0.9174,0.9482,0.9475,0.6218,0.01,2023,7,Jul,3,Friday,-12.0
2023-07-17,EUR/USD,Forex,0.961,0.9638,0.9572,0.9585,9197244,0.8523,0.9481,0.9482,0.6522,0.0066,2023,7,Jul,3,Monday,-11.25
2023-07-18,EUR/USD,Forex,0.9686,0.9753,0.9636,0.9664,1977458,0.8242,0.9486,0.9493,0.671,0.0117,2023,7,Jul,3,Tuesday,-10.5185
2023-07-19,EUR/USD,Forex,0.9631,0.9683,0.962,0.9626,5190707,-0.3932,0.9495,0.9504,0.5972,0.0063,2023,7,Jul,3,Wednesday,-10.8704
2023-07-20,EUR/USD,Forex,0.9657,0.9695,0.9625,0.9679,2650138,0.5506,0.9503,0.9518,0.5781,0.007,2023,7,Jul,3,Thursday,-10.3796
2023-07-21,EUR/USD,Forex,0.9641,0.9693,0.961,0.966,3531963,-0.1963,0.9511,0.9533,0.5788,0.0083,2023,7,Jul,3,Friday,-10.5556
2023-07-24,EUR/USD,Forex,0.9753,0.976,0.9735,0.9748,3648034,0.911,0.9526,0.9548,0.5794,0.0025,2023,7,Jul,3,Monday,-9.7407
2023-07-25,EUR/USD,Forex,0.9716,0.9732,0.97,0.9718,8347500,-0.3078,0.9538,0.9563,0.5887,0.0032,2023,7,Jul,3,Tuesday,-10.0185
2023-07-26,EUR/USD,Forex,0.9861,0.9867,0.9832,0.9834,2613870,1.1937,0.9556,0.9578,0.6345,0.0035,2023,7,Jul,3,Wednesday,-8.9444
2023-07-27,EUR/USD,Forex,0.9855,0.9918,0.98,0.9881,6725951,0.4779,0.9578,0.9592,0.6314,0.0118,2023,7,Jul,3,Thursday,-8.5093
2023-07-28,EUR/USD,Forex,0.996,1.0006,0.9942,0.9988,5603071,1.0829,0.9604,0.9609,0.6589,0.0064,2023,7,Jul,3,Friday,-7.5185
2023-07-31,EUR/USD,Forex,0.9946,0.999,0.9917,0.9961,7689285,-0.2703,0.9632,0.9628,0.6331,0.0073,2023,7,Jul,3,Monday,-7.7685
2023-08-01,EUR/USD,Forex,0.9959,0.9986,0.9913,0.9986,2534267,0.251,0.9659,0.9643,0.6318,0.0073,2023,8,Aug,3,Tuesday,-7.537
2023-08-02,EUR/USD,Forex,0.9945,0.9978,0.9917,0.9928,10481620,-0.5808,0.9686,0.9657,0.6309,0.0061,2023,8,Aug,3,Wednesday,-8.0741
2023-08-03,EUR/USD,Forex,0.9996,1.0006,0.996,0.9979,3845773,0.5137,0.9717,0.966,0.614,0.0046,2023,8,Aug,3,Thursday,-7.6019
2023-08-04,EUR/USD,Forex,1.0058,1.0067,1.0016,1.0033,4910520,0.5411,0.9749,0.9663,0.6157,0.0051,2023,8,Aug,3,Friday,-7.1019
2023-08-07,EUR/USD,Forex,1.0166,1.0202,1.0111,1.0178,3194571,1.4452,0.9785,0.9669,0.6594,0.0091,2023,8,Aug,3,Monday,-5.7593
2023-08-08,EUR/USD,Forex,1.019,1.0245,1.0171,1.0208,2514179,0.2948,0.9818,0.9678,0.6445,0.0074,2023,8,Aug,3,Tuesday,-5.4815
2023-08-09,EUR/USD,Forex,1.0263,1.0298,1.0237,1.0253,10240115,0.4408,0.985,0.9687,0.6412,0.0061,2023,8,Aug,3,Wednesday,-5.0648
2023-08-10,EUR/USD,Forex,1.0208,1.0241,1.0181,1.0224,5392086,-0.2828,0.9882,0.9696,0.6451,0.006,2023,8,Aug,3,Thursday,-5.3333
2023-08-11,EUR/USD,Forex,1.0278,1.0301,1.022,1.0258,3980538,0.3326,0.992,0.9706,0.5755,0.0081,2023,8,Aug,3,Friday,-5.0185
2023-08-14,EUR/USD,Forex,1.024,1.0293,1.02,1.0235,11480928,-0.2242,0.9952,0.9717,0.5798,0.0093,2023,8,Aug,3,Monday,-5.2315
2023-08-15,EUR/USD,Forex,1.0251,1.0286,1.0232,1.0243,3893674,0.0782,0.9981,0.9726,0.5702,0.0054,2023,8,Aug,3,Tuesday,-5.1574
2023-08-16,EUR/USD,Forex,1.0261,1.0297,1.0231,1.0254,7544222,0.1074,1.0012,0.9735,0.5491,0.0066,2023,8,Aug,3,Wednesday,-5.0556
2023-08-17,EUR/USD,Forex,1.0218,1.0306,1.0191,1.0233,4804987,-0.2048,1.004,0.9741,0.5582,0.0115,2023,8,Aug,3,Thursday,-5.25
2023-08-18,EUR/USD,Forex,1.0233,1.0248,1.023,1.0237,3626938,0.0391,1.0069,0.975,0.55,0.0018,2023,8,Aug,3,Friday,-5.213
2023-08-21,EUR/USD,Forex,1.0198,1.0251,1.0176,1.0215,6505063,-0.2149,1.0092,0.9759,0.5409,0.0075,2023,8,Aug,3,Monday,-5.4167
2023-08-22,EUR/USD,Forex,1.0176,1.0249,1.0153,1.0192,2060618,-0.2252,1.0116,0.9769,0.5368,0.0096,2023,8,Aug,3,Tuesday,-5.6296
2023-08-23,EUR/USD,Forex,1.0252,1.0287,1.0245,1.0258,5487439,0.6476,1.0137,0.9781,0.4982,0.0042,2023,8,Aug,3,Wednesday,-5.0185
2023-08-24,EUR/USD,Forex,1.0274,1.0298,1.0208,1.027,5692469,0.117,1.0157,0.9795,0.4946,0.009,2023,8,Aug,3,Thursday,-4.9074
2023-08-25,EUR/USD,Forex,1.0267,1.0336,1.0249,1.0291,7108857,0.2045,1.0172,0.9809,0.4484,0.0087,2023,8,Aug,3,Friday,-4.713
2023-08-28,EUR/USD,Forex,1.0222,1.024,1.0177,1.0202,5190477,-0.8648,1.0184,0.9821,0.4951,0.0063,2023,8,Aug,3,Monday,-5.537
2023-08-29,EUR/USD,Forex,1.0206,1.0286,1.017,1.0228,4043318,0.2549,1.0196,0.9834,0.4951,0.0116,2023,8,Aug,3,Tuesday,-5.2963
2023-08-30,EUR/USD,Forex,1.0247,1.0285,1.0233,1.0261,5134149,0.3226,1.0213,0.9851,0.4682,0.0052,2023,8,Aug,3,Wednesday,-4.9907
2023-08-31,EUR/USD,Forex,1.0209,1.0249,1.0201,1.0237,3895385,-0.2339,1.0226,0.9865,0.4688,0.0048,2023,8,Aug,3,Thursday,-5.213
2023-09-01,EUR/USD,Forex,1.0381,1.0384,1.0324,1.0366,4547903,1.2601,1.0242,0.9882,0.5262,0.006,2023,9,Sep,3,Friday,-4.0185
2023-09-04,EUR/USD,Forex,1.0209,1.023,1.0199,1.0224,4140679,-1.3699,1.0244,0.9898,0.5419,0.0031,2023,9,Sep,3,Monday,-5.3333
2023-09-05,EUR/USD,Forex,1.0256,1.0284,1.0224,1.0273,6637015,0.4793,1.0248,0.9914,0.5483,0.006,2023,9,Sep,3,Tuesday,-4.8796
2023-09-06,EUR/USD,Forex,1.0299,1.0373,1.0278,1.0317,4997035,0.4283,1.0251,0.9931,0.5478,0.0095,2023,9,Sep,3,Wednesday,-4.4722
2023-09-07,EUR/USD,Forex,1.0351,1.0365,1.0294,1.0351,2947356,0.3296,1.0257,0.9949,0.5464,0.0071,2023,9,Sep,3,Thursday,-4.1574
2023-09-08,EUR/USD,Forex,1.0357,1.0369,1.0323,1.0363,3606141,0.1159,1.0262,0.9967,0.5429,0.0046,2023,9,Sep,3,Friday,-4.0463
2023-09-11,EUR/USD,Forex,1.0425,1.0431,1.0389,1.0398,9298042,0.3377,1.0271,0.9987,0.5424,0.0042,2023,9,Sep,3,Monday,-3.7222
2023-09-12,EUR/USD,Forex,1.0434,1.0474,1.0382,1.0452,7294851,0.5193,1.0281,1.0007,0.5512,0.0092,2023,9,Sep,3,Tuesday,-3.2222
2023-09-13,EUR/USD,Forex,1.0417,1.0449,1.0375,1.0407,4776681,-0.4305,1.0289,1.0027,0.5639,0.0074,2023,9,Sep,3,Wednesday,-3.6389
2023-09-14,EUR/USD,Forex,1.045,1.0459,1.0422,1.0426,4051666,0.1826,1.0298,1.0049,0.5604,0.0037,2023,9,Sep,3,Thursday,-3.463
2023-09-15,EUR/USD,Forex,1.039,1.0428,1.036,1.0415,6082993,-0.1055,1.0307,1.0069,0.5621,0.0068,2023,9,Sep,3,Friday,-3.5648
2023-09-18,EUR/USD,Forex,1.0318,1.0375,1.0305,1.0348,6980601,-0.6433,1.0314,1.0087,0.582,0.007,2023,9,Sep,3,Monday,-4.1852
2023-09-19,EUR/USD,Forex,1.0385,1.04,1.0321,1.0393,4115222,0.4349,1.0324,1.0104,0.5833,0.0079,2023,9,Sep,3,Tuesday,-3.7685
2023-09-20,EUR/USD,Forex,1.0333,1.0376,1.0325,1.0358,6608831,-0.3368,1.0329,1.0119,0.5761,0.0051,2023,9,Sep,3,Wednesday,-4.0926
2023-09-21,EUR/USD,Forex,1.0266,1.0273,1.0262,1.0265,3076279,-0.8979,1.0329,1.0132,0.6134,0.0011,2023,9,Sep,3,Thursday,-4.9537
2023-09-22,EUR/USD,Forex,1.0221,1.025,1.0146,1.0233,4300819,-0.3117,1.0326,1.0147,0.6152,0.0104,2023,9,Sep,3,Friday,-5.25
2023-09-25,EUR/USD,Forex,1.021,1.0256,1.0158,1.0184,4450055,-0.4788,1.0325,1.0159,0.5932,0.0098,2023,9,Sep,3,Monday,-5.7037
2023-09-26,EUR/USD,Forex,1.0262,1.0295,1.0217,1.0248,2686827,0.6284,1.0326,1.017,0.6076,0.0078,2023,9,Sep,3,Tuesday,-5.1111
2023-09-27,EUR/USD,Forex,1.0228,1.029,1.0219,1.0257,4603760,0.0878,1.0326,1.0183,0.6035,0.0071,2023,9,Sep,3,Wednesday,-5.0278
2023-09-28,EUR/USD,Forex,1.0354,1.0374,1.0342,1.0343,3067293,0.8385,1.0331,1.0196,0.6287,0.0032,2023,9,Sep,3,Thursday,-4.2315
2023-09-29,EUR/USD,Forex,1.0299,1.0817,1.0268,1.0302,5486515,-0.3964,1.0328,1.0209,0.5675,0.0549,2023,9,Sep,3,Friday,-4.6111
2023-10-02,EUR/USD,Forex,1.0367,1.0413,1.0328,1.0357,7551662,0.5339,1.0334,1.0221,0.4844,0.0085,2023,10,Oct,4,Monday,-4.1019
2023-10-03,EUR/USD,Forex,1.0504,1.0577,1.0488,1.0534,5547446,1.709,1.0348,1.0238,0.6032,0.0089,2023,10,Oct,4,Tuesday,-2.463
2023-10-04,EUR/USD,Forex,1.0528,1.0583,1.0506,1.0557,4589214,0.2183,1.036,1.0252,0.5995,0.0077,2023,10,Oct,4,Wednesday,-2.25
2023-10-05,EUR/USD,Forex,1.0628,1.0662,1.0536,1.0612,3150805,0.521,1.0373,1.0267,0.6046,0.0126,2023,10,Oct,4,Thursday,-1.7407
2023-10-06,EUR/USD,Forex,1.067,1.0746,1.0632,1.0657,1728433,0.424,1.0387,1.028,0.6082,0.0114,2023,10,Oct,4,Friday,-1.3241
2023-10-09,EUR/USD,Forex,1.0554,1.0605,1.0504,1.0566,12263195,-0.8539,1.0396,1.0292,0.6452,0.0101,2023,10,Oct,4,Monday,-2.1667
2023-10-10,EUR/USD,Forex,1.0608,1.061,1.0596,1.0604,9893446,0.3596,1.0403,1.0305,0.6405,0.0014,2023,10,Oct,4,Tuesday,-1.8148
2023-10-11,EUR/USD,Forex,1.0623,1.0659,1.0602,1.0624,10784172,0.1886,1.0414,1.0318,0.6297,0.0057,2023,10,Oct,4,Wednesday,-1.6296
2023-10-12,EUR/USD,Forex,1.0578,1.0653,1.0513,1.0608,2616796,-0.1506,1.0423,1.0331,0.6319,0.014,2023,10,Oct,4,Thursday,-1.7778
2023-10-13,EUR/USD,Forex,1.0582,1.0593,1.0532,1.0552,3538393,-0.5279,1.043,1.0341,0.6457,0.0061,2023,10,Oct,4,Friday,-2.2963
2023-10-16,EUR/USD,Forex,1.058,1.0597,1.0567,1.0597,5842364,0.4265,1.0443,1.035,0.6278,0.003,2023,10,Oct,4,Monday,-1.8796
2023-10-17,EUR/USD,Forex,1.052,1.055,1.0509,1.0535,3858836,-0.5851,1.045,1.0356,0.6422,0.0041,2023,10,Oct,4,Tuesday,-2.4537
2023-10-18,EUR/USD,Forex,1.0672,1.0683,1.0611,1.0671,3804155,1.2909,1.0465,1.0365,0.6893,0.0072,2023,10,Oct,4,Wednesday,-1.1944
2023-10-19,EUR/USD,Forex,1.07,1.0723,1.0677,1.0679,3172126,0.075,1.0486,1.0374,0.6443,0.0046,2023,10,Oct,4,Thursday,-1.1204
2023-10-20,EUR/USD,Forex,1.0625,1.0649,1.0575,1.0601,13451689,-0.7304,1.0504,1.0381,0.6681,0.0074,2023,10,Oct,4,Friday,-1.8426
2023-10-23,EUR/USD,Forex,1.0569,1.0609,1.0545,1.0569,7092458,-0.3019,1.0524,1.0387,0.6601,0.0064,2023,10,Oct,4,Monday,-2.1389
2023-10-24,EUR/USD,Forex,1.0582,1.0584,1.0547,1.0551,7021901,-0.1703,1.0539,1.0394,0.6562,0.0037,2023,10,Oct,4,Tuesday,-2.3056
2023-10-25,EUR/USD,Forex,1.0728,1.0738,1.0667,1.0705,3972686,1.4596,1.0561,1.0403,0.7183,0.0071,2023,10,Oct,4,Wednesday,-0.8796
2023-10-26,EUR/USD,Forex,1.0665,1.0696,1.0644,1.0648,2275803,-0.5325,1.0576,1.0411,0.7212,0.0052,2023,10,Oct,4,Thursday,-1.4074
2023-10-27,EUR/USD,Forex,1.0646,1.0666,1.0637,1.0641,8789276,-0.0657,1.0593,1.0419,0.7118,0.0029,2023,10,Oct,4,Friday,-1.4722
2023-10-30,EUR/USD,Forex,1.0613,1.0633,1.0591,1.0608,7210741,-0.3101,1.0606,1.0427,0.7138,0.0042,2023,10,Oct,4,Monday,-1.7778
2023-10-31,EUR/USD,Forex,1.0621,1.0647,1.0607,1.064,4126098,0.3017,1.0611,1.0436,0.6111,0.004,2023,10,Oct,4,Tuesday,-1.4815
2023-11-01,EUR/USD,Forex,1.1025,1.1099,1.0991,1.1033,5388311,3.6936,1.0635,1.0451,1.0189,0.0108,2023,11,Nov,4,Wednesday,2.1574
2023-11-02,EUR/USD,Forex,1.0955,1.1021,1.0882,1.0958,6164511,-0.6798,1.0652,1.0465,1.0359,0.0139,2023,11,Nov,4,Thursday,1.463
2023-11-03,EUR/USD,Forex,1.0956,1.096,1.0941,1.0946,8232693,-0.1095,1.0667,1.0478,1.0357,0.0019,2023,11,Nov,4,Friday,1.3519
2023-11-06,EUR/USD,Forex,1.0935,1.0995,1.088,1.0927,5534573,-0.1736,1.0685,1.0493,1.0123,0.0115,2023,11,Nov,4,Monday,1.1759
2023-11-07,EUR/USD,Forex,1.0913,1.0959,1.0835,1.0888,2970553,-0.3569,1.0699,1.0506,1.018,0.0124,2023,11,Nov,4,Tuesday,0.8148
2023-11-08,EUR/USD,Forex,1.0841,1.088,1.0822,1.0854,1315725,-0.3123,1.0711,1.0518,1.0228,0.0058,2023,11,Nov,4,Wednesday,0.5
2023-11-09,EUR/USD,Forex,1.0934,1.097,1.0923,1.0931,1002965,0.7094,1.0727,1.0532,1.0293,0.0047,2023,11,Nov,4,Thursday,1.213
2023-11-10,EUR/USD,Forex,1.0891,1.0918,1.088,1.0911,5880135,-0.183,1.0745,1.0542,1.0201,0.0038,2023,11,Nov,4,Friday,1.0278
2023-11-13,EUR/USD,Forex,1.0823,1.0841,1.0821,1.0837,3377774,-0.6782,1.0757,1.0555,1.0354,0.002,2023,11,Nov,4,Monday,0.3426
2023-11-14,EUR/USD,Forex,1.0793,1.0811,1.0766,1.0808,4295662,-0.2676,1.077,1.0565,1.0264,0.0045,2023,11,Nov,4,Tuesday,0.0741
2023-11-15,EUR/USD,Forex,1.0804,1.0831,1.0744,1.0812,9637797,0.037,1.0777,1.0575,0.9896,0.0087,2023,11,Nov,4,Wednesday,0.1111
2023-11-16,EUR/USD,Forex,1.0743,1.0749,1.0692,1.0726,4997035,-0.7954,1.078,1.0583,1.0084,0.0057,2023,11,Nov,4,Thursday,-0.6852
2023-11-17,EUR/USD,Forex,1.0802,1.0884,1.0801,1.0831,12848326,0.9789,1.0791,1.0592,1.0132,0.0083,2023,11,Nov,4,Friday,0.287
2023-11-20,EUR/USD,Forex,1.0856,1.0911,1.0849,1.0888,5567996,0.5263,1.0807,1.0602,1.0123,0.0062,2023,11,Nov,4,Monday,0.8148
2023-11-21,EUR/USD,Forex,1.0997,1.1027,1.0934,1.0982,4573726,0.8633,1.0829,1.0613,1.0213,0.0093,2023,11,Nov,4,Tuesday,1.6852
2023-11-22,EUR/USD,Forex,1.0986,1.1023,1.0953,1.1008,5514217,0.2368,1.0844,1.0625,0.9779,0.007,2023,11,Nov,4,Wednesday,1.9259
2023-11-23,EUR/USD,Forex,1.0901,1.0968,1.087,1.087,2354504,-1.2536,1.0855,1.0633,1.0167,0.0098,2023,11,Nov,4,Thursday,0.6481
2023-11-24,EUR/USD,Forex,1.0979,1.0993,1.0969,1.0971,4101656,0.9292,1.0871,1.0645,1.032,0.0024,2023,11,Nov,4,Friday,1.5833
2023-11-27,EUR/USD,Forex,1.0908,1.0941,1.0903,1.0915,6812384,-0.5104,1.0887,1.0656,1.0377,0.0038,2023,11,Nov,4,Monday,1.0648
2023-11-28,EUR/USD,Forex,1.0864,1.0871,1.0829,1.0864,3850564,-0.4672,1.0898,1.0665,1.0459,0.0042,2023,11,Nov,4,Tuesday,0.5926
2023-11-29,EUR/USD,Forex,1.0858,1.0882,1.08,1.0875,8279759,0.1013,1.089,1.0676,0.6196,0.0082,2023,11,Nov,4,Wednesday,0.6944
2023-11-30,EUR/USD,Forex,1.0959,1.0976,1.0942,1.0965,2174236,0.8276,1.089,1.069,0.6331,0.0034,2023,11,Nov,4,Thursday,1.5278
2023-12-01,EUR/USD,Forex,1.1013,1.1076,1.0968,1.1035,6304696,0.6384,1.0895,1.0706,0.6478,0.0108,2023,12,Dec,4,Friday,2.1759
2023-12-04,EUR/USD,Forex,1.1083,1.1101,1.1069,1.1096,7277413,0.5528,1.0903,1.0724,0.6554,0.0032,2023,12,Dec,4,Monday,2.7407
2023-12-05,EUR/USD,Forex,1.1048,1.1081,1.1031,1.1075,9841242,-0.1893,1.0913,1.074,0.6506,0.005,2023,12,Dec,4,Tuesday,2.5463
2023-12-06,EUR/USD,Forex,1.1075,1.1094,1.1054,1.1054,8099291,-0.1896,1.0923,1.0756,0.6472,0.004,2023,12,Dec,4,Wednesday,2.3519
2023-12-07,EUR/USD,Forex,1.105,1.1086,1.1007,1.1078,5560015,0.2171,1.093,1.0771,0.6317,0.0079,2023,12,Dec,4,Thursday,2.5741
2023-12-08,EUR/USD,Forex,1.1102,1.1134,1.1038,1.107,8540837,-0.0722,1.0938,1.0786,0.6299,0.0096,2023,12,Dec,4,Friday,2.5
2023-12-11,EUR/USD,Forex,1.1143,1.1177,1.112,1.1129,3340020,0.533,1.0953,1.0802,0.6117,0.0057,2023,12,Dec,4,Monday,3.0463
2023-12-12,EUR/USD,Forex,1.1216,1.1235,1.1184,1.1185,6613238,0.5032,1.0971,1.0815,0.6093,0.0051,2023,12,Dec,4,Tuesday,3.5648
2023-12-13,EUR/USD,Forex,1.1193,1.1256,1.1186,1.1225,6752948,0.3576,1.0992,1.0828,0.6097,0.007,2023,12,Dec,4,Wednesday,3.9352
2023-12-14,EUR/USD,Forex,1.1043,1.1058,1.0995,1.1056,9437310,-1.5056,1.1009,1.0837,0.686,0.0063,2023,12,Dec,4,Thursday,2.3704
2023-12-15,EUR/USD,Forex,1.1051,1.1099,1.1006,1.1065,5000762,0.0814,1.102,1.0845,0.658,0.0093,2023,12,Dec,4,Friday,2.4537
2023-12-18,EUR/USD,Forex,1.1035,1.1086,1.1033,1.1058,6238986,-0.0633,1.1029,1.0855,0.6515,0.0053,2023,12,Dec,4,Monday,2.3889
2023-12-19,EUR/USD,Forex,1.104,1.1093,1.0992,1.107,4823513,0.1085,1.1033,1.0864,0.625,0.0101,2023,12,Dec,4,Tuesday,2.5
2023-12-20,EUR/USD,Forex,1.1024,1.1026,1.0975,1.102,5515575,-0.4517,1.1034,1.0872,0.6326,0.0051,2023,12,Dec,4,Wednesday,2.037
2023-12-21,EUR/USD,Forex,1.0948,1.0971,1.0899,1.0933,3795140,-0.7895,1.1037,1.0879,0.5911,0.0072,2023,12,Dec,4,Thursday,1.2315
2023-12-22,EUR/USD,Forex,1.0948,1.1023,1.0939,1.0964,12396741,0.2835,1.1037,1.0887,0.556,0.0084,2023,12,Dec,4,Friday,1.5185
2023-12-25,EUR/USD,Forex,1.0957,1.0969,1.0925,1.0941,3566193,-0.2098,1.1038,1.0894,0.5455,0.0044,2023,12,Dec,4,Monday,1.3056
2023-12-26,EUR/USD,Forex,1.0991,1.1032,1.0929,1.098,5563130,0.3565,1.1044,1.0903,0.5383,0.0103,2023,12,Dec,4,Tuesday,1.6667
2023-12-27,EUR/USD,Forex,1.0965,1.1022,1.0888,1.0936,7332585,-0.4007,1.1047,1.0908,0.5476,0.0134,2023,12,Dec,4,Wednesday,1.2593
2023-12-28,EUR/USD,Forex,1.1015,1.1065,1.1006,1.1029,4031618,0.8504,1.105,1.0915,0.5494,0.0059,2023,12,Dec,4,Thursday,2.1204
2023-12-29,EUR/USD,Forex,1.1077,1.1099,1.1071,1.1096,3535305,0.6075,1.1053,1.0925,0.5477,0.0028,2023,12,Dec,4,Friday,2.7407
2024-01-01,EUR/USD,Forex,1.1139,1.1176,1.1103,1.1117,5338212,0.1893,1.1054,1.0936,0.5353,0.0073,2024,1,Jan,1,Monday,2.9352
2024-01-02,EUR/USD,Forex,1.1085,1.1175,1.1053,1.1103,10618373,-0.1259,1.1055,1.0947,0.5342,0.0122,2024,1,Jan,1,Tuesday,2.8056
2024-01-03,EUR/USD,Forex,1.1156,1.1174,1.1105,1.116,4626194,0.5134,1.1061,1.0956,0.5431,0.0069,2024,1,Jan,1,Wednesday,3.3333
2024-01-04,EUR/USD,Forex,1.118,1.1199,1.1148,1.1187,2148966,0.2419,1.1066,1.0967,0.5436,0.0051,2024,1,Jan,1,Thursday,3.5833
2024-01-05,EUR/USD,Forex,1.1231,1.1318,1.1169,1.1204,4986377,0.152,1.1073,1.0978,0.5432,0.0149,2024,1,Jan,1,Friday,3.7407
2024-01-08,EUR/USD,Forex,1.1303,1.1347,1.122,1.1274,6065055,0.6248,1.108,1.0992,0.5478,0.0127,2024,1,Jan,1,Monday,4.3889
2024-01-09,EUR/USD,Forex,1.1339,1.1399,1.1276,1.1371,5296883,0.8604,1.1089,1.1006,0.5682,0.0123,2024,1,Jan,1,Tuesday,5.287
2024-01-10,EUR/USD,Forex,1.1288,1.1304,1.1283,1.1287,10644129,-0.7387,1.1093,1.1011,0.5928,0.0021,2024,1,Jan,1,Wednesday,4.5093
2024-01-11,EUR/USD,Forex,1.1207,1.1282,1.1192,1.1216,18229424,-0.629,1.1101,1.1016,0.4982,0.009,2024,1,Jan,1,Thursday,3.8519
2024-01-12,EUR/USD,Forex,1.1136,1.121,1.1097,1.1164,10224124,-0.4636,1.1106,1.1021,0.5124,0.0113,2024,1,Jan,1,Friday,3.3704
2024-01-15,EUR/USD,Forex,1.1417,1.1426,1.138,1.1399,3177416,2.105,1.1123,1.103,0.6876,0.0046,2024,1,Jan,1,Monday,5.5463
2024-01-16,EUR/USD,Forex,1.1407,1.142,1.1389,1.1395,3974608,-0.0351,1.1139,1.104,0.6888,0.0031,2024,1,Jan,1,Tuesday,5.5093
2024-01-17,EUR/USD,Forex,1.1461,1.1483,1.1395,1.1437,6092315,0.3686,1.116,1.1052,0.6756,0.0088,2024,1,Jan,1,Wednesday,5.8981
2024-01-18,EUR/USD,Forex,1.1437,1.1461,1.1384,1.1436,11672583,-0.0087,1.1185,1.1062,0.6376,0.0077,2024,1,Jan,1,Thursday,5.8889
2024-01-19,EUR/USD,Forex,1.1427,1.1433,1.1395,1.14,8029736,-0.3148,1.1207,1.1072,0.6488,0.0038,2024,1,Jan,1,Friday,5.5556
2024-01-22,EUR/USD,Forex,1.1488,1.1506,1.1461,1.1477,3812861,0.6754,1.1233,1.1085,0.6498,0.0045,2024,1,Jan,1,Monday,6.2685
2024-01-23,EUR/USD,Forex,1.1488,1.1566,1.148,1.1488,4086031,0.0958,1.1259,1.1098,0.6499,0.0086,2024,1,Jan,1,Tuesday,6.3704
2024-01-24,EUR/USD,Forex,1.1484,1.154,1.1446,1.1512,4997035,0.2089,1.1288,1.1112,0.633,0.0094,2024,1,Jan,1,Wednesday,6.5926
2024-01-25,EUR/USD,Forex,1.1603,1.1606,1.1589,1.1592,9437850,0.6949,1.1316,1.113,0.6262,0.0017,2024,1,Jan,1,Thursday,7.3333
2024-01-26,EUR/USD,Forex,1.1575,1.1624,1.1562,1.1584,2528610,-0.069,1.134,1.1145,0.6242,0.0062,2024,1,Jan,1,Friday,7.2593
2024-01-29,EUR/USD,Forex,1.1693,1.1751,1.1636,1.1728,6782144,1.2431,1.1371,1.1162,0.6649,0.0115,2024,1,Jan,1,Monday,8.5926
2024-01-30,EUR/USD,Forex,1.1719,1.1745,1.1657,1.1697,2373256,-0.2643,1.14,1.1176,0.6699,0.0088,2024,1,Jan,1,Tuesday,8.3056
2024-01-31,EUR/USD,Forex,1.1859,1.1939,1.1792,1.1838,5352660,1.2054,1.1434,1.1192,0.7007,0.0147,2024,1,Jan,1,Wednesday,9.6111
2024-02-01,EUR/USD,Forex,1.1777,1.1827,1.1732,1.1769,5112363,-0.5829,1.1463,1.121,0.7279,0.0095,2024,2,Feb,1,Thursday,8.9722
2024-02-02,EUR/USD,Forex,1.1788,1.1828,1.1774,1.1806,4215384,0.3144,1.1494,1.1227,0.7276,0.0054,2024,2,Feb,1,Friday,9.3148
2024-02-05,EUR/USD,Forex,1.1751,1.1805,1.1739,1.1761,7192778,-0.3812,1.1518,1.1244,0.7361,0.0066,2024,2,Feb,1,Monday,8.8981
2024-02-06,EUR/USD,Forex,1.1806,1.1848,1.1719,1.1841,5239716,0.6802,1.1541,1.1264,0.7288,0.0129,2024,2,Feb,1,Tuesday,9.6389
2024-02-07,EUR/USD,Forex,1.183,1.1865,1.1754,1.1808,2674270,-0.2787,1.1567,1.1282,0.7043,0.0111,2024,2,Feb,1,Wednesday,9.3333
2024-02-08,EUR/USD,Forex,1.1817,1.1888,1.1804,1.1829,2148209,0.1778,1.1598,1.13,0.6751,0.0084,2024,2,Feb,1,Thursday,9.5278
2024-02-09,EUR/USD,Forex,1.1811,1.1867,1.1762,1.1783,2752864,-0.3889,1.1629,1.1314,0.6711,0.0105,2024,2,Feb,1,Friday,9.1019
2024-02-12,EUR/USD,Forex,1.1824,1.1854,1.1805,1.185,2971619,0.5686,1.1652,1.133,0.5215,0.0049,2024,2,Feb,1,Monday,9.7222
2024-02-13,EUR/USD,Forex,1.1793,1.1874,1.1776,1.1804,2584607,-0.3882,1.1672,1.1344,0.5355,0.0098,2024,2,Feb,1,Tuesday,9.2963
2024-02-14,EUR/USD,Forex,1.1956,1.1987,1.1913,1.1924,2707534,1.0166,1.1696,1.1362,0.5664,0.0074,2024,2,Feb,1,Wednesday,10.4074
2024-02-15,EUR/USD,Forex,1.1851,1.1907,1.1816,1.1853,8144519,-0.5954,1.1717,1.1377,0.5929,0.0091,2024,2,Feb,1,Thursday,9.75
2024-02-16,EUR/USD,Forex,1.1757,1.1775,1.1756,1.1758,2983697,-0.8015,1.1735,1.1391,0.6235,0.0019,2024,2,Feb,1,Friday,8.8704
2024-02-19,EUR/USD,Forex,1.183,1.1876,1.1763,1.1826,6381296,0.5783,1.1753,1.1405,0.6196,0.0113,2024,2,Feb,1,Monday,9.5
2024-02-20,EUR/USD,Forex,1.18,1.1826,1.1758,1.1784,5782304,-0.3551,1.1767,1.1417,0.6299,0.0068,2024,2,Feb,1,Tuesday,9.1111
2024-02-21,EUR/USD,Forex,1.1786,1.1804,1.172,1.1784,3709159,0.0,1.1781,1.1428,0.6302,0.0084,2024,2,Feb,1,Wednesday,9.1111
2024-02-22,EUR/USD,Forex,1.173,1.1782,1.1683,1.1762,4175750,-0.1867,1.1789,1.1442,0.6185,0.0099,2024,2,Feb,1,Thursday,8.9074
2024-02-23,EUR/USD,Forex,1.1653,1.1707,1.1572,1.167,5979668,-0.7822,1.1794,1.1454,0.6471,0.0135,2024,2,Feb,1,Friday,8.0556
2024-02-26,EUR/USD,Forex,1.166,1.1668,1.1623,1.1665,12536033,-0.0428,1.1791,1.1466,0.5818,0.0045,2024,2,Feb,1,Monday,8.0093
2024-02-27,EUR/USD,Forex,1.1735,1.1771,1.1721,1.1755,5064676,0.7715,1.1793,1.148,0.605,0.005,2024,2,Feb,1,Tuesday,8.8426
2024-02-28,EUR/USD,Forex,1.1853,1.1875,1.1805,1.1826,4542126,0.604,1.1793,1.1496,0.5563,0.007,2024,2,Feb,1,Wednesday,9.5
2024-02-29,EUR/USD,Forex,1.1857,1.1873,1.1823,1.1843,7293268,0.1438,1.1797,1.1514,0.54,0.005,2024,2,Feb,1,Thursday,9.6574
2024-03-01,EUR/USD,Forex,1.1952,1.1973,1.1889,1.1923,9847770,0.6755,1.1802,1.1533,0.5557,0.0084,2024,3,Mar,1,Friday,10.3981
2024-03-04,EUR/USD,Forex,1.185,1.1878,1.1844,1.1847,6367362,-0.6374,1.1807,1.1552,0.569,0.0034,2024,3,Mar,1,Monday,9.6944
2024-03-05,EUR/USD,Forex,1.1805,1.1844,1.1796,1.1825,5297976,-0.1857,1.1806,1.1568,0.5502,0.0048,2024,3,Mar,1,Tuesday,9.4907
2024-03-06,EUR/USD,Forex,1.1867,1.1899,1.1835,1.1853,2178037,0.2368,1.1808,1.1587,0.5488,0.0064,2024,3,Mar,1,Wednesday,9.75
2024-03-07,EUR/USD,Forex,1.186,1.1866,1.1801,1.1845,3281691,-0.0675,1.1809,1.1603,0.5478,0.0065,2024,3,Mar,1,Thursday,9.6759
2024-03-08,EUR/USD,Forex,1.1807,1.1865,1.179,1.1828,2857692,-0.1435,1.1811,1.1618,0.5412,0.0075,2024,3,Mar,1,Friday,9.5185
2024-03-11,EUR/USD,Forex,1.1711,1.1775,1.1665,1.1743,3695927,-0.7186,1.1806,1.163,0.549,0.011,2024,3,Mar,1,Monday,8.7315
2024-03-12,EUR/USD,Forex,1.1582,1.1604,1.1519,1.1597,7081024,-1.2433,1.1796,1.164,0.6074,0.0085,2024,3,Mar,1,Tuesday,7.3796
2024-03-13,EUR/USD,Forex,1.1649,1.1679,1.1634,1.1655,6428964,0.5001,1.1782,1.165,0.5677,0.0045,2024,3,Mar,1,Wednesday,7.9167
2024-03-14,EUR/USD,Forex,1.1689,1.1769,1.1665,1.1672,5469007,0.1459,1.1773,1.166,0.5587,0.0104,2024,3,Mar,1,Thursday,8.0741
2024-03-15,EUR/USD,Forex,1.1727,1.1783,1.1704,1.1736,3591286,0.5483,1.1772,1.167,0.5478,0.0079,2024,3,Mar,1,Friday,8.6667
2024-03-18,EUR/USD,Forex,1.1689,1.1718,1.167,1.1706,4667434,-0.2556,1.1766,1.1679,0.5323,0.0048,2024,3,Mar,1,Monday,8.3889
2024-03-19,EUR/USD,Forex,1.1655,1.166,1.1595,1.1656,4742730,-0.4271,1.176,1.1685,0.5347,0.0065,2024,3,Mar,1,Tuesday,7.9259
2024-03-20,EUR/USD,Forex,1.1672,1.1698,1.1616,1.1657,3892074,0.0086,1.1753,1.1692,0.5348,0.0082,2024,3,Mar,1,Wednesday,7.9352
2024-03-21,EUR/USD,Forex,1.1748,1.1806,1.1695,1.1718,3198946,0.5233,1.1751,1.1702,0.5488,0.0111,2024,3,Mar,1,Thursday,8.5
2024-03-22,EUR/USD,Forex,1.1676,1.1753,1.1652,1.1702,2662948,-0.1365,1.1753,1.1713,0.5197,0.0101,2024,3,Mar,1,Friday,8.3519
2024-03-25,EUR/USD,Forex,1.1727,1.1789,1.1703,1.1759,6825160,0.4871,1.1757,1.172,0.53,0.0086,2024,3,Mar,1,Monday,8.8796
2024-03-26,EUR/USD,Forex,1.1711,1.1747,1.1657,1.1688,9764729,-0.6038,1.1754,1.1726,0.5194,0.009,2024,3,Mar,1,Tuesday,8.2222
2024-03-27,EUR/USD,Forex,1.1707,1.177,1.1635,1.1678,2538948,-0.0856,1.1747,1.1731,0.4977,0.0135,2024,3,Mar,1,Wednesday,8.1296
2024-03-28,EUR/USD,Forex,1.1649,1.1687,1.1621,1.1673,5042464,-0.0428,1.1738,1.1736,0.4954,0.0066,2024,3,Mar,1,Thursday,8.0833
2024-03-29,EUR/USD,Forex,1.1752,1.1795,1.1723,1.176,9024270,0.7453,1.173,1.1743,0.5011,0.0072,2024,3,Mar,1,Friday,8.8889
2024-04-01,EUR/USD,Forex,1.1798,1.183,1.1714,1.1775,7667102,0.1276,1.1726,1.1749,0.4843,0.0116,2024,4,Apr,2,Monday,9.0278
2024-04-02,EUR/USD,Forex,1.1886,1.1907,1.1883,1.1899,3627832,1.0531,1.173,1.1757,0.5393,0.0024,2024,4,Apr,2,Tuesday,10.1759
2024-04-03,EUR/USD,Forex,1.1837,1.1907,1.1788,1.1803,6144444,-0.8068,1.1728,1.1763,0.5682,0.0119,2024,4,Apr,2,Wednesday,9.287
2024-04-04,EUR/USD,Forex,1.1829,1.1877,1.1811,1.1813,6226765,0.0847,1.1726,1.1767,0.5686,0.0066,2024,4,Apr,2,Thursday,9.3796
2024-04-05,EUR/USD,Forex,1.1793,1.1892,1.1747,1.1827,10124825,0.1185,1.1726,1.1772,0.5684,0.0145,2024,4,Apr,2,Friday,9.5093
2024-04-08,EUR/USD,Forex,1.1846,1.1907,1.1782,1.1871,5190258,0.372,1.1732,1.1775,0.5477,0.0125,2024,4,Apr,2,Monday,9.9167
2024-04-09,EUR/USD,Forex,1.1822,1.1858,1.1757,1.1814,3477925,-0.4802,1.1743,1.1777,0.474,0.0101,2024,4,Apr,2,Tuesday,9.3889
2024-04-10,EUR/USD,Forex,1.1956,1.1962,1.1922,1.1934,2848020,1.0157,1.1757,1.1779,0.5099,0.004,2024,4,Apr,2,Wednesday,10.5
2024-04-11,EUR/USD,Forex,1.1919,1.1955,1.1905,1.1935,6014272,0.0084,1.177,1.1782,0.5105,0.005,2024,4,Apr,2,Thursday,10.5093
2024-04-12,EUR/USD,Forex,1.1878,1.192,1.1816,1.1858,1723326,-0.6452,1.1776,1.1784,0.5264,0.0104,2024,4,Apr,2,Friday,9.7963
2024-04-15,EUR/USD,Forex,1.1831,1.1921,1.1826,1.1858,7691740,0.0,1.1784,1.1785,0.5216,0.0095,2024,4,Apr,2,Monday,9.7963
2024-04-16,EUR/USD,Forex,1.1863,1.1879,1.1823,1.1836,5532663,-0.1855,1.1793,1.1785,0.5123,0.0056,2024,4,Apr,2,Tuesday,9.5926
2024-04-17,EUR/USD,Forex,1.2036,1.2043,1.2031,1.2034,4925035,1.6729,1.1812,1.179,0.6235,0.0012,2024,4,Apr,2,Wednesday,11.4259
2024-04-18,EUR/USD,Forex,1.2134,1.2216,1.2106,1.211,2070442,0.6315,1.1831,1.1795,0.6273,0.011,2024,4,Apr,2,Thursday,12.1296
2024-04-19,EUR/USD,Forex,1.2094,1.2151,1.2067,1.2115,8369517,0.0413,1.1852,1.1802,0.624,0.0084,2024,4,Apr,2,Friday,12.1759
2024-04-22,EUR/USD,Forex,1.2097,1.2113,1.2075,1.2107,1252397,-0.066,1.1869,1.1807,0.6217,0.0038,2024,4,Apr,2,Monday,12.1019
2024-04-23,EUR/USD,Forex,1.2201,1.2223,1.2088,1.2177,5208330,0.5782,1.1894,1.1815,0.6024,0.0135,2024,4,Apr,2,Tuesday,12.75
2024-04-24,EUR/USD,Forex,1.2226,1.2261,1.2179,1.225,5689786,0.5995,1.1922,1.1821,0.6044,0.0082,2024,4,Apr,2,Wednesday,13.4259
2024-04-25,EUR/USD,Forex,1.2032,1.2063,1.1977,1.2037,6947585,-1.7388,1.1941,1.1825,0.7482,0.0086,2024,4,Apr,2,Thursday,11.4537
2024-04-26,EUR/USD,Forex,1.2052,1.2141,1.2039,1.2084,18230193,0.3905,1.1957,1.1831,0.7376,0.0102,2024,4,Apr,2,Friday,11.8889
2024-04-29,EUR/USD,Forex,1.2116,1.2119,1.2053,1.2087,6568222,0.0248,1.1972,1.1837,0.7381,0.0066,2024,4,Apr,2,Monday,11.9167
2024-04-30,EUR/USD,Forex,1.2017,1.2055,1.1976,1.1992,3841329,-0.786,1.1977,1.1841,0.732,0.0079,2024,4,Apr,2,Tuesday,11.037
2024-05-01,EUR/USD,Forex,1.2075,1.2084,1.2036,1.2056,3581505,0.5337,1.199,1.1846,0.7113,0.0048,2024,5,May,2,Wednesday,11.6296
2024-05-02,EUR/USD,Forex,1.2212,1.2261,1.2168,1.2219,3839744,1.352,1.201,1.1855,0.7636,0.0093,2024,5,May,2,Thursday,13.1389
2024-05-03,EUR/USD,Forex,1.2225,1.2292,1.2168,1.2261,4621211,0.3437,1.2032,1.1867,0.7644,0.0124,2024,5,May,2,Friday,13.5278
2024-05-06,EUR/USD,Forex,1.2369,1.2381,1.2296,1.2342,3146272,0.6606,1.2055,1.1881,0.7709,0.0085,2024,5,May,2,Monday,14.2778
2024-05-07,EUR/USD,Forex,1.2443,1.2514,1.2401,1.2476,9791265,1.0857,1.2088,1.1895,0.7779,0.0113,2024,5,May,2,Tuesday,15.5185
2024-05-08,EUR/USD,Forex,1.2437,1.2477,1.2401,1.2415,5995025,-0.4889,1.2112,1.1907,0.7754,0.0076,2024,5,May,2,Wednesday,14.9537
2024-05-09,EUR/USD,Forex,1.23,1.2337,1.225,1.2277,8232982,-1.1116,1.213,1.1916,0.8286,0.0087,2024,5,May,2,Thursday,13.6759
2024-05-10,EUR/USD,Forex,1.2295,1.2336,1.2236,1.2326,9514010,0.3991,1.2153,1.1924,0.8089,0.01,2024,5,May,2,Friday,14.1296
2024-05-13,EUR/USD,Forex,1.2281,1.235,1.2231,1.2308,3099386,-0.146,1.2175,1.1933,0.8114,0.0119,2024,5,May,2,Monday,13.963
2024-05-14,EUR/USD,Forex,1.2182,1.2225,1.2153,1.2208,7885450,-0.8125,1.2194,1.1941,0.8383,0.0072,2024,5,May,2,Tuesday,13.037
2024-05-15,EUR/USD,Forex,1.2201,1.2253,1.216,1.2203,7119962,-0.041,1.2202,1.1948,0.7592,0.0093,2024,5,May,2,Wednesday,12.9907
2024-05-16,EUR/USD,Forex,1.2291,1.2298,1.2247,1.2256,6974938,0.4343,1.221,1.1956,0.7528,0.0051,2024,5,May,2,Thursday,13.4815
2024-05-17,EUR/USD,Forex,1.2218,1.231,1.2204,1.2246,4093375,-0.0816,1.2216,1.1964,0.7535,0.0106,2024,5,May,2,Friday,13.3889
2024-05-20,EUR/USD,Forex,1.2211,1.2251,1.2114,1.2189,3942309,-0.4655,1.222,1.1973,0.7621,0.0137,2024,5,May,2,Monday,12.8611
2024-05-21,EUR/USD,Forex,1.2204,1.2302,1.2171,1.2173,3052775,-0.1313,1.222,1.1985,0.752,0.0131,2024,5,May,2,Tuesday,12.713
2024-05-22,EUR/USD,Forex,1.2163,1.2219,1.2161,1.2172,2368044,-0.0082,1.2216,1.1995,0.7388,0.0058,2024,5,May,2,Wednesday,12.7037
2024-05-23,EUR/USD,Forex,1.2042,1.2053,1.1998,1.2032,2958938,-1.1502,1.2216,1.2002,0.6761,0.0055,2024,5,May,2,Thursday,11.4074
2024-05-24,EUR/USD,Forex,1.1991,1.2041,1.1982,1.2022,12744022,-0.0831,1.2213,1.2008,0.67,0.0059,2024,5,May,2,Friday,11.3148
2024-05-27,EUR/USD,Forex,1.1944,1.1944,1.192,1.1926,3936352,-0.7985,1.2205,1.2012,0.6918,0.0024,2024,5,May,2,Monday,10.4259
2024-05-28,EUR/USD,Forex,1.1958,1.1984,1.193,1.1974,8038701,0.4025,1.2204,1.2019,0.6775,0.0054,2024,5,May,2,Tuesday,10.8704
2024-05-29,EUR/USD,Forex,1.1889,1.194,1.1804,1.1862,4305272,-0.9354,1.2194,1.2023,0.6954,0.0136,2024,5,May,2,Wednesday,9.8333
2024-05-30,EUR/USD,Forex,1.1909,1.1936,1.1908,1.1935,6458418,0.6154,1.218,1.2027,0.6323,0.0028,2024,5,May,2,Thursday,10.5093
2024-05-31,EUR/USD,Forex,1.1941,1.2007,1.1888,1.1906,9346597,-0.243,1.2162,1.2031,0.6234,0.0119,2024,5,May,2,Friday,10.2407
2024-06-03,EUR/USD,Forex,1.1873,1.1914,1.1852,1.1868,6334484,-0.3192,1.2139,1.2033,0.5946,0.0062,2024,6,Jun,2,Monday,9.8889
2024-06-04,EUR/USD,Forex,1.1902,1.1959,1.1869,1.1889,6083463,0.1769,1.2109,1.2037,0.5219,0.009,2024,6,Jun,2,Tuesday,10.0833
2024-06-05,EUR/USD,Forex,1.1807,1.1858,1.1791,1.1828,5812579,-0.5131,1.208,1.204,0.5226,0.0067,2024,6,Jun,2,Wednesday,9.5185
2024-06-06,EUR/USD,Forex,1.1828,1.1851,1.1764,1.1849,2675733,0.1775,1.2059,1.2044,0.4878,0.0087,2024,6,Jun,2,Thursday,9.713
2024-06-07,EUR/USD,Forex,1.1828,1.1836,1.1733,1.1797,5237208,-0.4389,1.2032,1.2045,0.4715,0.0103,2024,6,Jun,2,Friday,9.2315
2024-06-10,EUR/USD,Forex,1.1784,1.1832,1.1725,1.1758,3718724,-0.3306,1.2005,1.2044,0.4718,0.0107,2024,6,Jun,2,Monday,8.8704
2024-06-11,EUR/USD,Forex,1.1817,1.1819,1.1784,1.1788,3476859,0.2551,1.1984,1.2042,0.4625,0.0035,2024,6,Jun,2,Tuesday,9.1481
2024-06-12,EUR/USD,Forex,1.1715,1.1734,1.1679,1.1708,10932374,-0.6787,1.1959,1.204,0.4746,0.0055,2024,6,Jun,2,Wednesday,8.4074
2024-06-13,EUR/USD,Forex,1.1587,1.1628,1.1572,1.1619,4939577,-0.7602,1.1927,1.2036,0.4649,0.0056,2024,6,Jun,2,Thursday,7.5833
2024-06-14,EUR/USD,Forex,1.1604,1.1699,1.1594,1.1637,1748830,0.1549,1.1897,1.2032,0.4728,0.0105,2024,6,Jun,2,Friday,7.75
2024-06-17,EUR/USD,Forex,1.1637,1.166,1.1612,1.1636,7021282,-0.0086,1.1869,1.2028,0.473,0.0048,2024,6,Jun,2,Monday,7.7407
2024-06-18,EUR/USD,Forex,1.1632,1.1708,1.1584,1.1648,4192869,0.1031,1.1843,1.2024,0.4785,0.0124,2024,6,Jun,2,Tuesday,7.8519
2024-06-19,EUR/USD,Forex,1.1681,1.1691,1.167,1.1672,4928197,0.206,1.1818,1.2019,0.4858,0.0021,2024,6,Jun,2,Wednesday,8.0741
2024-06-20,EUR/USD,Forex,1.1654,1.1693,1.1594,1.1676,11125313,0.0343,1.18,1.2014,0.4344,0.0099,2024,6,Jun,2,Thursday,8.1111
2024-06-21,EUR/USD,Forex,1.173,1.1732,1.1698,1.172,7034284,0.3768,1.1785,1.2011,0.45,0.0034,2024,6,Jun,2,Friday,8.5185
2024-06-24,EUR/USD,Forex,1.1757,1.1784,1.1707,1.1727,3908748,0.0597,1.1775,1.2009,0.4226,0.0077,2024,6,Jun,2,Monday,8.5833
2024-06-25,EUR/USD,Forex,1.1615,1.167,1.1554,1.1586,5351446,-1.2024,1.1755,1.2004,0.4747,0.0116,2024,6,Jun,2,Tuesday,7.2778
2024-06-26,EUR/USD,Forex,1.1457,1.1482,1.1434,1.1465,8191168,-1.0444,1.1736,1.1992,0.4845,0.0048,2024,6,Jun,2,Wednesday,6.1574
2024-06-27,EUR/USD,Forex,1.1576,1.1677,1.1524,1.1599,4593728,1.1688,1.1719,1.1982,0.5438,0.0153,2024,6,Jun,2,Thursday,7.3981
2024-06-28,EUR/USD,Forex,1.1621,1.1666,1.1575,1.1599,4997035,0.0,1.1703,1.1972,0.5442,0.0091,2024,6,Jun,2,Friday,7.3981
2024-07-01,EUR/USD,Forex,1.1646,1.1702,1.1634,1.1666,6794719,0.5776,1.1693,1.1963,0.5643,0.0068,2024,7,Jul,3,Monday,8.0185
2024-07-02,EUR/USD,Forex,1.1627,1.1662,1.1597,1.1642,7783890,-0.2057,1.1681,1.1952,0.5614,0.0065,2024,7,Jul,3,Tuesday,7.7963
2024-07-03,EUR/USD,Forex,1.165,1.1685,1.1593,1.1639,1461846,-0.0258,1.1672,1.194,0.5532,0.0092,2024,7,Jul,3,Wednesday,7.7685
2024-07-04,EUR/USD,Forex,1.1639,1.1661,1.1574,1.1608,3785955,-0.2663,1.166,1.1931,0.5513,0.0087,2024,7,Jul,3,Thursday,7.4815
2024-07-05,EUR/USD,Forex,1.1771,1.1823,1.1733,1.178,4136264,1.4817,1.1659,1.1925,0.6481,0.009,2024,7,Jul,3,Friday,9.0741
2024-07-08,EUR/USD,Forex,1.1816,1.1879,1.179,1.1799,6824167,0.1613,1.1661,1.192,0.6445,0.0089,2024,7,Jul,3,Monday,9.25
2024-07-09,EUR/USD,Forex,1.1757,1.1771,1.173,1.1761,7909159,-0.3221,1.1659,1.1915,0.6463,0.0041,2024,7,Jul,3,Tuesday,8.8981
2024-07-10,EUR/USD,Forex,1.1666,1.1668,1.1618,1.1645,2828600,-0.9863,1.1656,1.1907,0.6664,0.005,2024,7,Jul,3,Wednesday,7.8241
2024-07-11,EUR/USD,Forex,1.1424,1.1438,1.1371,1.1435,11038774,-1.8033,1.1647,1.1891,0.7611,0.0067,2024,7,Jul,3,Thursday,5.8796
2024-07-12,EUR/USD,Forex,1.1431,1.1476,1.14,1.1424,4926845,-0.0962,1.1636,1.1874,0.7591,0.0076,2024,7,Jul,3,Friday,5.7778
2024-07-15,EUR/USD,Forex,1.1443,1.1499,1.1387,1.1475,8145317,0.4464,1.1628,1.1857,0.7684,0.0112,2024,7,Jul,3,Monday,6.25
2024-07-16,EUR/USD,Forex,1.1501,1.1576,1.1471,1.1535,3701292,0.5229,1.1623,1.1838,0.779,0.0105,2024,7,Jul,3,Tuesday,6.8056
2024-07-17,EUR/USD,Forex,1.1481,1.1535,1.1453,1.1504,2206005,-0.2687,1.1614,1.182,0.7781,0.0082,2024,7,Jul,3,Wednesday,6.5185
2024-07-18,EUR/USD,Forex,1.1556,1.1562,1.1518,1.1551,9189131,0.4086,1.1608,1.1805,0.7852,0.0044,2024,7,Jul,3,Thursday,6.9537
2024-07-19,EUR/USD,Forex,1.1516,1.1551,1.1468,1.1509,5324555,-0.3636,1.1597,1.1789,0.7814,0.0083,2024,7,Jul,3,Friday,6.5648
2024-07-22,EUR/USD,Forex,1.1423,1.1477,1.1421,1.1441,3135307,-0.5908,1.1583,1.1772,0.7885,0.0056,2024,7,Jul,3,Monday,5.9352
2024-07-23,EUR/USD,Forex,1.1528,1.156,1.1491,1.1522,11210177,0.708,1.158,1.1758,0.7659,0.0069,2024,7,Jul,3,Tuesday,6.6852
2024-07-24,EUR/USD,Forex,1.1513,1.1513,1.1505,1.1512,3885134,-0.0868,1.1582,1.1744,0.7278,0.0008,2024,7,Jul,3,Wednesday,6.5926
2024-07-25,EUR/USD,Forex,1.1519,1.1596,1.1489,1.1548,2814538,0.3127,1.158,1.173,0.6805,0.0107,2024,7,Jul,3,Thursday,6.9259
2024-07-26,EUR/USD,Forex,1.1597,1.1618,1.156,1.1577,7870403,0.2511,1.1579,1.1717,0.6832,0.0058,2024,7,Jul,3,Friday,7.1944
2024-07-29,EUR/USD,Forex,1.1592,1.1637,1.1579,1.1622,2105738,0.3887,1.1576,1.1705,0.676,0.0058,2024,7,Jul,3,Monday,7.6111
2024-07-30,EUR/USD,Forex,1.1495,1.1526,1.1429,1.1514,8786151,-0.9293,1.157,1.1692,0.7053,0.0097,2024,7,Jul,3,Tuesday,6.6111
2024-07-31,EUR/USD,Forex,1.1449,1.1553,1.1425,1.1474,3915861,-0.3474,1.1562,1.1678,0.7083,0.0128,2024,7,Jul,3,Wednesday,6.2407
2024-08-01,EUR/USD,Forex,1.1461,1.147,1.1383,1.1452,2527467,-0.1917,1.1554,1.1667,0.7074,0.0087,2024,8,Aug,3,Thursday,6.037
2024-08-02,EUR/USD,Forex,1.1377,1.1437,1.1338,1.1396,5232803,-0.489,1.1535,1.1654,0.6114,0.0099,2024,8,Aug,3,Friday,5.5185
2024-08-05,EUR/USD,Forex,1.1419,1.1447,1.1411,1.1426,4710193,0.2633,1.1516,1.1644,0.6146,0.0036,2024,8,Aug,3,Monday,5.7963
2024-08-06,EUR/USD,Forex,1.152,1.1549,1.1444,1.1508,6359245,0.7177,1.1504,1.1635,0.6434,0.0105,2024,8,Aug,3,Tuesday,6.5556
2024-08-07,EUR/USD,Forex,1.1586,1.1628,1.1538,1.1601,13237666,0.8081,1.1501,1.163,0.6394,0.009,2024,8,Aug,3,Wednesday,7.4167
2024-08-08,EUR/USD,Forex,1.1544,1.1587,1.1537,1.1578,1743315,-0.1983,1.1508,1.1622,0.4856,0.005,2024,8,Aug,3,Thursday,7.2037
2024-08-09,EUR/USD,Forex,1.1588,1.1603,1.1583,1.1599,4984044,0.1814,1.1517,1.1616,0.4847,0.002,2024,8,Aug,3,Friday,7.3981
2024-08-12,EUR/USD,Forex,1.1624,1.1645,1.1583,1.163,4133718,0.2673,1.1525,1.1611,0.4792,0.0062,2024,8,Aug,3,Monday,7.6852
2024-08-13,EUR/USD,Forex,1.1643,1.1683,1.1641,1.1674,4138099,0.3783,1.1532,1.1607,0.473,0.0042,2024,8,Aug,3,Tuesday,8.0926
2024-08-14,EUR/USD,Forex,1.1608,1.1632,1.1587,1.1613,4108198,-0.5225,1.1537,1.1603,0.4856,0.0045,2024,8,Aug,3,Wednesday,7.5278
2024-08-15,EUR/USD,Forex,1.1774,1.1776,1.1724,1.1741,1972362,1.1022,1.1547,1.1601,0.5349,0.0052,2024,8,Aug,3,Thursday,8.713
2024-08-16,EUR/USD,Forex,1.1791,1.1811,1.1729,1.1807,3155957,0.5621,1.1562,1.1601,0.5343,0.0082,2024,8,Aug,3,Friday,9.3241
2024-08-19,EUR/USD,Forex,1.1849,1.1903,1.1799,1.1875,4993309,0.5759,1.1583,1.1603,0.5149,0.0104,2024,8,Aug,3,Monday,9.9537
2024-08-20,EUR/USD,Forex,1.1945,1.1989,1.1927,1.1961,5937571,0.7242,1.1605,1.1607,0.5157,0.0062,2024,8,Aug,3,Tuesday,10.75
2024-08-21,EUR/USD,Forex,1.2033,1.207,1.197,1.2,4044942,0.3261,1.163,1.1613,0.5124,0.01,2024,8,Aug,3,Wednesday,11.1111
2024-08-22,EUR/USD,Forex,1.1959,1.1992,1.191,1.1927,3565856,-0.6083,1.1649,1.1619,0.5431,0.0082,2024,8,Aug,3,Thursday,10.4352
2024-08-23,EUR/USD,Forex,1.1882,1.1938,1.1851,1.1917,4540241,-0.0838,1.1666,1.1624,0.5454,0.0087,2024,8,Aug,3,Friday,10.3426
2024-08-26,EUR/USD,Forex,1.1828,1.1838,1.1787,1.18,9964526,-0.9818,1.1675,1.1628,0.597,0.0051,2024,8,Aug,3,Monday,9.2593
2024-08-27,EUR/USD,Forex,1.1838,1.1854,1.1739,1.183,6065767,0.2542,1.169,1.1631,0.5486,0.0115,2024,8,Aug,3,Tuesday,9.537
2024-08-28,EUR/USD,Forex,1.179,1.1827,1.1789,1.1818,5103829,-0.1014,1.1708,1.1634,0.5398,0.0038,2024,8,Aug,3,Wednesday,9.4259
2024-08-29,EUR/USD,Forex,1.1802,1.1847,1.1718,1.1816,9438943,-0.0169,1.1726,1.1637,0.5354,0.0129,2024,8,Aug,3,Thursday,9.4074
2024-08-30,EUR/USD,Forex,1.1908,1.1919,1.1865,1.1902,4317831,0.7278,1.1751,1.1641,0.5271,0.0054,2024,8,Aug,3,Friday,10.2037
2024-09-02,EUR/USD,Forex,1.1891,1.1891,1.1843,1.187,3742551,-0.2689,1.1773,1.1643,0.5381,0.0048,2024,9,Sep,3,Monday,9.9074
2024-09-03,EUR/USD,Forex,1.1836,1.1854,1.1835,1.1853,2372102,-0.1432,1.1791,1.1649,0.5282,0.0019,2024,9,Sep,3,Tuesday,9.75
2024-09-04,EUR/USD,Forex,1.1856,1.1858,1.1847,1.1855,2890097,0.0169,1.1803,1.1657,0.5053,0.0011,2024,9,Sep,3,Wednesday,9.7685
2024-09-05,EUR/USD,Forex,1.1732,1.1737,1.1702,1.1725,2972129,-1.0966,1.1811,1.1659,0.5699,0.0035,2024,9,Sep,3,Thursday,8.5648
2024-09-06,EUR/USD,Forex,1.1714,1.1742,1.1644,1.1706,9130695,-0.162,1.1816,1.1661,0.5714,0.0098,2024,9,Sep,3,Friday,8.3889
2024-09-09,EUR/USD,Forex,1.1509,1.1564,1.1485,1.1532,1794671,-1.4864,1.1811,1.1659,0.6631,0.0079,2024,9,Sep,3,Monday,6.7778
2024-09-10,EUR/USD,Forex,1.1481,1.1566,1.1476,1.1493,5241729,-0.3382,1.1802,1.1656,0.6586,0.009,2024,9,Sep,3,Tuesday,6.4167
2024-09-11,EUR/USD,Forex,1.1585,1.1595,1.1538,1.1552,8023814,0.5134,1.1799,1.1654,0.6624,0.0057,2024,9,Sep,3,Wednesday,6.963
2024-09-12,EUR/USD,Forex,1.1554,1.1596,1.1502,1.1584,2830085,0.277,1.1791,1.1653,0.6124,0.0094,2024,9,Sep,3,Thursday,7.2593
2024-09-13,EUR/USD,Forex,1.1577,1.1598,1.1466,1.1543,4337544,-0.3539,1.1778,1.1649,0.597,0.0132,2024,9,Sep,3,Friday,6.8796
2024-09-16,EUR/USD,Forex,1.158,1.159,1.151,1.1546,4678117,0.026,1.1762,1.1644,0.576,0.008,2024,9,Sep,3,Monday,6.9074
2024-09-17,EUR/USD,Forex,1.1453,1.1475,1.1392,1.1472,3802799,-0.6409,1.1737,1.1638,0.5486,0.0083,2024,9,Sep,3,Tuesday,6.2222
2024-09-18,EUR/USD,Forex,1.145,1.1542,1.1432,1.1473,4509489,0.0087,1.1711,1.1634,0.5368,0.011,2024,9,Sep,3,Wednesday,6.2315
2024-09-19,EUR/USD,Forex,1.1702,1.1724,1.1649,1.1675,4164855,1.7607,1.1698,1.1639,0.6875,0.0075,2024,9,Sep,3,Thursday,8.1019
2024-09-20,EUR/USD,Forex,1.179,1.1881,1.1761,1.1805,6345996,1.1135,1.1692,1.1647,0.7395,0.012,2024,9,Sep,3,Friday,9.3056
2024-09-23,EUR/USD,Forex,1.1794,1.1837,1.1755,1.1809,6507211,0.0339,1.1693,1.1653,0.7059,0.0082,2024,9,Sep,3,Monday,9.3426
2024-09-24,EUR/USD,Forex,1.1792,1.1862,1.1783,1.1821,16340303,0.1016,1.1692,1.1659,0.7039,0.0079,2024,9,Sep,3,Tuesday,9.4537
2024-09-25,EUR/USD,Forex,1.1725,1.1778,1.1654,1.1752,3671313,-0.5837,1.1689,1.1664,0.7157,0.0124,2024,9,Sep,3,Wednesday,8.8148
2024-09-26,EUR/USD,Forex,1.1696,1.1738,1.1671,1.1696,5801486,-0.4765,1.1683,1.1667,0.7227,0.0067,2024,9,Sep,3,Thursday,8.2963
2024-09-27,EUR/USD,Forex,1.1745,1.1777,1.1664,1.1722,8068915,0.2223,1.1674,1.1671,0.7027,0.0113,2024,9,Sep,3,Friday,8.537
2024-09-30,EUR/USD,Forex,1.1702,1.1734,1.1631,1.1686,5851595,-0.3071,1.1665,1.1676,0.7033,0.0103,2024,9,Sep,3,Monday,8.2037
2024-10-01,EUR/USD,Forex,1.1733,1.1786,1.1721,1.175,9413334,0.5477,1.166,1.1681,0.7167,0.0065,2024,10,Oct,4,Tuesday,8.7963
2024-10-02,EUR/USD,Forex,1.1885,1.1924,1.182,1.1861,3481026,0.9447,1.166,1.1688,0.7499,0.0104,2024,10,Oct,4,Wednesday,9.8241
2024-10-03,EUR/USD,Forex,1.1909,1.1917,1.1853,1.1886,11026701,0.2108,1.1668,1.1695,0.7044,0.0064,2024,10,Oct,4,Thursday,10.0556
2024-10-04,EUR/USD,Forex,1.1885,1.1954,1.1869,1.1893,10879257,0.0589,1.1678,1.1701,0.7023,0.0085,2024,10,Oct,4,Friday,10.1204
2024-10-07,EUR/USD,Forex,1.1787,1.1845,1.177,1.1774,10459871,-1.0006,1.169,1.1704,0.6518,0.0075,2024,10,Oct,4,Monday,9.0185
2024-10-08,EUR/USD,Forex,1.1861,1.1885,1.1806,1.1827,4594548,0.4501,1.1706,1.171,0.6473,0.0079,2024,10,Oct,4,Tuesday,9.5093
2024-10-09,EUR/USD,Forex,1.1781,1.18,1.1742,1.1747,4313541,-0.6764,1.1716,1.1716,0.6661,0.0058,2024,10,Oct,4,Wednesday,8.7685
2024-10-10,EUR/USD,Forex,1.1692,1.1744,1.1644,1.1718,5014323,-0.2469,1.1723,1.1721,0.6685,0.01,2024,10,Oct,4,Thursday,8.5
2024-10-11,EUR/USD,Forex,1.176,1.1793,1.1667,1.1786,2896461,0.5803,1.1735,1.1729,0.6707,0.0126,2024,10,Oct,4,Friday,9.1296
2024-10-14,EUR/USD,Forex,1.1853,1.1898,1.185,1.1859,4389404,0.6194,1.1751,1.1737,0.68,0.0048,2024,10,Oct,4,Monday,9.8056
2024-10-15,EUR/USD,Forex,1.1821,1.1835,1.1798,1.1827,2363220,-0.2698,1.1768,1.1744,0.6626,0.0037,2024,10,Oct,4,Tuesday,9.5093
2024-10-16,EUR/USD,Forex,1.1827,1.185,1.1793,1.1798,6337338,-0.2452,1.1785,1.1748,0.6679,0.0057,2024,10,Oct,4,Wednesday,9.2407
2024-10-17,EUR/USD,Forex,1.1752,1.177,1.1734,1.175,3610179,-0.4068,1.1788,1.1751,0.5583,0.0036,2024,10,Oct,4,Thursday,8.7963
2024-10-18,EUR/USD,Forex,1.1644,1.1692,1.1586,1.1666,9252501,-0.7149,1.1781,1.1752,0.5205,0.0106,2024,10,Oct,4,Friday,8.0185
2024-10-21,EUR/USD,Forex,1.1654,1.1661,1.1533,1.1622,3484143,-0.3772,1.1772,1.1752,0.5248,0.0128,2024,10,Oct,4,Monday,7.6111
2024-10-22,EUR/USD,Forex,1.1507,1.1511,1.1472,1.151,3110797,-0.9637,1.1756,1.1749,0.5586,0.0039,2024,10,Oct,4,Tuesday,6.5741
2024-10-23,EUR/USD,Forex,1.1538,1.1599,1.1492,1.1558,5315316,0.417,1.1747,1.1748,0.5608,0.0107,2024,10,Oct,4,Wednesday,7.0185
2024-10-24,EUR/USD,Forex,1.1619,1.1644,1.1566,1.1586,4836798,0.2423,1.1741,1.1745,0.5571,0.0078,2024,10,Oct,4,Thursday,7.2778
2024-10-25,EUR/USD,Forex,1.1633,1.1656,1.159,1.1625,3693154,0.3366,1.1736,1.1741,0.5606,0.0066,2024,10,Oct,4,Friday,7.6389
2024-10-28,EUR/USD,Forex,1.154,1.1598,1.1528,1.1559,7005113,-0.5677,1.173,1.1735,0.5701,0.007,2024,10,Oct,4,Monday,7.0278
2024-10-29,EUR/USD,Forex,1.1448,1.1481,1.1419,1.1477,4662582,-0.7094,1.1716,1.1725,0.5697,0.0062,2024,10,Oct,4,Tuesday,6.2685
2024-10-30,EUR/USD,Forex,1.1485,1.1517,1.1445,1.1481,2912010,0.0349,1.1697,1.1715,0.5141,0.0072,2024,10,Oct,4,Wednesday,6.3056
2024-10-31,EUR/USD,Forex,1.1481,1.1505,1.1472,1.1486,6270421,0.0436,1.1677,1.1706,0.5091,0.0033,2024,10,Oct,4,Thursday,6.3519
2024-11-01,EUR/USD,Forex,1.145,1.1491,1.1438,1.1477,2113109,-0.0784,1.1657,1.1697,0.5068,0.0053,2024,11,Nov,4,Friday,6.2685
2024-11-04,EUR/USD,Forex,1.1443,1.1473,1.1417,1.1457,9230091,-0.1743,1.1641,1.169,0.4683,0.0056,2024,11,Nov,4,Monday,6.0833
2024-11-05,EUR/USD,Forex,1.1566,1.1586,1.155,1.1575,1736127,1.0299,1.1628,1.1685,0.5214,0.0036,2024,11,Nov,4,Tuesday,7.1759
2024-11-06,EUR/USD,Forex,1.2195,1.2224,1.2142,1.2184,2056249,5.2613,1.165,1.1693,1.2955,0.0082,2024,11,Nov,4,Wednesday,12.8148
2024-11-07,EUR/USD,Forex,1.2345,1.2396,1.231,1.2329,3518551,1.1901,1.1681,1.1703,1.3098,0.0086,2024,11,Nov,4,Thursday,14.1574
2024-11-08,EUR/USD,Forex,1.2418,1.243,1.2383,1.2423,1545326,0.7624,1.1712,1.1713,1.3127,0.0047,2024,11,Nov,4,Friday,15.0278
2024-11-11,EUR/USD,Forex,1.2559,1.2602,1.2536,1.2551,6036148,1.0303,1.1747,1.1727,1.3216,0.0066,2024,11,Nov,4,Monday,16.213
2024-11-12,EUR/USD,Forex,1.2483,1.2501,1.2465,1.2471,8736489,-0.6374,1.1779,1.1739,1.3324,0.0036,2024,11,Nov,4,Tuesday,15.4722
2024-11-13,EUR/USD,Forex,1.2547,1.2562,1.2449,1.2516,4839684,0.3608,1.1815,1.1752,1.3268,0.0113,2024,11,Nov,4,Wednesday,15.8889
2024-11-14,EUR/USD,Forex,1.2475,1.2495,1.2432,1.2484,4538721,-0.2557,1.1852,1.1768,1.323,0.0063,2024,11,Nov,4,Thursday,15.5926
2024-11-15,EUR/USD,Forex,1.2388,1.2439,1.23,1.236,8333331,-0.9933,1.1887,1.1781,1.3358,0.0139,2024,11,Nov,4,Friday,14.4444
2024-11-18,EUR/USD,Forex,1.2465,1.2501,1.2459,1.2472,4151366,0.9061,1.1929,1.1799,1.3325,0.0042,2024,11,Nov,4,Monday,15.4815
2024-11-19,EUR/USD,Forex,1.2485,1.2539,1.2384,1.245,5165604,-0.1764,1.1976,1.1819,1.3025,0.0155,2024,11,Nov,4,Tuesday,15.2778
2024-11-20,EUR/USD,Forex,1.2387,1.2396,1.2314,1.2372,4659723,-0.6265,1.2017,1.1835,1.3226,0.0082,2024,11,Nov,4,Wednesday,14.5556
2024-11-21,EUR/USD,Forex,1.2353,1.2401,1.2317,1.2342,5445152,-0.2425,1.2055,1.185,1.3291,0.0084,2024,11,Nov,4,Thursday,14.2778
2024-11-22,EUR/USD,Forex,1.2251,1.232,1.2223,1.2284,2695965,-0.4699,1.2088,1.1865,1.3409,0.0097,2024,11,Nov,4,Friday,13.7407
2024-11-25,EUR/USD,Forex,1.2231,1.2246,1.2175,1.2233,15072025,-0.4152,1.2121,1.1879,1.3362,0.0071,2024,11,Nov,4,Monday,13.2685
2024-11-26,EUR/USD,Forex,1.2248,1.2283,1.2171,1.2217,4413584,-0.1308,1.2158,1.1894,1.3196,0.0112,2024,11,Nov,4,Tuesday,13.1204
2024-11-27,EUR/USD,Forex,1.2363,1.2396,1.2328,1.2345,2475802,1.0477,1.2201,1.1911,1.3274,0.0068,2024,11,Nov,4,Wednesday,14.3056
2024-11-28,EUR/USD,Forex,1.2271,1.2298,1.2235,1.2296,3457609,-0.3969,1.2242,1.1924,1.3368,0.0063,2024,11,Nov,4,Thursday,13.8519
2024-11-29,EUR/USD,Forex,1.245,1.2463,1.2404,1.2419,4308116,1.0003,1.2289,1.1936,1.3403,0.0059,2024,11,Nov,4,Friday,14.9907
2024-12-02,EUR/USD,Forex,1.2461,1.2484,1.2407,1.2483,6514167,0.5153,1.234,1.1949,1.3335,0.0077,2024,12,Dec,4,Monday,15.5833
2024-12-03,EUR/USD,Forex,1.2504,1.2518,1.2484,1.2513,3400490,0.2403,1.2387,1.1963,1.3268,0.0034,2024,12,Dec,4,Tuesday,15.8611
2024-12-04,EUR/USD,Forex,1.255,1.2641,1.255,1.257,14059544,0.4555,1.2406,1.1979,0.6746,0.0091,2024,12,Dec,4,Wednesday,16.3889
2024-12-05,EUR/USD,Forex,1.2593,1.26,1.2537,1.2572,6958799,0.0159,1.2419,1.1997,0.6297,0.0063,2024,12,Dec,4,Thursday,16.4074
2024-12-06,EUR/USD,Forex,1.264,1.2722,1.2633,1.2669,5141693,0.7716,1.2431,1.2016,0.6302,0.0089,2024,12,Dec,4,Friday,17.3056
2024-12-09,EUR/USD,Forex,1.27,1.2746,1.267,1.2713,8644494,0.3473,1.2439,1.2036,0.5946,0.0076,2024,12,Dec,4,Monday,17.713
2024-12-10,EUR/USD,Forex,1.2623,1.273,1.2572,1.2587,4997035,-0.9911,1.2445,1.2053,0.6213,0.0158,2024,12,Dec,4,Tuesday,16.5463
2024-12-11,EUR/USD,Forex,1.2609,1.2683,1.2556,1.261,3351938,0.1827,1.245,1.2068,0.6179,0.0127,2024,12,Dec,4,Wednesday,16.7593
2024-12-12,EUR/USD,Forex,1.2704,1.272,1.2663,1.267,5598504,0.4758,1.2459,1.2084,0.6211,0.0057,2024,12,Dec,4,Thursday,17.3148
2024-12-13,EUR/USD,Forex,1.2655,1.2663,1.2624,1.2648,6664609,-0.1736,1.2473,1.2099,0.572,0.0039,2024,12,Dec,4,Friday,17.1111
2024-12-16,EUR/USD,Forex,1.2683,1.2732,1.2651,1.2659,5627533,0.087,1.2483,1.2117,0.541,0.0081,2024,12,Dec,4,Monday,17.213
2024-12-17,EUR/USD,Forex,1.2603,1.2655,1.26,1.2659,21676761,0.0,1.2493,1.2133,0.5381,0.0055,2024,12,Dec,4,Tuesday,17.213
2024-12-18,EUR/USD,Forex,1.2517,1.2549,1.2486,1.2509,6838133,-1.1849,1.25,1.2149,0.589,0.0063,2024,12,Dec,4,Wednesday,15.8241
2024-12-19,EUR/USD,Forex,1.2429,1.2505,1.2382,1.2393,8986647,-0.9273,1.2502,1.2162,0.6261,0.0123,2024,12,Dec,4,Thursday,14.75
2024-12-20,EUR/USD,Forex,1.2288,1.2298,1.2246,1.228,7246477,-0.9118,1.2502,1.2172,0.6516,0.0052,2024,12,Dec,4,Friday,13.7037
2024-12-23,EUR/USD,Forex,1.2328,1.2382,1.2311,1.233,3881956,0.4072,1.2507,1.2181,0.65,0.0071,2024,12,Dec,4,Monday,14.1667
2024-12-24,EUR/USD,Forex,1.2129,1.2161,1.2087,1.233,4050768,0.0,1.2513,1.2191,0.6488,0.0074,2024,12,Dec,4,Tuesday,14.1667
2024-12-25,EUR/USD,Forex,1.2079,1.2102,1.2039,1.2098,17035411,-1.8816,1.25,1.2197,0.736,0.0063,2024,12,Dec,4,Wednesday,12.0185
2024-12-26,EUR/USD,Forex,1.2054,1.2131,1.2025,1.2043,7720670,-0.4546,1.2488,1.2203,0.7374,0.0106,2024,12,Dec,4,Thursday,11.5093
2024-12-27,EUR/USD,Forex,1.2038,1.2056,1.1988,1.2023,3898396,-0.1661,1.2468,1.221,0.6903,0.0068,2024,12,Dec,4,Friday,11.3241
2024-12-30,EUR/USD,Forex,1.1889,1.1917,1.1874,1.189,6586459,-1.1062,1.2438,1.2216,0.702,0.0043,2024,12,Dec,4,Monday,10.0926
2024-12-31,EUR/USD,Forex,1.1894,1.1958,1.1884,1.1919,3523474,0.2439,1.2409,1.2224,0.7021,0.0074,2024,12,Dec,4,Tuesday,10.3611
2022-01-03,GOOGL,Technology,100.5926,101.7282,98.4795,100.0,1657402,,100.0,100.0,,3.2487,2022,1,Jan,1,Monday,
2022-01-04,GOOGL,Technology,94.5067,95.4554,93.5901,94.4824,5393888,-5.5176,97.2412,97.2412,,1.8653,2022,1,Jan,1,Tuesday,-5.5176
2022-01-05,GOOGL,Technology,93.8454,95.1354,91.9619,94.1713,3380620,-0.3293,96.2179,96.2179,3.6687,3.1735,2022,1,Jan,1,Wednesday,-5.8287
2022-01-06,GOOGL,Technology,97.4383,98.2342,95.3038,97.4498,7772846,3.4814,96.5259,96.5259,4.5171,2.9304,2022,1,Jan,1,Thursday,-2.5502
2022-01-07,GOOGL,Technology,97.7833,98.7873,96.9516,97.7165,6030693,0.2737,96.764,96.764,3.7262,1.8357,2022,1,Jan,1,Friday,-2.2835
2022-01-10,GOOGL,Technology,99.0838,100.6607,98.6076,99.2182,3485645,1.5368,97.173,97.173,3.3559,2.0531,2022,1,Jan,1,Monday,-0.7818
2022-01-11,GOOGL,Technology,100.226,100.364,99.3183,99.4461,3720230,0.2297,97.4978,97.4978,3.0048,1.0457,2022,1,Jan,1,Tuesday,-0.5539
2022-01-12,GOOGL,Technology,98.007,98.7779,97.7468,98.1486,3183912,-1.3047,97.5791,97.5791,2.7834,1.0311,2022,1,Jan,1,Wednesday,-1.8514
2022-01-13,GOOGL,Technology,93.0356,96.3077,91.6773,93.7773,7041333,-4.4538,97.1567,97.1567,2.9779,4.6304,2022,1,Jan,1,Thursday,-6.2227
2022-01-14,GOOGL,Technology,94.6942,94.8711,93.399,94.1907,3309482,0.4408,96.8601,96.8601,2.8142,1.4721,2022,1,Jan,1,Friday,-5.8093
2022-01-17,GOOGL,Technology,92.638,93.2151,91.2993,92.7579,1963000,-1.5212,96.4872,96.4872,2.6683,1.9158,2022,1,Jan,1,Monday,-7.2421
2022-01-18,GOOGL,Technology,91.4532,91.5133,89.7827,91.301,4615409,-1.5706,96.055,96.055,2.5444,1.7306,2022,1,Jan,1,Tuesday,-8.699
2022-01-19,GOOGL,Technology,89.5973,90.6373,88.8848,90.4172,6297291,-0.968,95.6213,95.6213,2.4265,1.7525,2022,1,Jan,1,Wednesday,-9.5828
2022-01-20,GOOGL,Technology,93.4762,93.7402,92.8093,93.5996,8373970,3.5197,95.4769,95.4769,2.615,0.9309,2022,1,Jan,1,Thursday,-6.4004
2022-01-21,GOOGL,Technology,97.7308,98.5105,97.0207,98.1296,4391000,4.8398,95.6537,95.6537,2.8862,1.4898,2022,1,Jan,1,Friday,-1.8704
2022-01-24,GOOGL,Technology,99.3759,99.5225,98.4164,98.5853,5223322,0.4644,95.837,95.837,2.785,1.1061,2022,1,Jan,1,Monday,-1.4147
2022-01-25,GOOGL,Technology,97.6443,97.7142,96.2755,97.6985,17745064,-0.8995,95.9465,95.9465,2.6988,1.4387,2022,1,Jan,1,Tuesday,-2.3015
2022-01-26,GOOGL,Technology,95.0873,95.7867,94.7857,95.4275,6695123,-2.3245,95.9176,95.9176,2.6677,1.001,2022,1,Jan,1,Wednesday,-4.5725
2022-01-27,GOOGL,Technology,96.1753,97.5876,95.5856,96.3504,4055889,0.9671,95.9404,95.9404,2.6036,2.002,2022,1,Jan,1,Thursday,-3.6496
2022-01-28,GOOGL,Technology,100.2146,102.404,98.861,99.815,4860025,3.5958,96.1341,96.1341,2.674,3.543,2022,1,Jan,1,Friday,-0.185
2022-01-31,GOOGL,Technology,98.7425,100.2358,98.1299,99.3511,2863590,-0.4648,96.1017,96.2873,2.605,2.1059,2022,1,Jan,1,Monday,-0.6489
2022-02-01,GOOGL,Technology,95.4324,96.6852,94.2412,94.6538,7754022,-4.728,96.1103,96.2131,2.5216,2.444,2022,2,Feb,1,Tuesday,-5.3462
2022-02-02,GOOGL,Technology,96.4272,96.7646,95.8471,95.9507,8620193,1.3702,96.1992,96.2017,2.5371,0.9175,2022,2,Feb,1,Wednesday,-4.0493
2022-02-03,GOOGL,Technology,98.3635,98.7413,96.9742,97.8705,5664636,2.0008,96.2203,96.2712,2.4543,1.7671,2022,2,Feb,1,Thursday,-2.1295
2022-02-04,GOOGL,Technology,95.6092,97.9228,94.3564,94.7957,2935447,-3.1417,96.0742,96.2122,2.5547,3.5664,2022,2,Feb,1,Friday,-5.2043
2022-02-07,GOOGL,Technology,94.7605,95.9292,94.5409,94.7957,5261057,0.0,95.8531,96.1577,2.5251,1.3883,2022,2,Feb,1,Monday,-5.2043
2022-02-08,GOOGL,Technology,96.6956,96.9898,94.6459,96.046,5325031,1.3189,95.6831,96.1536,2.5465,2.3439,2022,2,Feb,1,Tuesday,-3.954
2022-02-09,GOOGL,Technology,95.9818,97.5456,95.5791,95.9344,3724047,-0.1162,95.5724,96.1457,2.5318,1.9665,2022,2,Feb,1,Wednesday,-4.0656
2022-02-10,GOOGL,Technology,94.1891,95.6297,94.1255,94.4459,6588093,-1.5516,95.6058,96.0871,2.3443,1.5042,2022,2,Feb,1,Thursday,-5.5541
2022-02-11,GOOGL,Technology,96.8851,97.6923,95.5298,96.3933,7941314,2.0619,95.716,96.0973,2.3858,2.1625,2022,2,Feb,1,Friday,-3.6067
2022-02-14,GOOGL,Technology,95.5971,95.8058,95.1731,95.6445,5476635,-0.7768,95.8603,96.0827,2.3642,0.6327,2022,2,Feb,1,Monday,-4.3555
2022-02-15,GOOGL,Technology,93.4393,93.6564,91.7508,92.8322,6835277,-2.9404,95.9368,95.9811,2.4363,1.9056,2022,2,Feb,1,Tuesday,-7.1678
2022-02-16,GOOGL,Technology,88.934,89.2057,86.8807,89.0549,11472281,-4.069,95.8687,95.7713,2.6017,2.325,2022,2,Feb,1,Wednesday,-10.9451
2022-02-17,GOOGL,Technology,91.4457,92.0185,91.29,91.3274,4646887,2.5518,95.7551,95.6406,2.5402,0.7285,2022,2,Feb,1,Thursday,-8.6726
2022-02-18,GOOGL,Technology,92.6456,93.5764,91.7255,92.4811,3006666,1.2633,95.4727,95.5503,2.2881,1.8509,2022,2,Feb,1,Friday,-7.5189
2022-02-21,GOOGL,Technology,91.9287,92.7316,91.8426,92.6716,3798003,0.206,95.177,95.4703,2.2844,0.889,2022,2,Feb,1,Monday,-7.3284
2022-02-22,GOOGL,Technology,90.9902,92.352,90.5787,91.8834,5881173,-0.8505,94.8863,95.3734,2.2838,1.7733,2022,2,Feb,1,Tuesday,-8.1166
2022-02-23,GOOGL,Technology,91.1464,91.6905,90.1488,90.9388,6794870,-1.028,94.6618,95.2567,2.2407,1.5417,2022,2,Feb,1,Wednesday,-9.0612
2022-02-24,GOOGL,Technology,84.9406,85.3998,84.5701,85.372,11469041,-6.1215,94.1129,95.0032,2.5788,0.8297,2022,2,Feb,1,Thursday,-14.628
2022-02-25,GOOGL,Technology,84.3186,85.3097,84.2519,84.6609,3636476,-0.8329,93.3552,94.7447,2.385,1.0578,2022,2,Feb,1,Friday,-15.3391
2022-02-28,GOOGL,Technology,81.4622,82.0631,80.9227,81.0966,4588002,-4.2101,92.4425,94.4118,2.5021,1.1404,2022,2,Feb,1,Monday,-18.9034
2022-03-01,GOOGL,Technology,80.4218,80.441,79.5189,79.927,3358889,-1.4422,91.7061,94.0669,2.346,0.9221,2022,3,Mar,1,Tuesday,-20.073
2022-03-02,GOOGL,Technology,78.9524,80.5659,77.9761,79.454,4503277,-0.5918,90.8813,93.7271,2.2902,2.5898,2022,3,Mar,1,Wednesday,-20.546
2022-03-03,GOOGL,Technology,81.2225,81.3738,79.7622,80.447,6973415,1.2498,90.0101,93.4253,2.2456,1.6116,2022,3,Mar,1,Thursday,-19.553
2022-03-04,GOOGL,Technology,80.6677,82.4444,80.2918,80.4069,3035242,-0.0498,89.2907,93.136,2.1927,2.1526,2022,3,Mar,1,Friday,-19.5931
2022-03-07,GOOGL,Technology,81.3616,82.433,80.851,81.7093,2882894,1.6198,88.6364,92.8876,2.2527,1.582,2022,3,Mar,1,Monday,-18.2907
2022-03-08,GOOGL,Technology,83.9537,84.5683,83.6552,83.9386,7009832,2.7283,88.031,92.6972,2.3401,0.9131,2022,3,Mar,1,Tuesday,-16.0614
2022-03-09,GOOGL,Technology,85.5595,86.3836,83.7058,85.7402,6287933,2.1463,87.5213,92.5522,2.4203,2.6778,2022,3,Mar,1,Wednesday,-14.2598
2022-03-10,GOOGL,Technology,86.3375,87.5292,85.9599,86.5727,6746053,0.971,87.1276,92.4302,2.43,1.5693,2022,3,Mar,1,Thursday,-13.4273
2022-03-11,GOOGL,Technology,86.8107,87.8578,86.129,86.6193,4814356,0.0538,86.6389,92.314,2.3633,1.7288,2022,3,Mar,1,Friday,-13.3807
2022-03-14,GOOGL,Technology,84.4785,86.2522,84.0823,84.9461,4042949,-1.9317,86.104,92.0129,2.3843,2.1699,2022,3,Mar,1,Monday,-15.0539
2022-03-15,GOOGL,Technology,86.7067,86.8382,84.8909,86.2287,15128840,1.5099,85.7738,91.8478,2.3583,1.9473,2022,3,Mar,1,Tuesday,-13.7713
2022-03-16,GOOGL,Technology,89.8239,91.0254,89.023,89.1514,8593131,3.3895,85.7786,91.7474,2.3274,2.0024,2022,3,Mar,1,Wednesday,-10.8486
2022-03-17,GOOGL,Technology,88.9179,91.5055,87.7283,89.7882,13481117,0.7143,85.7017,91.5942,2.2579,3.7772,2022,3,Mar,1,Thursday,-10.2118
2022-03-18,GOOGL,Technology,92.6129,93.9642,91.5997,93.2581,6425392,3.8645,85.7405,91.505,2.4081,2.3645,2022,3,Mar,1,Friday,-6.7419
2022-03-21,GOOGL,Technology,90.8937,92.0393,89.5624,90.4406,4724957,-3.0212,85.629,91.3295,2.5046,2.4769,2022,3,Mar,1,Monday,-9.5594
2022-03-22,GOOGL,Technology,88.7425,89.2332,87.7748,88.3801,3642649,-2.2783,85.4538,91.1081,2.5474,1.4584,2022,3,Mar,1,Tuesday,-11.6199
2022-03-23,GOOGL,Technology,90.1534,91.7539,88.9613,89.9182,17499325,1.7403,85.4028,90.9435,2.573,2.7926,2022,3,Mar,1,Wednesday,-10.0818
2022-03-24,GOOGL,Technology,90.3707,90.8289,89.8353,90.4205,12121109,0.5586,85.6552,90.8764,2.1364,0.9936,2022,3,Mar,1,Thursday,-9.5795
2022-03-25,GOOGL,Technology,92.2708,93.7965,91.4927,92.8235,3703463,2.6576,86.0634,90.8491,2.1803,2.3038,2022,3,Mar,1,Friday,-7.1765
2022-03-28,GOOGL,Technology,93.6748,94.2257,92.0316,92.8226,5012291,-0.001,86.6496,90.8504,1.8868,2.1941,2022,3,Mar,1,Monday,-7.1774
2022-03-29,GOOGL,Technology,91.6164,92.0108,91.0277,91.2391,3144803,-1.7059,87.2153,90.8491,1.9033,0.9831,2022,3,Mar,1,Tuesday,-8.7609
2022-03-30,GOOGL,Technology,91.3977,92.5686,89.9374,90.8767,3852683,-0.3972,87.7864,90.8583,1.897,2.6312,2022,3,Mar,1,Wednesday,-9.1233
2022-03-31,GOOGL,Technology,87.4674,88.5544,86.5721,88.1183,2089777,-3.0353,88.17,90.7487,2.0651,1.9823,2022,3,Mar,1,Thursday,-11.8817
2022-04-01,GOOGL,Technology,86.61,87.5192,85.9233,86.1557,3469739,-2.2272,88.4574,90.5092,2.1499,1.5959,2022,4,Apr,2,Friday,-13.8443
2022-04-04,GOOGL,Technology,88.4498,89.2246,86.5897,87.8572,6356447,1.9749,88.7648,90.2946,2.1623,2.6349,2022,4,Apr,2,Monday,-12.1428
2022-04-05,GOOGL,Technology,89.6753,90.9121,88.9929,89.4172,5867001,1.7756,89.0387,90.129,2.118,1.9192,2022,4,Apr,2,Tuesday,-10.5828
2022-04-06,GOOGL,Technology,90.6936,91.2688,88.5637,90.0932,5903105,0.756,89.2564,90.0223,2.0779,2.7051,2022,4,Apr,2,Wednesday,-9.9068
2022-04-07,GOOGL,Technology,86.4999,87.5813,86.2941,87.019,1239657,-3.4122,89.2787,89.8357,2.2258,1.2872,2022,4,Apr,2,Thursday,-12.981
2022-04-08,GOOGL,Technology,85.6526,86.4739,83.9879,86.4214,5207378,-0.6867,89.2688,89.5678,2.2319,2.486,2022,4,Apr,2,Friday,-13.5786
2022-04-11,GOOGL,Technology,83.8728,85.3241,83.6057,84.33,3224661,-2.42,89.238,89.2674,2.2568,1.7184,2022,4,Apr,2,Monday,-15.67
2022-04-12,GOOGL,Technology,85.9173,86.7946,85.9108,86.3396,8011734,2.383,89.2435,89.1011,2.2959,0.8838,2022,4,Apr,2,Tuesday,-13.6604
2022-04-13,GOOGL,Technology,85.6151,85.7699,84.3629,85.3576,4800711,-1.1374,89.0538,88.8893,2.1669,1.407,2022,4,Apr,2,Wednesday,-14.6424
2022-04-14,GOOGL,Technology,83.4818,83.8648,82.8891,83.5296,7952177,-2.1416,88.7409,88.6024,2.1978,0.9757,2022,4,Apr,2,Thursday,-16.4704
2022-04-15,GOOGL,Technology,84.3366,84.5109,83.6033,83.6045,3570156,0.0897,88.2582,88.3786,1.968,0.9076,2022,4,Apr,2,Friday,-16.3955
2022-04-18,GOOGL,Technology,82.3527,83.575,81.9172,82.5592,6248599,-1.2503,87.8642,88.1339,1.888,1.6578,2022,4,Apr,2,Monday,-17.4408
2022-04-19,GOOGL,Technology,85.3888,86.8533,84.8214,82.5592,4323240,0.0,87.5731,87.8642,1.8392,2.0319,2022,4,Apr,2,Tuesday,-17.4408
2022-04-20,GOOGL,Technology,83.9876,84.109,83.4696,83.8097,5041103,1.5147,87.2677,87.6217,1.8265,0.6394,2022,4,Apr,2,Wednesday,-16.1903
2022-04-21,GOOGL,Technology,80.8144,82.2937,80.6825,81.4895,11320661,-2.7684,86.8211,87.3625,1.8912,1.6112,2022,4,Apr,2,Thursday,-18.5105
2022-04-22,GOOGL,Technology,77.8001,78.1408,77.3179,78.0051,2225210,-4.2759,86.0802,86.9948,1.9169,0.8229,2022,4,Apr,2,Friday,-21.9949
2022-04-25,GOOGL,Technology,78.6203,79.1113,77.6116,77.9805,1989542,-0.0315,85.3381,86.6415,1.9162,1.4997,2022,4,Apr,2,Monday,-22.0195
2022-04-26,GOOGL,Technology,77.195,77.7346,76.966,77.1275,10348597,-1.0939,84.6325,86.3274,1.9067,0.7686,2022,4,Apr,2,Tuesday,-22.8725
2022-04-27,GOOGL,Technology,74.9669,76.1934,74.7086,74.9465,5359558,-2.8278,83.836,86.0452,1.9552,1.4848,2022,4,Apr,2,Wednesday,-25.0535
2022-04-28,GOOGL,Technology,76.4208,77.0864,75.6163,76.7515,2930513,2.4084,83.2677,85.7537,2.0259,1.4701,2022,4,Apr,2,Thursday,-23.2485
2022-04-29,GOOGL,Technology,77.1238,78.0675,76.8065,77.7988,4279462,1.3645,82.8498,85.4601,2.0396,1.261,2022,4,Apr,2,Friday,-22.2012
2022-05-02,GOOGL,Technology,77.4864,79.7895,77.1605,77.7782,6794209,-0.0265,82.3459,85.1622,1.9599,2.629,2022,5,May,2,Monday,-22.2218
2022-05-03,GOOGL,Technology,80.0977,81.0071,79.332,79.9239,1436573,2.7587,81.8712,84.923,2.0333,1.6751,2022,5,May,2,Tuesday,-20.0761
2022-05-04,GOOGL,Technology,80.8684,81.3787,80.3972,81.0069,5577814,1.355,81.4169,84.7244,2.0577,0.9815,2022,5,May,2,Wednesday,-18.9931
2022-05-05,GOOGL,Technology,80.2703,80.4033,77.7346,79.698,4735013,-1.6158,81.0509,84.6109,1.9613,2.6687,2022,5,May,2,Thursday,-20.302
2022-05-06,GOOGL,Technology,77.714,78.607,76.4771,78.0655,3368371,-2.0484,80.6331,84.479,1.9944,2.1299,2022,5,May,2,Friday,-21.9345
2022-05-09,GOOGL,Technology,79.8969,80.4468,78.0119,79.366,2069264,1.6659,80.3849,84.4444,1.9953,2.4349,2022,5,May,2,Monday,-20.634
2022-05-10,GOOGL,Technology,76.6179,76.8762,75.3199,76.0507,6909450,-4.1772,79.8704,84.3668,2.0716,1.5563,2022,5,May,2,Tuesday,-23.9493
2022-05-11,GOOGL,Technology,76.2295,76.8541,76.192,76.3317,4540153,0.3695,79.4191,84.3044,2.0789,0.6621,2022,5,May,2,Wednesday,-23.6683
2022-05-12,GOOGL,Technology,75.305,76.1399,74.1858,75.0623,9457232,-1.663,78.9958,84.1967,2.0621,1.9541,2022,5,May,2,Thursday,-24.9377
2022-05-13,GOOGL,Technology,75.3259,76.8605,74.7786,75.9975,7120277,1.2459,78.6154,84.1085,2.0958,2.0819,2022,5,May,2,Friday,-24.0025
2022-05-16,GOOGL,Technology,74.2443,76.0827,73.6675,74.872,8856207,-1.481,78.2311,83.9718,2.1011,2.4152,2022,5,May,2,Monday,-25.128
2022-05-17,GOOGL,Technology,74.4653,74.8799,73.1298,74.7417,21226857,-0.174,77.8402,83.7878,2.0994,1.7501,2022,5,May,2,Tuesday,-25.2583
2022-05-18,GOOGL,Technology,76.7023,77.117,75.8367,76.9271,2901103,2.9239,77.496,83.6116,2.1913,1.2803,2022,5,May,2,Wednesday,-23.0729
2022-05-19,GOOGL,Technology,75.7675,76.3598,74.8592,76.9271,7604288,0.0,77.2679,83.4186,2.1204,1.5006,2022,5,May,2,Thursday,-23.0729
2022-05-20,GOOGL,Technology,73.491,73.6176,73.3981,73.5674,15837985,-4.3674,77.046,83.1576,2.1296,0.2195,2022,5,May,2,Friday,-26.4326
2022-05-23,GOOGL,Technology,72.3183,73.3264,71.3421,72.0408,5626496,-2.0751,76.7491,82.8995,2.1662,1.9843,2022,5,May,2,Monday,-27.9592
2022-05-24,GOOGL,Technology,73.2846,74.2167,72.7799,73.495,6061280,2.0186,76.5674,82.6448,2.2228,1.4368,2022,5,May,2,Tuesday,-26.505
2022-05-25,GOOGL,Technology,74.1287,74.7188,73.1126,73.8915,5944486,0.5395,76.5147,82.3396,2.1407,1.6062,2022,5,May,2,Wednesday,-26.1085
2022-05-26,GOOGL,Technology,73.6941,73.9755,73.029,73.7232,5546584,-0.2278,76.3633,82.0183,2.0611,0.9465,2022,5,May,2,Thursday,-26.2768
2022-05-27,GOOGL,Technology,72.6402,73.32,71.7094,72.9947,17225955,-0.9882,76.1231,81.6131,2.0352,1.6106,2022,5,May,2,Friday,-27.0053
2022-05-30,GOOGL,Technology,73.1912,74.9691,72.5784,73.7251,7730827,1.0006,75.9204,81.2788,2.0553,2.3907,2022,5,May,2,Monday,-26.2749
2022-05-31,GOOGL,Technology,72.7505,72.9877,72.3521,72.4952,1643437,-1.6682,75.549,80.9611,1.9502,0.6356,2022,5,May,2,Tuesday,-27.5048
2022-06-01,GOOGL,Technology,73.2166,73.5891,72.813,72.9602,6518358,0.6414,75.1466,80.6219,1.9214,0.7761,2022,6,Jun,2,Wednesday,-27.0398
2022-06-02,GOOGL,Technology,72.2067,72.2926,69.8131,71.915,2822136,-1.4326,74.7575,80.2518,1.9163,2.4795,2022,6,Jun,2,Thursday,-28.085
2022-06-03,GOOGL,Technology,70.7394,70.8127,69.8115,70.6455,11083420,-1.7653,74.3865,79.8082,1.9052,1.0012,2022,6,Jun,2,Friday,-29.3545
2022-06-06,GOOGL,Technology,70.1828,70.5929,69.6684,69.766,6662043,-1.2449,73.9065,79.3471,1.8428,0.9245,2022,6,Jun,2,Monday,-30.234
2022-06-07,GOOGL,Technology,68.9232,70.4712,68.4635,69.2631,5539126,-0.7208,73.5671,78.9076,1.6435,2.0077,2022,6,Jun,2,Tuesday,-30.7369
2022-06-08,GOOGL,Technology,69.034,69.4994,68.0601,69.2162,2130605,-0.0677,73.2113,78.4744,1.6349,1.4393,2022,6,Jun,2,Wednesday,-30.7838
2022-06-09,GOOGL,Technology,69.0994,70.3335,68.7053,69.5629,6900495,0.5009,72.9364,78.1033,1.6237,1.6282,2022,6,Jun,2,Thursday,-30.4371
2022-06-10,GOOGL,Technology,64.0231,64.5467,63.4032,64.4523,7537788,-7.3467,72.3591,77.6692,2.2066,1.1435,2022,6,Jun,2,Friday,-35.5477
2022-06-13,GOOGL,Technology,59.0738,59.7287,58.8831,59.5634,4665851,-7.5853,71.5937,77.1033,2.6781,0.8456,2022,6,Jun,2,Monday,-40.4366
2022-06-14,GOOGL,Technology,59.1258,59.3489,58.0961,59.1148,5637301,-0.7531,70.8123,76.4973,2.6706,1.2528,2022,6,Jun,2,Tuesday,-40.8852
2022-06-15,GOOGL,Technology,61.4134,61.6883,60.8323,60.912,5788379,3.0402,70.0116,75.9136,2.68,0.856,2022,6,Jun,2,Wednesday,-39.088
2022-06-16,GOOGL,Technology,59.5051,60.7356,59.1181,59.6146,4097327,-2.13,69.1459,75.3656,2.6753,1.6175,2022,6,Jun,2,Thursday,-40.3854
2022-06-17,GOOGL,Technology,60.2084,61.0927,58.9397,59.8265,3434135,0.3554,68.4589,74.8337,2.591,2.153,2022,6,Jun,2,Friday,-40.1735
2022-06-20,GOOGL,Technology,62.1325,63.0694,60.5622,61.6333,5035845,3.0201,67.9385,74.3797,2.7262,2.5072,2022,6,Jun,2,Monday,-38.3667
2022-06-21,GOOGL,Technology,60.2095,60.2691,59.8698,60.0334,1881635,-2.5958,67.2654,73.8536,2.6752,0.3993,2022,6,Jun,2,Tuesday,-39.9666
2022-06-22,GOOGL,Technology,60.7667,60.9546,60.1936,60.5244,7351136,0.8179,66.5971,73.3569,2.6842,0.761,2022,6,Jun,2,Wednesday,-39.4756
2022-06-23,GOOGL,Technology,60.1544,60.5232,59.3477,59.5714,3601639,-1.5746,65.8895,72.8778,2.6818,1.1755,2022,6,Jun,2,Thursday,-40.4286
2022-06-24,GOOGL,Technology,59.2643,60.013,58.891,58.9881,4467751,-0.9792,65.1892,72.3854,2.6818,1.122,2022,6,Jun,2,Friday,-41.0119
2022-06-27,GOOGL,Technology,58.0958,58.6598,57.3063,58.0583,2761188,-1.5763,64.4058,71.8954,2.641,1.3535,2022,6,Jun,2,Monday,-41.9417
2022-06-28,GOOGL,Technology,56.6884,57.5572,55.6255,57.2259,5035845,-1.4337,63.6424,71.3888,2.6391,1.9317,2022,6,Jun,2,Tuesday,-42.7741
2022-06-29,GOOGL,Technology,60.813,60.8446,59.8877,60.3583,4144919,5.4737,63.0123,70.9197,3.0066,0.9569,2022,6,Jun,2,Wednesday,-39.6417
2022-06-30,GOOGL,Technology,61.698,62.661,61.07,61.3959,2723183,1.7191,62.4863,70.5179,3.0593,1.591,2022,6,Jun,2,Thursday,-38.6041
2022-07-01,GOOGL,Technology,62.9356,63.1511,62.0502,62.7671,8917897,2.2334,62.0924,70.2131,3.119,1.1009,2022,7,Jul,3,Friday,-37.2329
2022-07-04,GOOGL,Technology,63.7531,63.8619,62.7778,63.4036,2760808,1.0141,61.7743,69.9216,3.1331,1.0841,2022,7,Jul,3,Monday,-36.5964
2022-07-05,GOOGL,Technology,61.6054,62.3444,61.2475,61.3857,6849106,-3.1826,61.3804,69.6067,3.1929,1.0969,2022,7,Jul,3,Tuesday,-38.6143
2022-07-06,GOOGL,Technology,62.122,62.3071,61.6636,61.8891,13762994,0.8201,61.014,69.3456,3.2062,0.6435,2022,7,Jul,3,Wednesday,-38.1109
2022-07-07,GOOGL,Technology,63.0419,63.2757,62.8674,63.2357,2801447,2.1758,60.6977,69.0753,3.2554,0.4083,2022,7,Jul,3,Thursday,-36.7643
2022-07-08,GOOGL,Technology,62.5882,63.7171,61.9574,62.1753,4637627,-1.6769,60.5838,68.7628,2.8414,1.7597,2022,7,Jul,3,Friday,-37.8247
2022-07-11,GOOGL,Technology,62.9882,64.1907,62.2352,63.3944,3325044,1.9607,60.7754,68.4751,2.2693,1.9555,2022,7,Jul,3,Monday,-36.6056
2022-07-12,GOOGL,Technology,64.737,65.4789,63.8247,64.3064,8874847,1.4386,61.035,68.1628,2.2668,1.6542,2022,7,Jul,3,Tuesday,-35.6936
2022-07-13,GOOGL,Technology,66.753,67.3313,66.6879,66.7077,6379227,3.7342,61.3248,67.8768,2.3134,0.6434,2022,7,Jul,3,Wednesday,-33.2923
2022-07-14,GOOGL,Technology,66.7574,67.2651,65.932,66.1703,5411646,-0.8056,61.6525,67.6062,2.2529,1.3331,2022,7,Jul,3,Thursday,-33.8297
2022-07-15,GOOGL,Technology,64.8081,65.0107,64.695,64.7376,4372144,-2.1652,61.8981,67.3397,2.3333,0.3157,2022,7,Jul,3,Friday,-35.2624
2022-07-18,GOOGL,Technology,64.5765,64.6288,63.155,64.2888,7698163,-0.6933,62.0309,67.0381,2.2622,1.4738,2022,7,Jul,3,Monday,-35.7112
2022-07-19,GOOGL,Technology,66.8024,66.9779,65.7245,66.1539,7777549,2.9011,62.3369,66.8402,2.2339,1.2534,2022,7,Jul,3,Tuesday,-33.8461
2022-07-20,GOOGL,Technology,63.8918,64.7628,63.4986,63.7546,3944067,-3.6268,62.4984,66.5886,2.4154,1.2642,2022,7,Jul,3,Wednesday,-36.2454
2022-07-21,GOOGL,Technology,61.2851,61.5191,60.7658,61.1364,3920031,-4.1067,62.5767,66.3101,2.579,0.7533,2022,7,Jul,3,Thursday,-38.8636
2022-07-22,GOOGL,Technology,61.2494,61.8421,60.3246,61.264,2286334,0.2087,62.6904,66.0155,2.565,1.5175,2022,7,Jul,3,Friday,-38.736
2022-07-25,GOOGL,Technology,61.0503,61.4795,60.303,60.7401,4827487,-0.8552,62.8245,65.7328,2.5434,1.1765,2022,7,Jul,3,Monday,-39.2599
2022-07-26,GOOGL,Technology,60.332,60.9422,59.7432,60.7677,9412284,0.0454,63.0016,65.4533,2.5129,1.199,2022,7,Jul,3,Tuesday,-39.2323
2022-07-27,GOOGL,Technology,61.3699,62.2441,60.9555,61.9348,12730124,1.9206,63.0805,65.1535,2.2411,1.2886,2022,7,Jul,3,Wednesday,-38.0652
2022-07-28,GOOGL,Technology,61.1824,61.7311,60.7418,61.2689,4762801,-1.0752,63.0741,64.8403,2.2254,0.9893,2022,7,Jul,3,Thursday,-38.7311
2022-07-29,GOOGL,Technology,58.8759,59.1148,58.7977,58.9922,2243034,-3.7159,62.8854,64.5488,2.309,0.3171,2022,7,Jul,3,Friday,-41.0078
2022-08-01,GOOGL,Technology,61.6709,62.7857,60.567,61.422,4343469,4.1188,62.7863,64.3364,2.4976,2.2187,2022,8,Aug,3,Monday,-38.578
2022-08-02,GOOGL,Technology,60.3475,60.5149,59.7051,60.2154,5112630,-1.9644,62.7278,64.0709,2.4332,0.8098,2022,8,Aug,3,Tuesday,-39.7846
2022-08-03,GOOGL,Technology,58.9924,59.7978,58.8962,58.9581,8461604,-2.088,62.5812,63.7722,2.464,0.9016,2022,8,Aug,3,Wednesday,-41.0419
2022-08-04,GOOGL,Technology,60.0113,60.5565,59.8106,60.2772,4355720,2.2374,62.4333,63.5033,2.4672,0.7459,2022,8,Aug,3,Thursday,-39.7228
2022-08-05,GOOGL,Technology,59.4575,60.5644,59.3709,59.8318,10809486,-0.7389,62.3161,63.24,2.4467,1.1935,2022,8,Aug,3,Friday,-40.1682
2022-08-08,GOOGL,Technology,59.5959,60.3604,59.3647,59.7739,11922536,-0.0968,62.1351,62.961,2.3954,0.9957,2022,8,Aug,3,Monday,-40.2261
2022-08-09,GOOGL,Technology,60.8484,61.1073,60.1948,60.369,7011070,0.9956,61.9382,62.7185,2.3808,0.9125,2022,8,Aug,3,Tuesday,-39.631
2022-08-10,GOOGL,Technology,62.2537,62.2958,61.5329,61.6954,4298659,2.1972,61.6876,62.4932,2.2662,0.7629,2022,8,Aug,3,Wednesday,-38.3046
2022-08-11,GOOGL,Technology,61.0242,61.6279,60.4855,61.3024,2310124,-0.637,61.4442,62.2809,2.2648,1.1424,2022,8,Aug,3,Thursday,-38.6976
2022-08-12,GOOGL,Technology,63.1064,63.5195,62.9141,63.1844,2946684,3.07,61.3666,62.1317,2.3459,0.6054,2022,8,Aug,3,Friday,-36.8156
2022-08-15,GOOGL,Technology,61.0279,61.4051,60.0907,60.5043,3972870,-4.2417,61.1773,61.9465,2.5211,1.3144,2022,8,Aug,3,Monday,-39.4957
2022-08-16,GOOGL,Technology,60.938,62.042,60.8396,61.4419,4045160,1.5496,60.9417,61.79,2.4487,1.2024,2022,8,Aug,3,Tuesday,-38.5581
2022-08-17,GOOGL,Technology,60.1648,60.8913,59.4341,60.4287,6100680,-1.649,60.7754,61.6143,2.3467,1.4572,2022,8,Aug,3,Wednesday,-39.5713
2022-08-18,GOOGL,Technology,62.4299,62.9762,61.5958,62.1053,4472399,2.7745,60.8239,61.4651,2.2528,1.3804,2022,8,Aug,3,Thursday,-37.8947
2022-08-19,GOOGL,Technology,62.8577,63.0334,61.8408,62.3004,1885573,0.3141,60.8757,61.4221,2.2531,1.1926,2022,8,Aug,3,Friday,-37.6996
2022-08-22,GOOGL,Technology,61.7353,62.7898,60.9728,61.4806,11601045,-1.3159,60.9127,61.4604,2.2658,1.817,2022,8,Aug,3,Monday,-38.5194
2022-08-23,GOOGL,Technology,61.7437,62.5589,61.729,62.3141,4358591,1.3557,60.99,61.5244,2.2835,0.8299,2022,8,Aug,3,Tuesday,-37.6859
2022-08-24,GOOGL,Technology,62.9788,64.1556,62.5709,63.446,2544140,1.8164,61.0656,61.5751,2.2794,1.5847,2022,8,Aug,3,Wednesday,-36.554
2022-08-25,GOOGL,Technology,64.3418,64.5348,63.9983,64.2795,3435506,1.3137,61.2161,61.6684,2.2746,0.5365,2022,8,Aug,3,Thursday,-35.7205
2022-08-26,GOOGL,Technology,62.4308,62.9891,61.8095,62.975,6840606,-2.0294,61.4153,61.7314,2.147,1.1796,2022,8,Aug,3,Friday,-37.025
2022-08-29,GOOGL,Technology,62.9393,62.9697,62.0761,62.3843,9834621,-0.938,61.4634,61.7464,1.9701,0.8936,2022,8,Aug,3,Monday,-37.6157
2022-08-30,GOOGL,Technology,62.3417,62.6952,62.2461,62.3979,10145600,0.0218,61.5725,61.7937,1.9099,0.4491,2022,8,Aug,3,Tuesday,-37.6021
2022-08-31,GOOGL,Technology,62.0308,63.5138,61.6742,62.3652,1977628,-0.0524,61.7429,61.8305,1.8346,1.8396,2022,8,Aug,3,Wednesday,-37.6348
2022-09-01,GOOGL,Technology,62.831,63.4451,62.714,63.319,5905110,1.5294,61.895,61.9055,1.8017,0.7311,2022,9,Sep,3,Thursday,-36.681
2022-09-02,GOOGL,Technology,60.3787,61.1267,59.2765,60.7864,6875496,-3.9997,61.9427,61.9414,2.0301,1.8502,2022,9,Sep,3,Friday,-39.2136
2022-09-05,GOOGL,Technology,60.8172,61.3838,60.174,61.2111,2795381,0.6987,62.0145,62.0045,2.0339,1.2098,2022,9,Sep,3,Monday,-38.7889
2022-09-06,GOOGL,Technology,60.7321,61.092,60.5289,60.8744,7865837,-0.5501,62.0398,62.0774,2.029,0.5631,2022,9,Sep,3,Tuesday,-39.1256
2022-09-07,GOOGL,Technology,60.4126,60.5663,59.735,59.8718,6979453,-1.647,61.9486,62.0677,1.9978,0.8313,2022,9,Sep,3,Wednesday,-40.1282
2022-09-08,GOOGL,Technology,59.3539,60.2655,58.9201,59.0007,5608140,-1.4549,61.8336,62.0198,2.017,1.3454,2022,9,Sep,3,Thursday,-40.9993
2022-09-09,GOOGL,Technology,58.8708,59.1006,57.8958,58.7653,3596373,-0.399,61.6126,61.9398,1.8672,1.2048,2022,9,Sep,3,Friday,-41.2347
2022-09-12,GOOGL,Technology,54.2713,55.2753,53.9643,54.5505,11152925,-7.1723,61.3149,61.7627,2.2622,1.311,2022,9,Sep,3,Monday,-45.4495
2022-09-13,GOOGL,Technology,54.3197,54.6563,53.6816,53.8018,4287975,-1.3725,60.9329,61.611,2.2174,0.9747,2022,9,Sep,3,Tuesday,-46.1982
2022-09-14,GOOGL,Technology,53.317,54.041,52.0112,52.8755,4231630,-1.7217,60.5552,61.4308,2.2192,2.0298,2022,9,Sep,3,Wednesday,-47.1245
2022-09-15,GOOGL,Technology,53.4195,53.8174,53.0912,53.4548,10715555,1.0956,60.1227,61.2351,2.1123,0.7262,2022,9,Sep,3,Thursday,-46.5452
2022-09-16,GOOGL,Technology,52.7202,52.9543,52.0191,52.6096,8131887,-1.5811,59.6382,61.0438,2.1058,0.9352,2022,9,Sep,3,Friday,-47.3904
2022-09-19,GOOGL,Technology,52.3796,52.4092,52.3264,52.3991,8962478,-0.4001,59.1841,60.8239,2.1044,0.0828,2022,9,Sep,3,Monday,-47.6009
2022-09-20,GOOGL,Technology,54.3422,55.2004,53.5796,54.0311,3385172,3.1146,58.77,60.6184,2.231,1.6208,2022,9,Sep,3,Tuesday,-45.9689
2022-09-21,GOOGL,Technology,55.329,55.6039,54.0511,55.1218,4626157,2.0187,58.3537,60.3867,2.2434,1.5528,2022,9,Sep,3,Wednesday,-44.8782
2022-09-22,GOOGL,Technology,56.561,57.2097,55.4762,56.133,4365177,1.8345,57.9464,60.186,2.2705,1.7335,2022,9,Sep,3,Thursday,-43.867
2022-09-23,GOOGL,Technology,55.689,55.879,54.867,55.5887,1417669,-0.9697,57.5771,60.003,2.2489,1.012,2022,9,Sep,3,Friday,-44.4113
2022-09-26,GOOGL,Technology,55.7815,56.2927,55.3707,56.2091,4656181,1.1161,57.2683,59.8414,2.2792,0.922,2022,9,Sep,3,Monday,-43.7909
2022-09-27,GOOGL,Technology,55.5139,56.9147,55.1027,55.963,4536665,-0.4378,56.9466,59.6376,2.2761,1.812,2022,9,Sep,3,Tuesday,-44.037
2022-09-28,GOOGL,Technology,56.0479,56.4192,54.7224,55.7603,5739516,-0.3622,56.6164,59.4777,2.2738,1.6968,2022,9,Sep,3,Wednesday,-44.2397
2022-09-29,GOOGL,Technology,55.9641,56.2605,55.5735,56.2339,4019592,0.8493,56.2621,59.3796,2.2463,0.687,2022,9,Sep,3,Thursday,-43.7661
2022-09-30,GOOGL,Technology,55.135,56.175,54.3642,55.5794,4728798,-1.1639,56.0017,59.2659,2.1031,1.8108,2022,9,Sep,3,Friday,-44.4206
2022-10-03,GOOGL,Technology,57.4015,57.4183,57.0293,57.2557,5083243,3.016,55.804,59.1962,2.2284,0.389,2022,10,Oct,4,Monday,-42.7443
2022-10-04,GOOGL,Technology,57.0847,57.8584,56.6905,57.0895,8115781,-0.2903,55.6147,59.1227,2.2277,1.1679,2022,10,Oct,4,Tuesday,-42.9105
2022-10-05,GOOGL,Technology,57.8647,58.039,56.9544,57.8126,9474257,1.2666,55.5118,59.0402,2.23,1.0846,2022,10,Oct,4,Wednesday,-42.1874
2022-10-06,GOOGL,Technology,59.9844,60.0206,59.3447,59.513,4876390,2.9412,55.5374,59.0051,2.3099,0.6759,2022,10,Oct,4,Thursday,-40.487
2022-10-07,GOOGL,Technology,61.1984,61.455,60.0731,60.7588,4825842,2.0933,55.6371,59.0405,2.3502,1.3819,2022,10,Oct,4,Friday,-39.2412
2022-10-10,GOOGL,Technology,59.639,59.837,58.9641,59.065,3198273,-2.7877,55.8628,58.9933,1.7564,0.8729,2022,10,Oct,4,Monday,-40.935
2022-10-11,GOOGL,Technology,59.3783,59.7176,59.3098,59.6082,5035845,0.9197,56.1531,58.9812,1.7079,0.4078,2022,10,Oct,4,Tuesday,-40.3918
2022-10-12,GOOGL,Technology,60.849,61.5474,60.0148,60.6403,6983951,1.7315,56.5413,59.0148,1.6418,1.5326,2022,10,Oct,4,Wednesday,-39.3597
2022-10-13,GOOGL,Technology,65.2354,65.8161,64.4007,64.7722,10541025,6.8138,57.1072,59.1047,2.1374,1.4154,2022,10,Oct,4,Thursday,-35.2278
2022-10-14,GOOGL,Technology,63.1143,63.8086,62.8826,63.3494,8944624,-2.1966,57.6442,59.1751,2.1803,0.926,2022,10,Oct,4,Friday,-36.6506
2022-10-17,GOOGL,Technology,62.3973,63.8208,61.4325,62.5359,4227221,-1.2841,58.151,59.2303,2.2178,2.3883,2022,10,Oct,4,Monday,-37.4641
2022-10-18,GOOGL,Technology,63.5988,64.5353,62.6885,63.7986,3813910,2.0192,58.6394,59.2989,2.1736,1.8468,2022,10,Oct,4,Tuesday,-36.2014
2022-10-19,GOOGL,Technology,62.8238,62.9348,62.6338,62.8458,9946655,-1.4934,59.0256,59.3219,2.2163,0.301,2022,10,Oct,4,Wednesday,-37.1542
2022-10-20,GOOGL,Technology,62.5454,62.798,62.0808,62.4879,5174470,-0.5695,59.3434,59.3456,2.2156,0.7172,2022,10,Oct,4,Thursday,-37.5121
2022-10-21,GOOGL,Technology,64.3454,64.9257,64.1213,64.4761,2804317,3.1817,59.7877,59.3714,2.2587,0.8044,2022,10,Oct,4,Friday,-35.5239
2022-10-24,GOOGL,Technology,64.4899,65.3155,64.1394,64.4338,3082673,-0.0656,60.199,59.45,2.2646,1.1761,2022,10,Oct,4,Monday,-35.5662
2022-10-25,GOOGL,Technology,63.3073,63.5847,62.9898,63.5166,4216019,-1.4235,60.5766,59.4915,2.3013,0.5949,2022,10,Oct,4,Tuesday,-36.4834
2022-10-26,GOOGL,Technology,62.7205,63.3584,61.5362,62.4208,10350752,-1.7252,60.9097,59.5314,2.3527,1.8222,2022,10,Oct,4,Wednesday,-37.5792
2022-10-27,GOOGL,Technology,62.4037,63.3319,62.122,62.8549,10757768,0.6954,61.2407,59.5464,2.3521,1.2099,2022,10,Oct,4,Thursday,-37.1451
2022-10-28,GOOGL,Technology,60.7212,61.4552,60.5995,61.1978,9166613,-2.6364,61.5216,59.5243,2.4314,0.8557,2022,10,Oct,4,Friday,-38.8022
2022-10-31,GOOGL,Technology,61.1449,61.7919,60.7164,60.9135,5035845,-0.4646,61.7045,59.513,2.3663,1.0755,2022,10,Oct,4,Monday,-39.0865
2022-11-01,GOOGL,Technology,61.4532,62.0119,60.826,61.3377,6490646,0.6964,61.9169,59.4934,2.3628,1.1859,2022,11,Nov,4,Tuesday,-38.6623
2022-11-02,GOOGL,Technology,62.4733,63.0022,61.6063,62.9499,1671044,2.6284,62.1738,59.4835,2.4087,1.3959,2022,11,Nov,4,Wednesday,-37.0501
2022-11-03,GOOGL,Technology,63.8209,64.7285,63.7635,63.8092,6959120,1.3651,62.3886,59.4741,2.3481,0.965,2022,11,Nov,4,Thursday,-36.1908
2022-11-04,GOOGL,Technology,63.4873,63.8465,62.4046,62.917,6650426,-1.3982,62.4965,59.473,2.3434,1.4419,2022,11,Nov,4,Friday,-37.083
2022-11-07,GOOGL,Technology,64.5565,65.1971,63.7127,64.4188,5517106,2.387,62.7642,59.5136,2.281,1.4844,2022,11,Nov,4,Monday,-35.5812
2022-11-08,GOOGL,Technology,64.4643,65.4399,63.7118,64.0522,4539863,-0.5691,62.9864,59.5467,2.2894,1.7281,2022,11,Nov,4,Tuesday,-35.9478
2022-11-09,GOOGL,Technology,62.8738,63.5301,61.8974,62.4884,4973215,-2.4414,63.0788,59.5492,2.3496,1.6327,2022,11,Nov,4,Wednesday,-37.5116
2022-11-10,GOOGL,Technology,62.6091,62.8763,61.2302,62.2922,4417000,-0.314,62.9548,59.5287,1.7551,1.6461,2022,11,Nov,4,Thursday,-37.7078
2022-11-11,GOOGL,Technology,64.4635,64.7711,63.839,64.1026,3073233,2.9063,62.9925,59.595,1.8164,0.9321,2022,11,Nov,4,Friday,-35.8974
2022-11-14,GOOGL,Technology,64.8708,65.5111,63.9634,64.3337,4314190,0.3605,63.0824,59.6574,1.7887,1.5477,2022,11,Nov,4,Monday,-35.6663
2022-11-15,GOOGL,Technology,64.877,65.1749,63.7965,64.3691,9924519,0.055,63.1109,59.7273,1.7341,1.3784,2022,11,Nov,4,Tuesday,-35.6309
2022-11-16,GOOGL,Technology,66.7139,67.074,66.4283,66.4961,6993259,3.3044,63.2934,59.8598,1.8369,0.6457,2022,11,Nov,4,Wednesday,-33.5039
2022-11-17,GOOGL,Technology,64.5773,65.3025,64.39,64.6125,7121562,-2.8326,63.3996,59.9721,1.9589,0.9125,2022,11,Nov,4,Thursday,-35.3875
2022-11-18,GOOGL,Technology,62.7115,63.1422,62.496,62.9705,2886654,-2.5413,63.3244,60.0562,1.9157,0.6462,2022,11,Nov,4,Friday,-37.0295
2022-11-21,GOOGL,Technology,60.6071,60.9816,59.904,60.9544,10948626,-3.2017,63.1504,60.1842,2.0372,1.0776,2022,11,Nov,4,Monday,-39.0456
2022-11-22,GOOGL,Technology,61.8404,62.6129,61.0993,61.427,2992547,0.7753,63.0459,60.3367,2.0302,1.5136,2022,11,Nov,4,Tuesday,-38.573
2022-11-23,GOOGL,Technology,61.0746,61.9324,60.5773,61.65,4460326,0.363,63.0074,60.5122,1.9983,1.3551,2022,11,Nov,4,Wednesday,-38.35
2022-11-24,GOOGL,Technology,63.2388,63.6795,63.1968,63.5706,2127238,3.1153,63.0432,60.7145,2.1152,0.4827,2022,11,Nov,4,Thursday,-36.4294
2022-11-25,GOOGL,Technology,63.3436,64.1496,61.9768,63.8993,4532082,0.5171,63.1782,60.9403,2.0175,2.1728,2022,11,Nov,4,Friday,-36.1007
2022-11-28,GOOGL,Technology,63.2984,63.7938,63.0787,63.4019,3019893,-0.7784,63.3027,61.1604,2.0244,0.7151,2022,11,Nov,4,Monday,-36.5981
2022-11-29,GOOGL,Technology,63.5675,64.5377,63.2045,63.4232,16026548,0.0336,63.4069,61.3482,2.0216,1.3332,2022,11,Nov,4,Tuesday,-36.5768
2022-11-30,GOOGL,Technology,63.4652,64.6499,63.1625,63.5916,3912324,0.2655,63.439,61.5176,1.9388,1.4874,2022,11,Nov,4,Wednesday,-36.4084
2022-12-01,GOOGL,Technology,61.303,61.6583,61.1609,61.4844,4885382,-3.3136,63.3228,61.6247,2.053,0.4974,2022,12,Dec,4,Thursday,-38.5156
2022-12-02,GOOGL,Technology,65.244,65.9264,63.6409,64.8358,5658017,5.4508,63.4187,61.8096,2.3815,2.2855,2022,12,Dec,4,Friday,-35.1642
2022-12-05,GOOGL,Technology,66.1195,66.7004,65.0233,65.5293,4025527,1.0696,63.4742,61.996,2.3349,1.6771,2022,12,Dec,4,Monday,-34.4707
2022-12-06,GOOGL,Technology,66.4806,67.2792,65.4735,65.8242,3672215,0.45,63.5628,62.1932,2.3304,1.8057,2022,12,Dec,4,Tuesday,-34.1758
2022-12-07,GOOGL,Technology,66.7528,67.5542,66.3145,66.6538,7846540,1.2603,63.7711,62.4111,2.2586,1.2397,2022,12,Dec,4,Wednesday,-33.3462
2022-12-08,GOOGL,Technology,66.972,68.2282,66.6924,67.6195,5769764,1.4488,64.0375,62.6388,2.2659,1.5358,2022,12,Dec,4,Thursday,-32.3805
2022-12-09,GOOGL,Technology,66.825,67.5769,66.3519,67.4497,2984508,-0.2511,64.2048,62.8762,2.1935,1.225,2022,12,Dec,4,Friday,-32.5503
2022-12-12,GOOGL,Technology,66.7742,67.7696,66.4979,66.6184,3910501,-1.2325,64.3191,63.0635,2.2191,1.2717,2022,12,Dec,4,Monday,-33.3816
2022-12-13,GOOGL,Technology,67.4405,67.8634,66.968,67.4371,4859594,1.2289,64.4725,63.2704,2.2306,0.8954,2022,12,Dec,4,Tuesday,-32.5629
2022-12-14,GOOGL,Technology,68.2893,69.0893,67.0854,67.9776,6538007,0.8015,64.5465,63.4737,2.118,2.0039,2022,12,Dec,4,Wednesday,-32.0224
2022-12-15,GOOGL,Technology,67.261,68.3789,66.8049,66.8969,5655218,-1.5898,64.6608,63.6214,2.0434,1.574,2022,12,Dec,4,Thursday,-33.1031
2022-12-16,GOOGL,Technology,68.5882,69.3536,68.5432,68.8155,4966355,2.868,64.953,63.7825,2.0202,0.8104,2022,12,Dec,4,Friday,-31.1845
2022-12-19,GOOGL,Technology,68.6951,70.0062,68.0438,69.2399,4066881,0.6167,65.3673,63.986,1.8267,1.9624,2022,12,Dec,4,Monday,-30.7601
2022-12-20,GOOGL,Technology,70.4625,71.397,69.0939,70.2713,3340692,1.4896,65.8095,64.1993,1.8361,2.3031,2022,12,Dec,4,Tuesday,-29.7287
2022-12-21,GOOGL,Technology,71.824,73.4604,71.2987,72.2486,4599989,2.8138,66.3394,64.4315,1.894,2.1617,2022,12,Dec,4,Wednesday,-27.7514
2022-12-22,GOOGL,Technology,72.5845,75.917,71.5096,72.3019,19957893,0.0738,66.776,64.5821,1.82,4.4074,2022,12,Dec,4,Thursday,-27.6981
2022-12-23,GOOGL,Technology,72.883,73.0661,71.849,72.782,4149001,0.664,67.2201,64.7707,1.8197,1.2171,2022,12,Dec,4,Friday,-27.218
2022-12-26,GOOGL,Technology,74.3456,75.036,73.4847,73.9829,4419288,1.65,67.7492,64.9996,1.799,1.5513,2022,12,Dec,4,Monday,-26.0171
2022-12-27,GOOGL,Technology,72.8587,74.3372,72.2265,72.9326,10399837,-1.4197,68.2246,65.1823,1.8595,2.1107,2022,12,Dec,4,Tuesday,-27.0674
2022-12-28,GOOGL,Technology,73.2442,73.9753,72.2787,73.0333,3610032,0.1381,68.6967,65.3861,1.8613,1.6966,2022,12,Dec,4,Wednesday,-26.9667
2022-12-29,GOOGL,Technology,72.9565,74.6057,72.8928,73.2386,3020872,0.2811,69.2844,65.6011,1.6087,1.7129,2022,12,Dec,4,Thursday,-26.7614
2022-12-30,GOOGL,Technology,72.3746,72.9806,71.3557,71.8601,5519436,-1.8822,69.6357,65.7488,1.3253,1.6249,2022,12,Dec,4,Friday,-28.1399
2023-01-02,GOOGL,Technology,75.6792,77.5758,73.7526,75.2126,5236364,4.6653,70.1198,65.9644,1.6154,3.8232,2023,1,Jan,1,Monday,-24.7874
2023-01-03,GOOGL,Technology,72.5506,74.264,72.2529,73.1182,13276130,-2.7846,70.4845,66.1564,1.7942,2.0111,2023,1,Jan,1,Tuesday,-26.8818
2023-01-04,GOOGL,Technology,70.8956,71.9506,70.6943,71.2419,4047538,-2.5661,70.7139,66.3328,1.9136,1.2563,2023,1,Jan,1,Wednesday,-28.7581
2023-01-05,GOOGL,Technology,72.728,73.2309,71.9506,73.1358,6172238,2.6584,70.9897,66.5384,1.9684,1.2803,2023,1,Jan,1,Thursday,-26.8642
2023-01-06,GOOGL,Technology,73.8984,74.8294,72.6184,74.2011,6403151,1.4566,71.3273,66.7985,1.9752,2.211,2023,1,Jan,1,Friday,-25.7989
2023-01-09,GOOGL,Technology,73.0324,73.636,72.4297,72.7008,5581918,-2.0219,71.6314,67.0342,2.019,1.2063,2023,1,Jan,1,Monday,-27.2992
2023-01-10,GOOGL,Technology,73.5023,74.3655,72.6935,73.6056,6384449,1.2446,71.9399,67.2796,2.0193,1.672,2023,1,Jan,1,Tuesday,-26.3944
2023-01-11,GOOGL,Technology,75.0392,76.6056,74.9738,75.7885,4686103,2.9657,72.3304,67.5364,2.0953,1.6318,2023,1,Jan,1,Wednesday,-24.2115
2023-01-12,GOOGL,Technology,75.2086,76.9295,74.3119,75.7654,4125246,-0.0305,72.7738,67.7755,2.0391,2.6176,2023,1,Jan,1,Thursday,-24.2346
2023-01-13,GOOGL,Technology,79.5087,80.084,79.1849,79.7261,5247833,5.2276,73.3194,68.1117,2.2335,0.8991,2023,1,Jan,1,Friday,-20.2739
2023-01-16,GOOGL,Technology,77.1083,78.3517,76.4506,77.001,3393053,-3.4181,73.7074,68.3633,2.4216,1.9011,2023,1,Jan,1,Monday,-22.999
2023-01-17,GOOGL,Technology,77.7951,78.2685,77.3213,78.0926,10122736,1.4176,74.0985,68.6441,2.4202,0.9472,2023,1,Jan,1,Tuesday,-21.9074
2023-01-18,GOOGL,Technology,80.4462,80.6938,79.1612,79.938,2649400,2.3631,74.483,68.9931,2.4001,1.5326,2023,1,Jan,1,Wednesday,-20.062
2023-01-19,GOOGL,Technology,82.0966,83.2291,81.2142,81.387,5082609,1.8127,74.9372,69.375,2.414,2.0149,2023,1,Jan,1,Thursday,-18.613
2023-01-20,GOOGL,Technology,81.1326,81.1498,80.922,81.0788,3233590,-0.3787,75.352,69.7145,2.4243,0.2278,2023,1,Jan,1,Friday,-18.9212
2023-01-23,GOOGL,Technology,81.0811,81.1061,80.5017,80.6321,5899522,-0.5509,75.6845,70.0405,2.4226,0.6044,2023,1,Jan,1,Monday,-19.3679
2023-01-24,GOOGL,Technology,82.157,82.7671,80.9075,81.3725,8105343,0.9182,76.1065,70.3806,2.3832,1.8596,2023,1,Jan,1,Tuesday,-18.6275
2023-01-25,GOOGL,Technology,83.508,84.012,82.45,82.7246,5881599,1.6616,76.5911,70.7051,2.3928,1.562,2023,1,Jan,1,Wednesday,-17.2754
2023-01-26,GOOGL,Technology,83.8525,84.2544,83.6731,83.7462,2976575,1.2349,77.1164,71.0878,2.3946,0.5813,2023,1,Jan,1,Thursday,-16.2538
2023-01-27,GOOGL,Technology,85.2684,86.078,84.6291,85.5133,4103804,2.1101,77.7991,71.5387,2.3336,1.4489,2023,1,Jan,1,Friday,-14.4867
2023-01-30,GOOGL,Technology,83.0947,84.0554,83.0564,83.7964,4592974,-2.0078,78.2283,71.9955,2.2421,0.999,2023,1,Jan,1,Monday,-16.2036
2023-01-31,GOOGL,Technology,83.6562,83.6806,83.3236,83.4398,8713673,-0.4256,78.7444,72.4358,2.115,0.357,2023,1,Jan,1,Tuesday,-16.5602
2023-02-01,GOOGL,Technology,82.4295,83.6586,80.3325,81.8962,2976016,-1.85,79.2771,72.8407,2.0625,3.3261,2023,2,Feb,1,Wednesday,-18.1038
2023-02-02,GOOGL,Technology,81.8676,83.0916,81.2477,81.2883,3722815,-0.7423,79.6847,73.195,2.0342,1.8439,2023,2,Feb,1,Thursday,-18.7117
2023-02-03,GOOGL,Technology,82.5382,83.2378,82.097,82.9632,2053063,2.0604,80.1228,73.5763,2.0528,1.1408,2023,2,Feb,1,Friday,-17.0368
2023-02-06,GOOGL,Technology,82.9975,83.4997,82.8668,83.1673,4994407,0.246,80.6461,73.9716,1.9622,0.6329,2023,2,Feb,1,Monday,-16.8327
2023-02-07,GOOGL,Technology,87.2429,88.4626,86.9126,87.5283,4574274,5.2436,81.3423,74.4537,2.2095,1.55,2023,2,Feb,1,Tuesday,-12.4717
2023-02-08,GOOGL,Technology,88.5888,89.2244,87.5709,87.8932,3358784,0.4169,81.9475,74.9398,2.1565,1.6535,2023,2,Feb,1,Wednesday,-12.1068
2023-02-09,GOOGL,Technology,88.3796,89.9169,87.3429,88.0245,7127112,0.1494,82.5605,75.4706,2.1534,2.574,2023,2,Feb,1,Thursday,-11.9755
2023-02-10,GOOGL,Technology,88.1988,88.4302,88.1712,88.2378,5443516,0.2423,82.9861,75.9386,1.8823,0.259,2023,2,Feb,1,Friday,-11.7622
2023-02-13,GOOGL,Technology,86.6214,87.7502,86.327,87.1387,5979887,-1.2456,83.4929,76.3708,1.6962,1.4232,2023,2,Feb,1,Monday,-12.8613
2023-02-14,GOOGL,Technology,86.5955,87.6867,86.2531,87.064,2261082,-0.0857,83.9415,76.7956,1.693,1.4336,2023,2,Feb,1,Tuesday,-12.936
2023-02-15,GOOGL,Technology,89.3921,89.5767,88.3577,89.054,5312685,2.2857,84.3973,77.2436,1.6887,1.219,2023,2,Feb,1,Wednesday,-10.946
2023-02-16,GOOGL,Technology,88.6812,90.3532,88.3004,89.2837,4115400,0.2579,84.7921,77.6769,1.6634,2.0528,2023,2,Feb,1,Thursday,-10.7163
2023-02-17,GOOGL,Technology,87.1789,89.0852,86.3938,87.8936,4915272,-1.5569,85.1329,78.0858,1.7153,2.6914,2023,2,Feb,1,Friday,-12.1064
2023-02-20,GOOGL,Technology,85.6534,86.7759,85.3042,86.2938,2710801,-1.8202,85.416,78.4793,1.7755,1.4717,2023,2,Feb,1,Monday,-13.7062
2023-02-21,GOOGL,Technology,85.6268,86.3905,84.7873,85.5427,6473496,-0.8704,85.6245,78.8414,1.7906,1.6032,2023,2,Feb,1,Tuesday,-14.4573
2023-02-22,GOOGL,Technology,86.2883,86.5387,85.5963,85.6947,7720175,0.1777,85.773,79.1957,1.7602,0.9424,2023,2,Feb,1,Wednesday,-14.3053
2023-02-23,GOOGL,Technology,88.5872,88.6075,87.3584,87.7661,7638704,2.4172,85.974,79.6131,1.816,1.2491,2023,2,Feb,1,Thursday,-12.2339
2023-02-24,GOOGL,Technology,84.9203,87.1303,83.1886,85.4394,7696881,-2.651,85.9703,79.9456,1.8706,3.9417,2023,2,Feb,1,Friday,-14.5606
2023-02-27,GOOGL,Technology,84.2307,85.6234,83.392,84.9185,2282181,-0.6097,86.0264,80.2592,1.8165,2.2314,2023,2,Feb,1,Monday,-15.0815
2023-02-28,GOOGL,Technology,85.398,85.4955,85.0967,85.1891,7559894,0.3187,86.1139,80.5575,1.8132,0.3988,2023,2,Feb,1,Tuesday,-14.8109
2023-03-01,GOOGL,Technology,82.0377,82.1758,81.4689,82.0904,4022352,-3.6374,86.1236,80.7543,1.954,0.7069,2023,3,Mar,1,Wednesday,-17.9096
2023-03-02,GOOGL,Technology,79.945,81.5314,79.8808,80.7465,10242302,-1.6371,86.0965,80.9232,1.9826,1.6506,2023,3,Mar,1,Thursday,-19.2535
2023-03-03,GOOGL,Technology,79.3153,81.0586,78.9016,79.6727,3678493,-1.3298,85.932,81.0611,1.9403,2.157,2023,3,Mar,1,Friday,-20.3273
2023-03-06,GOOGL,Technology,79.1291,79.4284,77.8478,78.4283,4584429,-1.5619,85.695,81.15,1.9612,1.5806,2023,3,Mar,1,Monday,-21.5717
2023-03-07,GOOGL,Technology,78.9958,79.3233,78.653,78.7528,4509401,0.4138,85.2562,81.2664,1.4856,0.6703,2023,3,Mar,1,Tuesday,-21.2472
2023-03-08,GOOGL,Technology,78.9533,79.5669,78.4824,78.5235,8433130,-0.2912,84.7877,81.3762,1.4706,1.0845,2023,3,Mar,1,Wednesday,-21.4765
2023-03-09,GOOGL,Technology,77.5957,77.8315,77.0109,77.675,4232447,-1.0806,84.2703,81.4649,1.4654,0.8206,2023,3,Mar,1,Thursday,-22.325
2023-03-10,GOOGL,Technology,75.7794,76.1833,74.3158,75.2562,10239519,-3.114,83.6212,81.5328,1.5519,1.8675,2023,3,Mar,1,Friday,-24.7438
2023-03-13,GOOGL,Technology,78.4249,79.8731,77.8304,77.8722,6168355,3.4761,83.1579,81.586,1.8144,2.0427,2023,3,Mar,1,Monday,-22.1278
2023-03-14,GOOGL,Technology,79.7414,80.7803,78.4733,80.4486,1974454,3.3085,82.8271,81.7326,2.0081,2.307,2023,3,Mar,1,Tuesday,-19.5514
2023-03-15,GOOGL,Technology,77.3827,77.7756,76.4527,77.379,3434061,-3.8156,82.2433,81.8554,2.0456,1.3229,2023,3,Mar,1,Wednesday,-22.621
2023-03-16,GOOGL,Technology,78.364,78.4585,77.4779,78.2953,6694969,1.1842,81.6939,81.9585,2.0782,0.9806,2023,3,Mar,1,Thursday,-21.7047
2023-03-17,GOOGL,Technology,78.1293,78.469,77.6325,78.04,2690513,-0.3261,81.2012,82.0353,2.0677,0.8365,2023,3,Mar,1,Friday,-21.96
2023-03-20,GOOGL,Technology,78.0828,78.4325,77.1469,78.3056,3932717,0.3403,80.8018,82.1474,2.0554,1.2856,2023,3,Mar,1,Monday,-21.6944
2023-03-21,GOOGL,Technology,77.5438,77.9143,77.1563,77.7053,3414283,-0.7666,80.41,82.2294,2.0545,0.758,2023,3,Mar,1,Tuesday,-22.2947
2023-03-22,GOOGL,Technology,77.6462,78.8797,77.0797,77.9114,5167472,0.2652,80.0208,82.2719,2.056,1.8,2023,3,Mar,1,Wednesday,-22.0886
2023-03-23,GOOGL,Technology,78.6566,79.9583,77.3681,78.1707,4588526,0.3328,79.541,82.32,1.953,2.5902,2023,3,Mar,1,Thursday,-21.8293
2023-03-24,GOOGL,Technology,77.3886,78.817,76.5233,77.289,4706419,-1.1279,79.1335,82.2712,1.896,2.2937,2023,3,Mar,1,Friday,-22.711
2023-03-27,GOOGL,Technology,75.6706,76.4787,75.3633,75.9266,1860567,-1.7627,78.6839,82.2498,1.9175,1.1154,2023,3,Mar,1,Monday,-24.0734
2023-03-28,GOOGL,Technology,75.1402,76.0051,74.9523,75.268,5546732,-0.8674,78.1879,82.1933,1.9078,1.0528,2023,3,Mar,1,Tuesday,-24.732
2023-03-29,GOOGL,Technology,74.9231,76.662,74.5819,75.6433,10441132,0.4986,77.8655,82.1074,1.7812,2.0801,2023,3,Mar,1,Wednesday,-24.3567
2023-03-30,GOOGL,Technology,76.7645,76.9182,76.2623,76.5722,8366537,1.228,77.6568,82.0111,1.7911,0.6559,2023,3,Mar,1,Thursday,-23.4278
2023-03-31,GOOGL,Technology,78.0767,79.6211,76.5687,77.902,6020250,1.7367,77.5683,81.9475,1.8247,3.0524,2023,3,Mar,1,Friday,-22.098
2023-04-03,GOOGL,Technology,76.7611,78.0727,76.4203,77.1554,5458858,-0.9584,77.5046,81.878,1.804,1.6524,2023,4,Apr,2,Monday,-22.8446
2023-04-04,GOOGL,Technology,77.9933,78.1113,76.8348,77.6165,11837522,0.5976,77.4478,81.8029,1.8071,1.2765,2023,4,Apr,2,Tuesday,-22.3835
2023-04-05,GOOGL,Technology,78.7572,79.783,78.3871,79.1339,3354607,1.955,77.4783,81.7311,1.8608,1.3959,2023,4,Apr,2,Wednesday,-20.8661
2023-04-06,GOOGL,Technology,80.8835,81.8275,80.8661,81.0024,4956985,2.3612,77.6447,81.6762,1.9087,0.9614,2023,4,Apr,2,Thursday,-18.9976
2023-04-07,GOOGL,Technology,81.292,81.9258,80.471,80.9314,10112251,-0.0877,77.9284,81.5845,1.7427,1.4548,2023,4,Apr,2,Friday,-19.0686
2023-04-10,GOOGL,Technology,81.0639,81.1652,80.0207,80.5981,9263981,-0.4118,78.0647,81.5206,1.589,1.1445,2023,4,Apr,2,Monday,-19.4019
2023-04-11,GOOGL,Technology,80.8557,81.2223,80.7972,80.9304,6601856,0.4123,78.0888,81.4704,1.4113,0.4251,2023,4,Apr,2,Tuesday,-19.0696
2023-04-12,GOOGL,Technology,78.7289,79.2729,76.9253,79.0937,3464433,-2.2695,78.1746,81.4143,1.2182,2.3476,2023,4,Apr,2,Wednesday,-20.9063
2023-04-13,GOOGL,Technology,78.4526,79.264,78.188,78.8112,4266895,-0.3572,78.2004,81.3648,1.1957,1.076,2023,4,Apr,2,Thursday,-21.1888
2023-04-14,GOOGL,Technology,80.4291,81.0719,79.3283,80.0085,5612080,1.5192,78.2988,81.3057,1.2365,1.7436,2023,4,Apr,2,Friday,-19.9915
2023-04-17,GOOGL,Technology,81.6307,82.0117,80.9759,81.0597,3053283,1.3139,78.4365,81.2636,1.2639,1.0358,2023,4,Apr,2,Monday,-18.9403
2023-04-18,GOOGL,Technology,80.6036,81.0627,80.4426,80.6459,5159577,-0.5105,78.5835,81.1259,1.2551,0.6201,2023,4,Apr,2,Tuesday,-19.3541
2023-04-19,GOOGL,Technology,80.2352,81.3258,79.7806,81.0212,3914669,0.4654,78.739,80.9885,1.2565,1.5452,2023,4,Apr,2,Wednesday,-18.9788
2023-04-20,GOOGL,Technology,79.1322,81.8975,78.3887,79.7092,11595069,-1.6193,78.8159,80.8222,1.3201,3.5088,2023,4,Apr,2,Thursday,-20.2908
2023-04-21,GOOGL,Technology,80.5223,81.7295,80.2484,80.8546,10408878,1.437,78.9942,80.6745,1.3186,1.4811,2023,4,Apr,2,Friday,-19.1454
2023-04-24,GOOGL,Technology,80.8293,81.9673,80.1938,80.7531,2754999,-0.1255,79.2355,80.5468,1.2363,1.7735,2023,4,Apr,2,Monday,-19.2469
2023-04-25,GOOGL,Technology,80.5148,80.8423,79.8649,80.3316,1785784,-0.522,79.4887,80.4121,1.2213,0.9774,2023,4,Apr,2,Tuesday,-19.6684
2023-04-26,GOOGL,Technology,79.5592,80.4115,79.4302,79.7745,5161048,-0.6935,79.6953,80.2266,1.2417,0.9813,2023,4,Apr,2,Wednesday,-20.2255
2023-04-27,GOOGL,Technology,79.8663,80.6417,79.6682,79.6981,6648008,-0.0958,79.8516,80.0348,1.2233,0.9735,2023,4,Apr,2,Thursday,-20.3019
2023-04-28,GOOGL,Technology,79.0871,79.3433,78.435,79.0081,4645711,-0.8658,79.9069,79.8571,1.19,0.9083,2023,4,Apr,2,Friday,-20.9919
2023-05-01,GOOGL,Technology,80.4147,81.1011,78.851,80.0718,1231806,1.3463,80.0527,79.7327,1.196,2.2501,2023,5,May,2,Monday,-19.9282
2023-05-02,GOOGL,Technology,79.611,79.9561,78.1183,79.4628,7443157,-0.7606,80.145,79.6111,1.2103,1.8378,2023,5,May,2,Tuesday,-20.5372
2023-05-03,GOOGL,Technology,81.9357,82.3877,81.602,82.0183,8307295,3.216,80.2892,79.5376,1.3369,0.7857,2023,5,May,2,Wednesday,-17.9817
2023-05-04,GOOGL,Technology,84.1347,85.4359,83.8128,84.4464,5814404,2.9604,80.4614,79.4712,1.3936,1.6231,2023,5,May,2,Thursday,-15.5536
2023-05-05,GOOGL,Technology,83.4018,83.553,82.226,82.9659,2707243,-1.7532,80.5632,79.4217,1.461,1.327,2023,5,May,2,Friday,-17.0341
2023-05-08,GOOGL,Technology,83.3008,83.8658,82.8912,83.1065,5011872,0.1695,80.6886,79.3855,1.4553,0.9746,2023,5,May,2,Monday,-16.8935
2023-05-09,GOOGL,Technology,82.8429,83.5512,80.376,82.05,13621501,-1.2713,80.7446,79.3227,1.4885,3.1752,2023,5,May,2,Tuesday,-17.95
2023-05-10,GOOGL,Technology,80.8888,81.6179,80.4415,81.5385,4475376,-0.6234,80.8668,79.3116,1.3943,1.1764,2023,5,May,2,Wednesday,-18.4615
2023-05-11,GOOGL,Technology,84.1047,84.8864,82.9114,84.8285,4812989,4.0349,81.1677,79.3933,1.6336,1.975,2023,5,May,2,Thursday,-15.1715
2023-05-12,GOOGL,Technology,84.0546,85.5945,83.9708,84.3321,3309379,-0.5852,81.3838,79.4865,1.6242,1.6237,2023,5,May,2,Friday,-15.6679
2023-05-15,GOOGL,Technology,84.5763,85.1897,84.5222,84.965,4486282,0.7505,81.5791,79.6172,1.6101,0.6675,2023,5,May,2,Monday,-15.035
2023-05-16,GOOGL,Technology,85.8641,86.1619,85.6101,85.9104,7124238,1.1127,81.8423,79.7604,1.6108,0.5518,2023,5,May,2,Tuesday,-14.0896
2023-05-17,GOOGL,Technology,85.0456,85.9917,83.6467,84.2168,5506167,-1.9714,82.0021,79.8742,1.6901,2.345,2023,5,May,2,Wednesday,-15.7832
2023-05-18,GOOGL,Technology,83.2945,84.5518,81.4267,82.8018,7678407,-1.6802,82.1567,79.9768,1.6936,3.1251,2023,5,May,2,Thursday,-17.1982
2023-05-19,GOOGL,Technology,80.9283,81.9829,80.7202,80.8295,4871785,-2.382,82.1555,80.0882,1.7612,1.2627,2023,5,May,2,Friday,-19.1705
2023-05-22,GOOGL,Technology,79.8398,80.0633,79.2728,79.4215,4367210,-1.7419,82.0889,80.1192,1.8045,0.7905,2023,5,May,2,Monday,-20.5785
2023-05-23,GOOGL,Technology,74.7256,75.0033,74.4389,74.9182,3148653,-5.6701,81.8182,80.0086,2.1971,0.5644,2023,5,May,2,Tuesday,-25.0818
2023-05-24,GOOGL,Technology,76.3991,76.6028,74.9972,75.7567,9199824,1.1192,81.6173,79.9762,2.2184,1.6056,2023,5,May,2,Wednesday,-24.2433
2023-05-25,GOOGL,Technology,83.2549,83.9592,82.0161,83.4372,2992954,10.1384,81.8043,80.079,3.2106,1.9431,2023,5,May,2,Thursday,-16.5628
2023-05-26,GOOGL,Technology,83.6885,85.0394,82.2922,83.7089,3597897,0.3256,82.0393,80.1924,3.1993,2.7472,2023,5,May,2,Friday,-16.2911
2023-05-29,GOOGL,Technology,81.7943,82.4288,80.5559,81.3629,1950227,-2.8026,82.1039,80.2535,3.2642,1.8729,2023,5,May,2,Monday,-18.6371
2023-05-30,GOOGL,Technology,81.1261,82.3502,78.9963,80.3414,4507114,-1.2555,82.1478,80.3062,3.2732,3.3539,2023,5,May,2,Tuesday,-19.6586
2023-05-31,GOOGL,Technology,80.2512,82.2661,79.4467,79.6281,4455079,-0.8878,82.0283,80.3406,3.1956,2.8194,2023,5,May,2,Wednesday,-20.3719
2023-06-01,GOOGL,Technology,78.7247,79.3466,76.6622,78.0315,8285213,-2.0051,81.7076,80.3378,3.1376,2.6844,2023,6,Jun,2,Thursday,-21.9685
2023-06-02,GOOGL,Technology,79.5968,79.7922,79.0426,79.3973,6705758,1.7503,81.5291,80.38,3.1529,0.7496,2023,6,Jun,2,Friday,-20.6027
2023-06-05,GOOGL,Technology,80.179,80.713,79.5537,80.7078,10513245,1.6506,81.4092,80.4756,3.1786,1.1593,2023,6,Jun,2,Monday,-19.2922
2023-06-06,GOOGL,Technology,79.1503,80.211,78.019,78.8669,2962332,-2.2809,81.25,80.5476,3.2061,2.192,2023,6,Jun,2,Tuesday,-21.1331
2023-06-07,GOOGL,Technology,79.9056,80.5769,79.8535,80.0342,6256348,1.4801,81.1748,80.6354,3.2242,0.7234,2023,6,Jun,2,Wednesday,-19.9658
2023-06-08,GOOGL,Technology,83.2767,83.4902,81.6229,82.5022,6731951,3.0837,81.0585,80.754,3.1674,1.8673,2023,6,Jun,2,Thursday,-17.4978
2023-06-09,GOOGL,Technology,86.1523,86.6776,85.2769,85.6663,2705245,3.8352,81.1252,80.9093,3.2833,1.4007,2023,6,Jun,2,Friday,-14.3337
2023-06-12,GOOGL,Technology,91.481,92.1611,90.3296,90.601,5005461,5.7604,81.407,81.1782,3.5161,1.8315,2023,6,Jun,2,Monday,-9.399
2023-06-13,GOOGL,Technology,89.5157,90.7394,88.615,88.9937,3137494,-1.774,81.5612,81.4057,3.5436,2.1244,2023,6,Jun,2,Tuesday,-11.0063
2023-06-14,GOOGL,Technology,93.7154,95.2412,92.5443,94.0472,9857649,5.6785,82.0527,81.704,3.7022,2.6969,2023,6,Jun,2,Wednesday,-5.9528
2023-06-15,GOOGL,Technology,92.7664,93.5433,92.246,93.4092,2896993,-0.6784,82.5831,81.9521,3.6762,1.2973,2023,6,Jun,2,Thursday,-6.5908
2023-06-16,GOOGL,Technology,92.9858,93.7375,91.2545,92.3304,2409180,-1.1549,83.1581,82.1801,3.6326,2.483,2023,6,Jun,2,Friday,-7.6696
2023-06-19,GOOGL,Technology,93.5406,93.7153,92.4742,92.962,6121889,0.6841,83.8352,82.4274,3.586,1.2411,2023,6,Jun,2,Monday,-7.038
2023-06-20,GOOGL,Technology,91.8413,92.5346,90.7822,91.9077,3924047,-1.1341,84.6846,82.6469,3.2825,1.7524,2023,6,Jun,2,Tuesday,-8.0923
2023-06-21,GOOGL,Technology,92.8703,93.0032,92.4075,92.6688,4311492,0.8281,85.5302,82.9184,3.283,0.5957,2023,6,Jun,2,Wednesday,-7.3312
2023-06-22,GOOGL,Technology,89.9891,90.9482,89.5417,90.25,4693158,-2.6102,85.8709,83.1472,2.5931,1.4065,2023,6,Jun,2,Thursday,-9.75
2023-06-23,GOOGL,Technology,89.6125,90.3413,89.181,89.8461,4410196,-0.4475,86.1777,83.344,2.6004,1.1603,2023,6,Jun,2,Friday,-10.1539
2023-06-26,GOOGL,Technology,92.6458,92.7828,91.905,92.1832,7972285,2.6012,86.7188,83.5664,2.5315,0.8778,2023,6,Jun,2,Monday,-7.8168
2023-06-27,GOOGL,Technology,91.7611,92.1642,91.7352,92.1056,19901202,-0.0842,87.307,83.7956,2.4983,0.429,2023,6,Jun,2,Tuesday,-7.8944
2023-06-28,GOOGL,Technology,92.3748,93.7105,92.1785,92.3941,4299029,0.3132,87.9453,84.0231,2.472,1.532,2023,6,Jun,2,Wednesday,-7.6059
2023-06-29,GOOGL,Technology,94.1556,95.6367,92.4931,93.3,2838786,0.9805,88.7087,84.2949,2.3839,3.1436,2023,6,Jun,2,Thursday,-6.7
2023-06-30,GOOGL,Technology,96.3544,97.1538,95.1605,95.5125,3977284,2.3714,89.5144,84.588,2.3992,1.9933,2023,6,Jun,2,Friday,-4.4875
2023-07-03,GOOGL,Technology,92.5642,93.5541,92.2638,92.3793,2731535,-3.2804,90.098,84.8206,2.5712,1.2903,2023,7,Jul,3,Monday,-7.6207
2023-07-04,GOOGL,Technology,92.9829,93.6673,91.4156,93.4869,2286336,1.199,90.829,85.0837,2.4741,2.2517,2023,7,Jul,3,Tuesday,-6.5131
2023-07-05,GOOGL,Technology,93.9413,94.5002,92.764,93.0136,5976007,-0.5063,91.478,85.3485,2.4887,1.7362,2023,7,Jul,3,Wednesday,-6.9864
2023-07-06,GOOGL,Technology,94.2328,94.4012,92.459,93.3515,3721135,0.3633,92.0205,85.6215,2.43,1.9422,2023,7,Jul,3,Thursday,-6.6485
2023-07-07,GOOGL,Technology,96.2699,97.4572,94.2644,95.3585,5035845,2.1499,92.5051,85.9485,2.3413,3.1928,2023,7,Jul,3,Friday,-4.6415
2023-07-10,GOOGL,Technology,93.0462,93.979,92.5776,93.1096,15835532,-2.3584,92.6305,86.2093,2.0822,1.4014,2023,7,Jul,3,Monday,-6.8904
2023-07-11,GOOGL,Technology,90.8272,92.1785,89.3773,91.2518,6104537,-1.9953,92.7434,86.4451,2.0935,2.8012,2023,7,Jul,3,Tuesday,-8.7482
2023-07-12,GOOGL,Technology,88.5452,90.3635,87.5671,87.7469,3772858,-3.8409,92.4284,86.5596,1.8358,2.7964,2023,7,Jul,3,Wednesday,-12.2531
2023-07-13,GOOGL,Technology,87.3874,87.9968,86.1536,87.7469,5551248,0.0,92.1453,86.6257,1.8353,1.8432,2023,7,Jul,3,Thursday,-12.2531
2023-07-14,GOOGL,Technology,88.6676,89.2473,88.6659,89.1454,2900161,1.5938,91.986,86.7492,1.8701,0.5814,2023,7,Jul,3,Friday,-10.8546
2023-07-17,GOOGL,Technology,89.6277,90.6137,88.4474,88.9572,7881858,-0.2111,91.7858,86.8663,1.8596,2.1663,2023,7,Jul,3,Monday,-11.0428
2023-07-18,GOOGL,Technology,85.9928,86.7521,84.6643,86.5996,2149898,-2.6503,91.5204,86.9572,1.9291,2.0878,2023,7,Jul,3,Tuesday,-13.4004
2023-07-19,GOOGL,Technology,85.222,86.2997,84.6025,85.7844,8174037,-0.9413,91.1762,87.0422,1.9162,1.6972,2023,7,Jul,3,Wednesday,-14.2156
2023-07-20,GOOGL,Technology,82.8325,83.6365,82.5379,83.2574,14764101,-2.9458,90.8265,87.0107,1.9382,1.0986,2023,7,Jul,3,Thursday,-16.7426
2023-07-21,GOOGL,Technology,81.7434,82.6019,80.4579,81.4088,8300132,-2.2203,90.4047,86.9523,1.9813,2.144,2023,7,Jul,3,Friday,-18.5912
2023-07-24,GOOGL,Technology,81.7878,82.9746,80.6926,82.0663,3803196,0.8077,89.8988,86.8943,1.8724,2.282,2023,7,Jul,3,Monday,-17.9337
2023-07-25,GOOGL,Technology,79.7988,81.1673,79.478,80.1642,6433470,-2.3178,89.3017,86.7794,1.9087,1.6893,2023,7,Jul,3,Tuesday,-19.8358
2023-07-26,GOOGL,Technology,81.2586,82.651,80.6965,81.9721,3632209,2.2552,88.7806,86.7345,2.0083,1.9545,2023,7,Jul,3,Wednesday,-18.0279
2023-07-27,GOOGL,Technology,81.4318,82.0081,80.9473,81.8801,6646729,-0.1122,88.2097,86.7161,1.9784,1.0608,2023,7,Jul,3,Thursday,-18.1199
2023-07-28,GOOGL,Technology,81.5642,82.7486,81.2485,82.0448,6601579,0.2011,87.5363,86.7404,1.861,1.5001,2023,7,Jul,3,Friday,-17.9552
2023-07-31,GOOGL,Technology,82.046,83.7224,81.2887,81.6127,6230844,-0.5267,86.9979,86.7842,1.7625,2.4337,2023,7,Jul,3,Monday,-18.3873
2023-08-01,GOOGL,Technology,82.0971,83.3387,81.2074,82.8986,5297506,1.5756,86.4685,86.9438,1.7846,2.1313,2023,8,Aug,3,Tuesday,-17.1014
2023-08-02,GOOGL,Technology,84.5006,84.5256,83.8821,84.222,7541785,1.5964,86.0289,87.1131,1.8501,0.6435,2023,8,Aug,3,Wednesday,-15.778
2023-08-03,GOOGL,Technology,85.642,85.6917,83.7703,84.8116,4260916,0.7001,85.6019,87.1406,1.8597,1.9214,2023,8,Aug,3,Thursday,-15.1884
2023-08-04,GOOGL,Technology,85.7403,86.9883,85.7073,85.7951,5666151,1.1596,85.1238,87.1823,1.7987,1.281,2023,8,Aug,3,Friday,-14.2049
2023-08-07,GOOGL,Technology,85.6347,86.5828,83.9932,85.4569,5116232,-0.3942,84.7411,87.2642,1.7454,2.5896,2023,8,Aug,3,Monday,-14.5431
2023-08-08,GOOGL,Technology,85.567,86.6188,85.1235,86.4092,3859181,1.1144,84.499,87.3855,1.7355,1.4953,2023,8,Aug,3,Tuesday,-13.5908
2023-08-09,GOOGL,Technology,86.1144,86.2348,85.5632,85.8512,5682700,-0.6458,84.4042,87.51,1.5223,0.6716,2023,8,Aug,3,Wednesday,-14.1488
2023-08-10,GOOGL,Technology,86.1586,87.1199,85.0589,85.8808,7704267,0.0345,84.3109,87.667,1.5224,2.061,2023,8,Aug,3,Thursday,-14.1192
2023-08-11,GOOGL,Technology,84.733,85.5514,84.068,85.4348,4005719,-0.5193,84.1254,87.7877,1.4714,1.4834,2023,8,Aug,3,Friday,-14.5652
2023-08-14,GOOGL,Technology,84.858,85.0869,83.7501,84.6792,9972598,-0.8844,83.9115,87.8672,1.4793,1.3368,2023,8,Aug,3,Monday,-15.3208
2023-08-15,GOOGL,Technology,84.1409,85.0743,83.5029,83.5375,8122858,-1.3483,83.7584,87.9606,1.3937,1.5714,2023,8,Aug,3,Tuesday,-16.4625
2023-08-16,GOOGL,Technology,84.5348,85.5961,82.6882,84.344,5904799,0.9654,83.6864,88.0468,1.4033,2.9079,2023,8,Aug,3,Wednesday,-15.656
2023-08-17,GOOGL,Technology,86.818,87.0071,85.7421,86.5801,3492128,2.6512,83.8525,88.1283,1.3581,1.265,2023,8,Aug,3,Thursday,-13.4199
2023-08-18,GOOGL,Technology,88.9499,89.6553,88.4291,88.634,7510154,2.3723,84.2138,88.1877,1.3141,1.2262,2023,8,Aug,3,Friday,-11.366
2023-08-21,GOOGL,Technology,86.9156,87.0773,86.3506,86.4331,2988084,-2.4831,84.4321,88.1043,1.4625,0.7267,2023,8,Aug,3,Monday,-13.5669
2023-08-22,GOOGL,Technology,89.5165,89.7178,88.6353,88.6876,5118979,2.6084,84.8583,88.0982,1.4179,1.0825,2023,8,Aug,3,Tuesday,-11.3124
2023-08-23,GOOGL,Technology,87.483,89.6651,86.5602,88.1499,5117963,-0.6063,85.1672,87.9803,1.377,3.1049,2023,8,Aug,3,Wednesday,-11.8501
2023-08-24,GOOGL,Technology,89.0353,89.7003,88.8889,89.2354,5709305,1.2314,85.5349,87.8968,1.3848,0.8114,2023,8,Aug,3,Thursday,-10.7646
2023-08-25,GOOGL,Technology,88.21,88.8284,86.9034,87.6449,6944064,-1.7824,85.8149,87.8031,1.4712,1.925,2023,8,Aug,3,Friday,-12.3551
2023-08-28,GOOGL,Technology,88.7077,89.3428,87.3676,87.92,5977597,0.3139,86.1303,87.7022,1.457,1.9752,2023,8,Aug,3,Monday,-12.08
2023-08-29,GOOGL,Technology,88.7436,89.8613,86.8067,88.4981,3764873,0.6575,86.4103,87.634,1.4317,3.0546,2023,8,Aug,3,Tuesday,-11.5019
2023-08-30,GOOGL,Technology,85.9866,87.5341,84.4313,85.8969,6236410,-2.9393,86.494,87.4986,1.5739,3.1028,2023,8,Aug,3,Wednesday,-14.1031
2023-08-31,GOOGL,Technology,86.9257,89.0053,86.3917,86.9677,4528546,1.2466,86.6018,87.433,1.5893,2.6136,2023,8,Aug,3,Thursday,-13.0323
2023-09-01,GOOGL,Technology,89.52,90.6819,89.0503,89.3348,6551888,2.7218,86.7788,87.4227,1.6781,1.6316,2023,9,Sep,3,Friday,-10.6652
2023-09-04,GOOGL,Technology,88.2214,89.842,87.3658,89.0496,5677447,-0.3192,86.9584,87.3601,1.6768,2.4762,2023,9,Sep,3,Monday,-10.9504
2023-09-05,GOOGL,Technology,90.7333,92.1365,89.4734,91.4987,7321697,2.7503,87.2129,87.3479,1.7605,2.6631,2023,9,Sep,3,Tuesday,-8.5013
2023-09-06,GOOGL,Technology,91.8349,92.8111,90.4639,91.179,7054642,-0.3494,87.4793,87.3236,1.7534,2.3472,2023,9,Sep,3,Wednesday,-8.821
2023-09-07,GOOGL,Technology,92.895,93.1125,92.6895,92.7557,11814425,1.7292,87.823,87.3127,1.7798,0.423,2023,9,Sep,3,Thursday,-7.2443
2023-09-08,GOOGL,Technology,87.8323,88.724,87.1865,88.6678,3168137,-4.4072,87.9847,87.1758,2.0736,1.5375,2023,9,Sep,3,Friday,-11.3322
2023-09-11,GOOGL,Technology,93.3964,94.0486,92.6483,92.9838,9445827,4.8676,88.3999,87.1879,2.3008,1.4003,2023,9,Sep,3,Monday,-7.0162
2023-09-12,GOOGL,Technology,96.2648,97.8687,94.9297,95.7927,3013478,3.0208,89.0127,87.2341,2.324,2.939,2023,9,Sep,3,Tuesday,-4.2073
2023-09-13,GOOGL,Technology,94.639,96.953,94.0252,95.2762,3054341,-0.5392,89.5593,87.2793,2.3397,2.9278,2023,9,Sep,3,Wednesday,-4.7238
2023-09-14,GOOGL,Technology,92.3105,93.4026,91.1874,91.5469,4152484,-3.9142,89.8076,87.2432,2.4975,2.2152,2023,9,Sep,3,Thursday,-8.4531
2023-09-15,GOOGL,Technology,91.7161,93.7374,91.004,92.1017,3231628,0.606,89.981,87.1781,2.4515,2.7334,2023,9,Sep,3,Friday,-7.8983
2023-09-18,GOOGL,Technology,88.5889,90.7522,88.4176,89.4696,6962386,-2.8578,90.1328,87.1053,2.4746,2.3346,2023,9,Sep,3,Monday,-10.5304
2023-09-19,GOOGL,Technology,90.5975,91.9506,89.6641,90.2924,13539627,0.9196,90.2131,87.0861,2.4163,2.2865,2023,9,Sep,3,Tuesday,-9.7076
2023-09-20,GOOGL,Technology,90.7833,91.5142,90.1965,91.0628,3561531,0.8532,90.3587,87.1524,2.4153,1.3177,2023,9,Sep,3,Wednesday,-8.9372
2023-09-21,GOOGL,Technology,88.6101,89.6486,88.4548,89.3755,3267599,-1.8529,90.3657,87.185,2.4436,1.1938,2023,9,Sep,3,Thursday,-10.6245
2023-09-22,GOOGL,Technology,90.5865,92.5004,89.8817,91.4061,8246988,2.272,90.5538,87.2302,2.453,2.6187,2023,9,Sep,3,Friday,-8.5939
2023-09-25,GOOGL,Technology,93.3623,94.0885,92.14,92.9062,3162684,1.6411,90.8031,87.3092,2.473,1.9485,2023,9,Sep,3,Monday,-7.0938
2023-09-26,GOOGL,Technology,95.2168,96.4635,94.3058,94.7473,7545355,1.9817,91.1156,87.4721,2.5005,2.1577,2023,9,Sep,3,Tuesday,-5.2527
2023-09-27,GOOGL,Technology,95.0572,95.0966,94.2957,94.7925,3128341,0.0477,91.5604,87.6523,2.3786,0.8009,2023,9,Sep,3,Wednesday,-5.2075
2023-09-28,GOOGL,Technology,92.0032,93.5607,91.4466,92.1373,9874357,-2.8011,91.8188,87.8299,2.4835,2.1141,2023,9,Sep,3,Thursday,-7.8627
2023-09-29,GOOGL,Technology,94.3844,94.4453,92.9773,93.9669,5947441,1.9857,92.0504,88.081,2.4512,1.468,2023,9,Sep,3,Friday,-6.0331
2023-10-02,GOOGL,Technology,94.1151,95.7087,93.4093,93.487,7546995,-0.5107,92.2723,88.3095,2.4541,2.2994,2023,10,Oct,4,Monday,-6.513
2023-10-03,GOOGL,Technology,90.2635,91.7762,90.1333,90.9165,5441647,-2.7496,92.2432,88.5245,2.4698,1.6429,2023,10,Oct,4,Tuesday,-9.0835
2023-10-04,GOOGL,Technology,93.9575,95.8039,92.9397,93.4022,4294200,2.734,92.3544,88.7531,2.5422,2.8642,2023,10,Oct,4,Wednesday,-6.5978
2023-10-05,GOOGL,Technology,97.6672,97.9719,96.3471,97.352,5356495,4.2288,92.5842,89.0625,2.6815,1.6248,2023,10,Oct,4,Thursday,-2.648
2023-10-06,GOOGL,Technology,96.5472,97.4211,96.3364,97.3009,4392185,-0.0525,93.0158,89.3677,2.4478,1.0847,2023,10,Oct,4,Friday,-2.6991
2023-10-09,GOOGL,Technology,101.6542,101.7805,101.2519,101.5318,6635984,4.3483,93.4432,89.766,2.4013,0.5286,2023,10,Oct,4,Monday,1.5318
2023-10-10,GOOGL,Technology,102.615,103.0805,101.3064,101.7477,2061614,0.2126,93.741,90.143,2.3251,1.7741,2023,10,Oct,4,Tuesday,1.7477
2023-10-11,GOOGL,Technology,100.4339,101.6473,99.3276,101.004,2393909,-0.7309,94.0274,90.4787,2.3292,2.3197,2023,10,Oct,4,Wednesday,1.004
2023-10-12,GOOGL,Technology,99.1076,99.9828,97.4297,99.7607,5035845,-1.2309,94.4381,90.7777,2.1424,2.5531,2023,10,Oct,4,Thursday,-0.2393
2023-10-13,GOOGL,Technology,103.9292,105.4128,102.2329,103.057,9074024,3.3042,94.9858,91.1229,2.2355,3.1799,2023,10,Oct,4,Friday,3.057
2023-10-16,GOOGL,Technology,101.6478,103.0327,101.4267,101.4799,4354763,-1.5303,95.5863,91.4434,2.1458,1.606,2023,10,Oct,4,Monday,1.4799
2023-10-17,GOOGL,Technology,102.1607,103.4494,101.4319,103.0027,6567496,1.5006,96.2218,91.7752,2.1535,2.0175,2023,10,Oct,4,Tuesday,3.0027
2023-10-18,GOOGL,Technology,101.6206,102.8881,101.1528,101.8817,7911536,-1.0883,96.7628,92.0958,2.1889,1.7353,2023,10,Oct,4,Wednesday,1.8817
2023-10-19,GOOGL,Technology,100.3954,101.2877,99.4972,100.9743,4003195,-0.8906,97.3427,92.3977,2.1425,1.7905,2023,10,Oct,4,Thursday,0.9743
2023-10-20,GOOGL,Technology,103.3337,105.2394,101.7372,103.0852,5733166,2.0905,97.9267,92.7507,2.1356,3.5022,2023,10,Oct,4,Friday,3.0852
2023-10-23,GOOGL,Technology,102.5938,104.1972,102.1566,102.3326,6023676,-0.7301,98.398,93.1038,2.142,2.0406,2023,10,Oct,4,Monday,2.3326
2023-10-24,GOOGL,Technology,101.2488,102.3167,99.7195,101.5348,4014901,-0.7796,98.7374,93.4637,2.1308,2.5972,2023,10,Oct,4,Tuesday,1.5348
2023-10-25,GOOGL,Technology,103.7988,105.0487,102.5078,103.8656,4279027,2.2956,99.191,93.8542,2.1719,2.5409,2023,10,Oct,4,Wednesday,3.8656
2023-10-26,GOOGL,Technology,108.1252,108.247,105.5006,107.2151,7000662,3.2248,99.9449,94.2669,2.1099,2.7464,2023,10,Oct,4,Thursday,7.2151
2023-10-27,GOOGL,Technology,107.8392,108.9611,107.5371,108.6297,2217747,1.3194,100.6781,94.6668,2.0951,1.424,2023,10,Oct,4,Friday,8.6297
2023-10-30,GOOGL,Technology,107.881,110.1358,106.5174,107.2397,3255447,-1.2796,101.3657,95.0829,2.1262,3.6184,2023,10,Oct,4,Monday,7.2397
2023-10-31,GOOGL,Technology,106.7959,107.3759,106.0678,106.1767,6552369,-0.9912,102.1287,95.4327,2.0087,1.3081,2023,10,Oct,4,Tuesday,6.1767
2023-11-01,GOOGL,Technology,111.6263,111.7114,109.1723,110.6253,3529680,4.1898,102.9899,95.8822,2.1066,2.5391,2023,11,Nov,4,Wednesday,10.6253
2023-11-02,GOOGL,Technology,111.4994,113.5755,111.2034,111.3686,4230809,0.6719,103.6907,96.3249,1.9527,2.3721,2023,11,Nov,4,Thursday,11.3686
2023-11-03,GOOGL,Technology,108.225,109.6872,107.7513,109.2017,3431094,-1.9457,104.2857,96.756,2.0348,1.9359,2023,11,Nov,4,Friday,9.2017
2023-11-06,GOOGL,Technology,110.7721,112.0579,109.012,110.8136,7173914,1.4761,104.7498,97.2139,1.8491,3.0459,2023,11,Nov,4,Monday,10.8136
2023-11-07,GOOGL,Technology,111.2417,111.5522,110.8951,111.0363,6333452,0.201,105.2143,97.6646,1.8492,0.6571,2023,11,Nov,4,Tuesday,11.0363
2023-11-08,GOOGL,Technology,106.5019,110.1796,105.2797,107.2595,5426315,-3.4014,105.527,98.0919,2.0271,4.8999,2023,11,Nov,4,Wednesday,7.2595
2023-11-09,GOOGL,Technology,105.5332,106.434,105.0108,105.299,2954333,-1.8278,105.804,98.4585,2.0553,1.4232,2023,11,Nov,4,Thursday,5.299
2023-11-10,GOOGL,Technology,104.0047,104.7647,102.2382,104.2689,3522178,-0.9783,105.8645,98.7572,1.945,2.5265,2023,11,Nov,4,Friday,4.2689
2023-11-13,GOOGL,Technology,104.4745,104.6606,103.3641,104.1482,3676517,-0.1158,105.998,99.0592,1.9088,1.2965,2023,11,Nov,4,Monday,4.1482
2023-11-14,GOOGL,Technology,108.8802,109.7723,106.582,108.1148,15459940,3.8086,106.2536,99.3915,2.0588,3.1903,2023,11,Nov,4,Tuesday,8.1148
2023-11-15,GOOGL,Technology,107.9008,110.5448,107.4735,108.6622,5086247,0.5063,106.5926,99.7411,2.0345,3.0713,2023,11,Nov,4,Wednesday,8.6622
2023-11-16,GOOGL,Technology,106.2799,107.7809,105.2287,106.8676,4450350,-1.6515,106.8873,100.0234,2.0657,2.5522,2023,11,Nov,4,Thursday,6.8676
2023-11-17,GOOGL,Technology,107.4303,108.6083,106.7026,107.3712,6428305,0.4712,107.1016,100.3975,2.0233,1.9057,2023,11,Nov,4,Friday,7.3712
2023-11-20,GOOGL,Technology,106.5792,107.94,105.8773,106.6473,2853360,-0.6742,107.3173,100.6707,2.0219,2.0627,2023,11,Nov,4,Monday,6.6473
2023-11-21,GOOGL,Technology,108.3595,111.0189,106.834,107.372,10687834,0.6795,107.6092,100.9023,2.01,4.1849,2023,11,Nov,4,Tuesday,7.372
2023-11-22,GOOGL,Technology,108.3035,108.7777,107.9486,108.651,2695388,1.1912,107.8484,101.1698,1.967,0.8291,2023,11,Nov,4,Wednesday,8.651
2023-11-23,GOOGL,Technology,111.679,112.3915,110.9145,111.3113,3592575,2.4485,108.0532,101.5651,1.9119,1.477,2023,11,Nov,4,Thursday,11.3113
2023-11-24,GOOGL,Technology,112.3108,112.534,109.065,111.2906,2951306,-0.0186,108.1863,101.9489,1.8942,3.469,2023,11,Nov,4,Friday,11.2906
2023-11-27,GOOGL,Technology,115.3544,116.9863,114.7145,114.972,7226968,3.3079,108.5729,102.4589,1.9889,2.2718,2023,11,Nov,4,Monday,14.972
2023-11-28,GOOGL,Technology,117.2185,117.9431,115.905,117.0944,4925321,1.846,109.1188,102.995,1.9881,2.0381,2023,11,Nov,4,Tuesday,17.0944
2023-11-29,GOOGL,Technology,114.512,116.9475,113.2612,115.4728,5619459,-1.3849,109.3612,103.4832,1.8294,3.6863,2023,11,Nov,4,Wednesday,15.4728
2023-11-30,GOOGL,Technology,119.8086,123.1641,119.7446,120.611,5535297,4.4497,109.8233,104.1079,2.0581,3.4195,2023,11,Nov,4,Thursday,20.611
2023-12-01,GOOGL,Technology,120.4813,122.7442,120.4596,121.436,4229720,0.684,110.435,104.7085,1.9816,2.2846,2023,12,Dec,4,Friday,21.436
2023-12-04,GOOGL,Technology,118.3428,120.1197,116.6052,119.4441,12804779,-1.6403,110.8665,105.2392,2.027,3.5145,2023,12,Dec,4,Monday,19.4441
2023-12-05,GOOGL,Technology,124.2015,124.5616,123.1643,123.4286,5035845,3.3359,111.4861,105.8128,2.1298,1.3973,2023,12,Dec,4,Tuesday,23.4286
2023-12-06,GOOGL,Technology,129.8708,129.9417,125.453,128.5947,4990353,4.1855,112.5529,106.4889,2.0633,4.4887,2023,12,Dec,4,Wednesday,28.5947
2023-12-07,GOOGL,Technology,128.8391,128.852,127.6631,128.5484,4279996,-0.036,113.7154,107.2171,1.9742,1.1889,2023,12,Dec,4,Thursday,28.5484
2023-12-08,GOOGL,Technology,127.1047,127.8045,126.9656,127.2921,6997666,-0.9773,114.8665,107.8836,1.9741,0.8389,2023,12,Dec,4,Friday,27.2921
2023-12-11,GOOGL,Technology,126.532,128.029,123.0546,126.8914,9053500,-0.3148,116.0037,108.5517,1.9806,4.9744,2023,12,Dec,4,Monday,26.8914
2023-12-12,GOOGL,Technology,128.62,129.4144,128.4379,128.7434,9732334,1.4595,117.0351,109.3082,1.8727,0.9765,2023,12,Dec,4,Tuesday,28.7434
2023-12-13,GOOGL,Technology,131.6457,133.7558,130.4244,132.0723,3589784,2.5857,118.2056,110.0816,1.9075,3.3314,2023,12,Dec,4,Wednesday,32.0723
2023-12-14,GOOGL,Technology,132.7366,133.7348,131.4023,133.6188,3053384,1.1709,119.5432,110.807,1.8027,2.3325,2023,12,Dec,4,Thursday,33.6188
2023-12-15,GOOGL,Technology,134.3953,135.5924,132.4521,133.9308,2373377,0.2335,120.8712,111.5396,1.8081,3.1403,2023,12,Dec,4,Friday,33.9308
2023-12-18,GOOGL,Technology,139.0446,139.2466,137.8286,137.9835,3290132,3.026,122.438,112.2686,1.8035,1.418,2023,12,Dec,4,Monday,37.9835
2023-12-19,GOOGL,Technology,138.1202,140.1855,136.0095,137.1616,11614900,-0.5957,123.9274,112.9769,1.8489,4.176,2023,12,Dec,4,Tuesday,37.1616
2023-12-20,GOOGL,Technology,141.3562,142.2612,139.6064,140.0308,7297860,2.0918,125.4964,113.7574,1.8584,2.6548,2023,12,Dec,4,Wednesday,40.0308
2023-12-21,GOOGL,Technology,140.6537,141.3202,138.5479,139.2661,11250074,-0.5461,126.8942,114.5475,1.8809,2.7723,2023,12,Dec,4,Thursday,39.2661
2023-12-22,GOOGL,Technology,140.8578,141.5882,140.4803,140.5084,2240149,0.892,128.3551,115.2966,1.8623,1.1079,2023,12,Dec,4,Friday,40.5084
2023-12-25,GOOGL,Technology,141.4268,142.2095,138.837,140.2314,6510758,-0.1971,129.618,116.0716,1.8167,3.3725,2023,12,Dec,4,Monday,40.2314
2023-12-26,GOOGL,Technology,139.2306,141.1935,137.9591,140.1168,5064481,-0.0817,130.7692,116.8139,1.8213,3.2344,2023,12,Dec,4,Tuesday,40.1168
2023-12-27,GOOGL,Technology,140.2722,141.2263,138.7365,139.1013,4021208,-0.7248,131.9506,117.5583,1.783,2.4898,2023,12,Dec,4,Wednesday,39.1013
2023-12-28,GOOGL,Technology,144.0524,144.0993,141.7373,142.8844,5087682,2.7197,133.0642,118.3965,1.6405,2.362,2023,12,Dec,4,Thursday,42.8844
2023-12-29,GOOGL,Technology,139.7351,141.6653,139.5148,140.8328,7324844,-1.4358,134.0341,119.1514,1.7193,2.1505,2023,12,Dec,4,Friday,40.8328
2024-01-01,GOOGL,Technology,138.4194,139.3463,138.053,138.7901,2631386,-1.4504,135.0014,119.8806,1.7059,1.2933,2024,1,Jan,1,Monday,38.7901
2024-01-02,GOOGL,Technology,145.1166,146.2174,143.8929,144.7192,5304804,4.272,136.0659,120.7443,1.7908,2.3245,2024,1,Jan,1,Tuesday,44.7192
2024-01-03,GOOGL,Technology,148.6173,149.1952,144.1426,147.5929,8634339,1.9857,137.0158,121.6188,1.6335,5.0526,2024,1,Jan,1,Wednesday,47.5929
2024-01-04,GOOGL,Technology,141.9385,143.4037,140.2687,140.5966,5313109,-4.7403,137.6182,122.2864,2.035,3.135,2024,1,Jan,1,Thursday,40.5966
2024-01-05,GOOGL,Technology,139.1855,139.6221,138.2898,139.0494,3854481,-1.1005,138.2061,122.8948,2.0397,1.3323,2024,1,Jan,1,Friday,39.0494
2024-01-08,GOOGL,Technology,133.3945,135.3906,131.5285,134.052,3220637,-3.594,138.5641,123.4311,2.2286,3.8621,2024,1,Jan,1,Monday,34.052
2024-01-09,GOOGL,Technology,130.3393,131.7726,129.7781,131.5433,13508798,-1.8714,138.7041,123.9384,2.2615,1.9945,2024,1,Jan,1,Tuesday,31.5433
2024-01-10,GOOGL,Technology,123.188,124.6657,122.6383,123.3258,12977060,-6.247,138.2668,124.1924,2.5949,2.0274,2024,1,Jan,1,Wednesday,23.3258
2024-01-11,GOOGL,Technology,124.1409,125.3433,122.709,123.0249,9012284,-0.244,137.7371,124.4255,2.5716,2.6343,2024,1,Jan,1,Thursday,23.0249
2024-01-12,GOOGL,Technology,120.6001,120.8872,118.7202,120.2521,5036870,-2.2539,137.0532,124.6466,2.6004,2.167,2024,1,Jan,1,Friday,20.2521
2024-01-15,GOOGL,Technology,125.1006,125.5796,123.3767,124.0398,5236710,3.1498,136.356,124.9111,2.6093,2.2029,2024,1,Jan,1,Monday,24.0398
2024-01-16,GOOGL,Technology,120.2537,120.9341,119.0719,120.0454,3605883,-3.2203,135.5002,125.0913,2.6795,1.8622,2024,1,Jan,1,Tuesday,20.0454
2024-01-17,GOOGL,Technology,119.5451,121.3815,119.4693,120.2805,5569921,0.1958,134.5127,125.3517,2.6108,1.9122,2024,1,Jan,1,Wednesday,20.2805
2024-01-18,GOOGL,Technology,119.5603,120.9121,116.86,119.3184,5671421,-0.7999,133.5153,125.6321,2.6105,4.0521,2024,1,Jan,1,Thursday,19.3184
2024-01-19,GOOGL,Technology,122.7017,123.6749,122.3973,122.9384,5755321,3.0339,132.6368,126.0055,2.7224,1.2776,2024,1,Jan,1,Friday,22.9384
2024-01-22,GOOGL,Technology,126.5574,126.7327,125.8157,126.4455,6472221,2.8527,131.9475,126.4514,2.8312,0.917,2024,1,Jan,1,Monday,26.4455
2024-01-23,GOOGL,Technology,129.3415,130.7102,128.4208,128.4695,5188946,1.6007,131.3651,126.8585,2.8683,2.2894,2024,1,Jan,1,Tuesday,28.4695
2024-01-24,GOOGL,Technology,126.8254,130.0888,126.6335,127.6689,5525947,-0.6232,130.7935,127.2386,2.8678,3.4553,2024,1,Jan,1,Wednesday,27.6689
2024-01-25,GOOGL,Technology,133.2943,133.3833,131.1044,132.7766,4085018,4.0007,130.2881,127.7568,2.9539,2.2789,2024,1,Jan,1,Thursday,32.7766
2024-01-26,GOOGL,Technology,128.3219,129.2723,125.7458,128.6923,3610311,-3.0761,129.6811,128.1832,3.0086,3.5265,2024,1,Jan,1,Friday,28.6923
2024-01-29,GOOGL,Technology,124.3698,126.3296,123.4433,125.1183,8061780,-2.7772,128.9975,128.5527,3.0473,2.8863,2024,1,Jan,1,Monday,25.1183
2024-01-30,GOOGL,Technology,125.2835,126.2595,124.6771,124.9462,5365530,-0.1375,128.0088,128.9041,2.8382,1.5824,2024,1,Jan,1,Tuesday,24.9462
2024-01-31,GOOGL,Technology,129.5486,132.6083,126.9604,130.6164,2315459,4.5381,127.16,129.3434,3.0168,5.6479,2024,1,Jan,1,Wednesday,30.6164
2024-02-01,GOOGL,Technology,130.1844,130.8348,127.536,130.127,4173782,-0.3747,126.6365,129.7198,2.8523,3.2988,2024,2,Feb,1,Thursday,30.127
2024-02-02,GOOGL,Technology,128.5645,129.848,127.3391,129.6891,5319699,-0.3365,126.1685,130.0877,2.8468,2.5089,2024,2,Feb,1,Friday,29.6891
2024-02-05,GOOGL,Technology,124.7845,126.2971,123.2191,125.988,3117350,-2.8538,125.7653,130.308,2.8064,3.078,2024,2,Feb,1,Monday,25.988
2024-02-06,GOOGL,Technology,128.8415,129.6707,127.8669,128.4093,2768659,1.9218,125.6086,130.5343,2.8208,1.8038,2024,2,Feb,1,Tuesday,28.4093
2024-02-07,GOOGL,Technology,130.6653,131.9093,130.3725,130.8958,5898774,1.9364,125.9871,130.8428,2.4484,1.5368,2024,2,Feb,1,Wednesday,30.8958
2024-02-08,GOOGL,Technology,134.1827,134.9346,130.9882,133.0008,7371678,1.6081,126.4859,131.0906,2.4607,3.9464,2024,2,Feb,1,Thursday,33.0008
2024-02-09,GOOGL,Technology,132.0552,132.2809,131.1743,131.367,16183499,-1.2284,127.0417,131.2892,2.4123,1.1066,2024,2,Feb,1,Friday,31.367
2024-02-12,GOOGL,Technology,129.6623,130.8929,129.1681,129.5496,3609590,-1.3835,127.3172,131.4913,2.3597,1.7248,2024,2,Feb,1,Monday,29.5496
2024-02-13,GOOGL,Technology,125.1051,127.7901,124.5851,126.238,12369277,-2.5562,127.6268,131.5475,2.3126,3.205,2024,2,Feb,1,Tuesday,26.238
2024-02-14,GOOGL,Technology,126.5689,127.3014,123.9552,126.4876,2787413,0.1977,127.9371,131.5054,2.3126,3.3462,2024,2,Feb,1,Wednesday,26.4876
2024-02-15,GOOGL,Technology,124.6384,125.5263,122.7285,123.7924,3952348,-2.1308,128.1608,131.4103,2.3638,2.7978,2024,2,Feb,1,Thursday,23.7924
2024-02-16,GOOGL,Technology,120.4243,122.7264,119.3357,120.9145,4839630,-2.3248,128.0596,131.2827,2.3304,3.3907,2024,2,Feb,1,Friday,20.9145
2024-02-19,GOOGL,Technology,118.837,120.002,118.7428,119.9261,9103165,-0.8174,127.7337,131.1434,2.2316,1.2592,2024,2,Feb,1,Monday,19.9261
2024-02-20,GOOGL,Technology,118.1608,118.8059,117.4144,118.7888,4523659,-0.9483,127.2496,130.9443,2.1934,1.3915,2024,2,Feb,1,Tuesday,18.7888
2024-02-21,GOOGL,Technology,117.7082,119.0658,117.3187,117.5464,5007320,-1.0459,126.7435,130.6538,2.198,1.7471,2024,2,Feb,1,Wednesday,17.5464
2024-02-22,GOOGL,Technology,118.3108,118.8893,114.8489,118.6782,6352582,0.9629,126.0386,130.355,1.972,4.0404,2024,2,Feb,1,Thursday,18.6782
2024-02-23,GOOGL,Technology,119.6741,120.6906,118.8903,118.9014,8478912,0.1881,125.549,130.0544,1.8843,1.8003,2024,2,Feb,1,Friday,18.9014
2024-02-26,GOOGL,Technology,117.4201,118.7219,116.9156,118.2519,7707680,-0.5463,125.2057,129.6598,1.7989,1.8063,2024,2,Feb,1,Monday,18.2519
2024-02-27,GOOGL,Technology,117.9372,118.7679,117.3412,118.7202,8694310,0.396,124.8944,129.2909,1.8048,1.4267,2024,2,Feb,1,Tuesday,18.7202
2024-02-28,GOOGL,Technology,117.1922,118.6474,115.2413,116.4015,1929974,-1.9531,124.1837,128.8183,1.449,3.4061,2024,2,Feb,1,Wednesday,16.4015
2024-02-29,GOOGL,Technology,117.8061,118.099,116.4722,116.6815,2342237,0.2405,123.5114,128.3667,1.4597,1.6268,2024,2,Feb,1,Thursday,16.6815
2024-03-01,GOOGL,Technology,116.8616,117.4768,116.1715,117.068,5885650,0.3312,122.8804,127.8978,1.472,1.3053,2024,3,Mar,1,Friday,17.068
2024-03-04,GOOGL,Technology,113.0625,113.6828,112.4002,113.5839,6377707,-2.9761,122.2601,127.3649,1.4825,1.2826,2024,3,Mar,1,Monday,13.5839
2024-03-05,GOOGL,Technology,115.2702,116.1085,114.0478,115.8799,8016155,2.0214,121.6337,126.8802,1.4913,2.0607,2024,3,Mar,1,Tuesday,15.8799
2024-03-06,GOOGL,Technology,114.2687,115.3947,113.3129,113.8718,3832326,-1.7329,120.7825,126.3756,1.3984,2.0818,2024,3,Mar,1,Wednesday,13.8718
2024-03-07,GOOGL,Technology,114.6339,117.6378,111.894,114.1117,3512418,0.2107,119.838,125.8001,1.3099,5.7438,2024,3,Mar,1,Thursday,14.1117
2024-03-08,GOOGL,Technology,116.3209,117.6053,115.3331,116.8034,4373171,2.3588,119.1098,125.3195,1.4766,2.2722,2024,3,Mar,1,Friday,16.8034
2024-03-11,GOOGL,Technology,117.8979,119.8443,117.1989,119.0009,3442574,1.8814,118.5824,124.9237,1.5606,2.6454,2024,3,Mar,1,Monday,19.0009
2024-03-12,GOOGL,Technology,118.7025,120.576,117.5717,119.1183,6497629,0.0987,118.2264,124.4117,1.4795,3.0043,2024,3,Mar,1,Tuesday,19.1183
2024-03-13,GOOGL,Technology,117.1582,118.4001,116.9484,118.2904,5507829,-0.695,117.8166,123.8257,1.4778,1.4517,2024,3,Mar,1,Wednesday,18.2904
2024-03-14,GOOGL,Technology,120.1499,121.0052,118.7349,120.5675,3041885,1.925,117.6553,123.4251,1.495,2.2703,2024,3,Mar,1,Thursday,20.5675
2024-03-15,GOOGL,Technology,122.3272,123.7364,121.3549,122.2306,11928539,1.3794,117.7211,123.0887,1.4359,2.3815,2024,3,Mar,1,Friday,22.2306
2024-03-18,GOOGL,Technology,121.6106,123.2259,120.0164,120.7556,6646447,-1.2067,117.7626,122.8228,1.451,3.2095,2024,3,Mar,1,Monday,20.7556
2024-03-19,GOOGL,Technology,119.7733,119.8585,116.9637,118.8721,3461841,-1.5598,117.7668,122.5694,1.4792,2.8948,2024,3,Mar,1,Tuesday,18.8721
2024-03-20,GOOGL,Technology,113.3754,115.1299,113.2785,113.9808,2902264,-4.1148,117.5885,122.3825,1.7325,1.8514,2024,3,Mar,1,Wednesday,13.9808
2024-03-21,GOOGL,Technology,115.444,116.2265,113.3828,114.3662,9575733,0.3381,117.3729,122.2093,1.7171,2.8437,2024,3,Mar,1,Thursday,14.3662
2024-03-22,GOOGL,Technology,113.2813,115.9101,113.1817,114.2113,9328644,-0.1354,117.1384,122.0885,1.7151,2.7284,2024,3,Mar,1,Friday,14.2113
2024-03-25,GOOGL,Technology,117.1115,117.2698,116.0677,116.8409,14706580,2.3024,117.0678,121.9445,1.7998,1.2021,2024,3,Mar,1,Monday,16.8409
2024-03-26,GOOGL,Technology,118.7209,118.7474,116.8159,117.715,4110738,0.7481,117.0176,121.8979,1.8061,1.9315,2024,3,Mar,1,Tuesday,17.715
2024-03-27,GOOGL,Technology,120.1337,123.1673,120.1318,120.8915,15632634,2.6985,117.2421,121.9101,1.8441,3.0355,2024,3,Mar,1,Wednesday,20.8915
2024-03-28,GOOGL,Technology,118.2956,119.3551,116.6118,119.2417,5431328,-1.3647,117.3701,121.9086,1.8771,2.7433,2024,3,Mar,1,Thursday,19.2417
2024-03-29,GOOGL,Technology,122.4346,123.6133,120.981,121.9917,1965321,2.3062,117.6163,121.8896,1.9394,2.6323,2024,3,Mar,1,Friday,21.9917
2024-04-01,GOOGL,Technology,120.6108,121.2344,120.435,120.7379,1941422,-1.0278,117.974,121.7755,1.8152,0.7994,2024,4,Apr,2,Monday,20.7379
2024-04-02,GOOGL,Technology,122.2254,122.728,122.0988,122.6518,1867292,1.5852,118.3126,121.6591,1.7962,0.6292,2024,4,Apr,2,Tuesday,22.6518
2024-04-03,GOOGL,Technology,119.975,121.8102,118.4831,119.1102,4023050,-2.8875,118.5745,121.488,1.8815,3.3271,2024,4,Apr,2,Wednesday,19.1102
2024-04-04,GOOGL,Technology,119.4493,120.6824,118.2022,119.7061,3994658,0.5003,118.8542,121.2266,1.8824,2.4802,2024,4,Apr,2,Thursday,19.7061
2024-04-05,GOOGL,Technology,113.9425,116.2524,112.5949,114.9904,2013576,-3.9394,118.7635,120.9525,2.033,3.6575,2024,4,Apr,2,Friday,14.9904
2024-04-08,GOOGL,Technology,114.5019,116.6397,114.0575,114.4105,2549930,-0.5043,118.534,120.7384,1.9825,2.5822,2024,4,Apr,2,Monday,14.4105
2024-04-09,GOOGL,Technology,115.4564,115.765,114.9348,115.4525,5969078,0.9108,118.3507,120.5485,1.9967,0.8302,2024,4,Apr,2,Tuesday,15.4525
2024-04-10,GOOGL,Technology,113.1878,115.3167,112.0,114.2842,3239106,-1.0119,118.1504,120.2218,2.0026,3.3167,2024,4,Apr,2,Wednesday,14.2842
2024-04-11,GOOGL,Technology,111.6521,113.3699,110.0158,111.9175,8283212,-2.0709,117.7179,119.8576,1.9837,3.3541,2024,4,Apr,2,Thursday,11.9175
2024-04-12,GOOGL,Technology,113.0805,115.5692,112.6765,113.845,6085689,1.7223,117.2986,119.5408,2.0008,2.8927,2024,4,Apr,2,Friday,13.845
2024-04-15,GOOGL,Technology,113.5901,114.1418,112.8951,113.6435,5094795,-0.177,116.943,119.2939,1.9905,1.2467,2024,4,Apr,2,Monday,13.6435
2024-04-16,GOOGL,Technology,112.4702,112.736,111.4507,112.5649,5395675,-0.9491,116.6277,118.977,1.9745,1.2853,2024,4,Apr,2,Tuesday,12.5649
2024-04-17,GOOGL,Technology,113.7521,115.2049,111.9533,112.693,3934073,0.1138,116.5633,118.6129,1.7533,3.2516,2024,4,Apr,2,Wednesday,12.693
2024-04-18,GOOGL,Technology,118.5412,120.603,117.4876,118.6695,2265908,5.3033,116.7785,118.3263,2.1226,3.1154,2024,4,Apr,2,Thursday,18.6695
2024-04-19,GOOGL,Technology,120.6781,122.7945,120.1522,121.4428,4554973,2.337,117.14,118.1278,2.173,2.6423,2024,4,Apr,2,Friday,21.4428
2024-04-22,GOOGL,Technology,123.6346,124.8988,123.3932,124.303,2625160,2.3552,117.5131,118.0229,2.1756,1.5056,2024,4,Apr,2,Monday,24.303
2024-04-23,GOOGL,Technology,125.3756,126.0341,122.5942,125.423,3281788,0.901,117.8985,118.0066,2.1774,3.4399,2024,4,Apr,2,Tuesday,25.423
2024-04-24,GOOGL,Technology,126.2535,127.8488,125.7403,125.8783,5343427,0.363,118.1479,117.9944,2.1057,2.1085,2024,4,Apr,2,Wednesday,25.8783
2024-04-25,GOOGL,Technology,120.6998,121.0347,119.4391,119.8838,4801082,-4.7621,118.18,117.9162,2.362,1.5956,2024,4,Apr,2,Thursday,19.8838
2024-04-26,GOOGL,Technology,117.2926,119.2799,116.6284,118.2918,3958509,-1.328,117.995,117.8638,2.319,2.6515,2024,4,Apr,2,Friday,18.2918
2024-04-29,GOOGL,Technology,117.6356,117.9733,116.7697,117.1903,9059745,-0.9312,117.8176,117.8091,2.3171,1.2036,2024,4,Apr,2,Monday,17.1903
2024-04-30,GOOGL,Technology,112.295,113.5814,111.4792,112.8311,4269092,-3.7198,117.3266,117.6899,2.4129,2.1022,2024,4,Apr,2,Tuesday,12.8311
2024-05-01,GOOGL,Technology,111.2124,111.4141,108.2093,110.2531,6299781,-2.2848,116.8837,117.544,2.3836,3.2048,2024,5,May,2,Wednesday,10.2531
2024-05-02,GOOGL,Technology,105.5688,106.0339,105.0366,105.9183,6088138,-3.9317,116.1943,117.2888,2.5026,0.9973,2024,5,May,2,Thursday,5.9183
2024-05-03,GOOGL,Technology,105.7325,107.3332,105.0124,105.8689,5475746,-0.0466,115.7382,117.0282,2.3757,2.3208,2024,5,May,2,Friday,5.8689
2024-05-06,GOOGL,Technology,107.0468,107.9512,106.7708,107.6343,7785796,1.6675,115.3994,116.8158,2.4193,1.1804,2024,5,May,2,Monday,7.6343
2024-05-07,GOOGL,Technology,110.2169,110.6803,109.5561,110.0491,6284273,2.2435,115.1293,116.6424,2.4715,1.1242,2024,5,May,2,Tuesday,10.0491
2024-05-08,GOOGL,Technology,111.8682,113.3697,110.6679,110.995,2718359,0.8595,114.9648,116.5343,2.475,2.7018,2024,5,May,2,Wednesday,10.995
2024-05-09,GOOGL,Technology,109.6145,111.03,108.1122,108.8897,7963603,-1.8968,114.8134,116.3785,2.468,2.9178,2024,5,May,2,Thursday,8.8897
2024-05-10,GOOGL,Technology,104.7773,106.6732,104.2326,104.7147,6737736,-3.8342,114.3569,116.1314,2.5621,2.4406,2024,5,May,2,Friday,4.7147
2024-05-13,GOOGL,Technology,100.9504,101.3806,99.8233,101.0667,3363124,-3.4838,113.7281,115.881,2.653,1.5573,2024,5,May,2,Monday,1.0667
2024-05-14,GOOGL,Technology,98.4754,99.7053,97.8004,98.532,12255748,-2.5079,113.0264,115.5341,2.688,1.9049,2024,5,May,2,Tuesday,-1.468
2024-05-15,GOOGL,Technology,97.5163,98.2788,96.5909,96.8099,13345968,-1.7478,112.2323,115.1928,2.6931,1.6879,2024,5,May,2,Wednesday,-3.1901
2024-05-16,GOOGL,Technology,96.0225,96.8532,94.9396,96.5297,4531908,-0.2894,111.1253,114.8412,2.2955,1.9136,2024,5,May,2,Thursday,-3.4703
2024-05-17,GOOGL,Technology,93.9715,94.9674,92.396,94.6007,3267924,-1.9983,109.7832,114.3972,2.1646,2.5714,2024,5,May,2,Friday,-5.3993
2024-05-20,GOOGL,Technology,96.0854,97.4712,95.0383,95.2704,3411196,0.7079,108.3315,113.9225,2.0498,2.4329,2024,5,May,2,Monday,-4.7296
2024-05-21,GOOGL,Technology,95.2528,95.891,93.7385,94.8564,10090516,-0.4346,106.8032,113.4373,1.9953,2.1525,2024,5,May,2,Tuesday,-5.1436
2024-05-22,GOOGL,Technology,94.5873,95.1376,94.4533,94.9049,18270454,0.0511,105.2545,112.9696,1.9822,0.6843,2024,5,May,2,Wednesday,-5.0951
2024-05-23,GOOGL,Technology,97.9633,98.7905,96.2094,97.0977,5167196,2.3105,104.1152,112.5002,1.9786,2.5811,2024,5,May,2,Thursday,-2.9023
2024-05-24,GOOGL,Technology,94.7722,95.4046,94.6524,94.8349,5589215,-2.3304,102.9424,111.9523,1.9991,0.7522,2024,5,May,2,Friday,-5.1651
2024-05-27,GOOGL,Technology,95.2171,97.0705,94.729,95.6575,8677937,0.8674,101.8658,111.4503,2.0461,2.3415,2024,5,May,2,Monday,-4.3425
2024-05-28,GOOGL,Technology,96.2929,96.4631,95.2917,95.6594,2079178,0.002,101.0072,110.9861,1.9518,1.1714,2024,5,May,2,Tuesday,-4.3406
2024-05-29,GOOGL,Technology,94.2578,95.2208,93.5172,95.0501,2272370,-0.6369,100.247,110.6075,1.9205,1.7036,2024,5,May,2,Wednesday,-4.9499
2024-05-30,GOOGL,Technology,96.6854,97.5842,96.0179,96.7615,2522658,1.8005,99.7892,110.2554,1.8424,1.5663,2024,5,May,2,Thursday,-3.2385
2024-05-31,GOOGL,Technology,99.0825,99.5854,97.633,98.4916,8531052,1.788,99.4203,109.941,1.9072,1.9524,2024,5,May,2,Friday,-1.5084
2024-06-03,GOOGL,Technology,95.792,96.7423,95.5628,96.6567,5892916,-1.863,98.8714,109.5373,1.8745,1.1795,2024,6,Jun,2,Monday,-3.3433
2024-06-04,GOOGL,Technology,96.6776,98.005,94.2637,96.3336,6488593,-0.3343,98.1857,109.1097,1.7596,3.7413,2024,6,Jun,2,Tuesday,-3.6664
2024-06-05,GOOGL,Technology,97.5076,99.5274,96.2933,96.9043,3722248,0.5924,97.4811,108.6299,1.7485,3.2341,2024,6,Jun,2,Wednesday,-3.0957
2024-06-06,GOOGL,Technology,96.2107,96.9713,95.5297,96.4043,5081316,-0.516,96.8568,108.1732,1.7243,1.4416,2024,6,Jun,2,Thursday,-3.5957
2024-06-07,GOOGL,Technology,96.7102,98.4332,95.5612,97.5611,2166162,1.1999,96.4992,107.6846,1.5883,2.872,2024,6,Jun,2,Friday,-2.4389
2024-06-10,GOOGL,Technology,98.2492,99.6538,96.2517,98.1391,4423148,0.5924,96.3528,107.2326,1.416,3.4021,2024,6,Jun,2,Monday,-1.8609
2024-06-11,GOOGL,Technology,102.688,104.2332,101.6909,101.7654,5184307,3.6951,96.5145,106.8148,1.543,2.5423,2024,6,Jun,2,Tuesday,1.7654
2024-06-12,GOOGL,Technology,97.7533,98.727,97.0143,98.6814,10554041,-3.0305,96.608,106.4063,1.65,1.7127,2024,6,Jun,2,Wednesday,-1.3186
2024-06-13,GOOGL,Technology,98.1044,98.6677,97.6066,98.4693,4951450,-0.2149,96.705,105.9815,1.6491,1.0611,2024,6,Jun,2,Thursday,-1.5307
2024-06-14,GOOGL,Technology,97.0427,97.6606,96.0245,96.7097,4022532,-1.787,96.8105,105.6159,1.6355,1.6361,2024,6,Jun,2,Friday,-3.2903
2024-06-17,GOOGL,Technology,98.7303,100.1774,97.7922,97.9072,8380307,1.2382,96.9423,105.2859,1.6497,2.3852,2024,6,Jun,2,Monday,-2.0928
2024-06-18,GOOGL,Technology,94.601,96.2581,94.2819,94.7699,3858856,-3.2044,96.938,104.8722,1.8098,1.9762,2024,6,Jun,2,Tuesday,-5.2301
2024-06-19,GOOGL,Technology,95.4021,95.9685,95.0329,95.4547,4983187,0.7226,96.9655,104.4956,1.8168,0.9356,2024,6,Jun,2,Wednesday,-4.5453
2024-06-20,GOOGL,Technology,93.6167,95.7026,92.6736,94.2805,4068310,-1.2301,96.8246,104.1429,1.7559,3.029,2024,6,Jun,2,Thursday,-5.7195
2024-06-21,GOOGL,Technology,93.031,94.383,92.62,92.9245,7209646,-1.4383,96.7291,103.7245,1.7078,1.763,2024,6,Jun,2,Friday,-7.0755
2024-06-24,GOOGL,Technology,89.6025,91.7788,89.5366,90.264,4565696,-2.8631,96.4594,103.2569,1.7993,2.2422,2024,6,Jun,2,Monday,-9.736
2024-06-25,GOOGL,Technology,88.5888,90.2936,88.5717,89.4515,3847013,-0.9001,96.149,102.7946,1.8033,1.7219,2024,6,Jun,2,Tuesday,-10.5485
2024-06-26,GOOGL,Technology,91.0496,91.7161,90.0444,91.4186,1624483,2.1991,95.9674,102.3691,1.8866,1.6717,2024,6,Jun,2,Wednesday,-8.5814
2024-06-27,GOOGL,Technology,91.3949,92.4283,90.2481,91.3999,9348373,-0.0205,95.6994,101.8237,1.8291,2.1802,2024,6,Jun,2,Thursday,-8.6001
2024-06-28,GOOGL,Technology,93.2189,93.515,91.0927,92.5748,10887833,1.2854,95.4035,101.2464,1.8027,2.4223,2024,6,Jun,2,Friday,-7.4252
2024-07-01,GOOGL,Technology,95.709,96.6016,93.5972,95.6846,4163648,3.3592,95.3549,100.674,1.9366,3.0044,2024,7,Jul,3,Monday,-4.3154
2024-07-02,GOOGL,Technology,96.3287,97.5193,94.6994,96.2181,7758316,0.5576,95.3491,100.0899,1.9396,2.8199,2024,7,Jul,3,Tuesday,-3.7819
2024-07-03,GOOGL,Technology,95.2092,96.4927,94.6685,95.1716,12943315,-1.0876,95.2625,99.4758,1.9495,1.8242,2024,7,Jul,3,Wednesday,-4.8284
2024-07-04,GOOGL,Technology,95.5931,96.4642,95.5211,96.0895,2680911,0.9645,95.2468,98.9999,1.9598,0.9431,2024,7,Jul,3,Thursday,-3.9105
2024-07-05,GOOGL,Technology,94.5053,96.623,93.9152,95.0723,2449984,-1.0586,95.1223,98.5355,1.9522,2.7078,2024,7,Jul,3,Friday,-4.9277
2024-07-08,GOOGL,Technology,94.4953,95.4907,94.0656,94.1417,2092577,-0.9788,94.9225,98.0745,1.954,1.4251,2024,7,Jul,3,Monday,-5.8583
2024-07-09,GOOGL,Technology,92.0314,92.4471,91.1667,91.3083,5435059,-3.0097,94.3996,97.6441,1.8233,1.2804,2024,7,Jul,3,Tuesday,-8.6917
2024-07-10,GOOGL,Technology,92.1452,93.2679,91.6828,93.0271,5138624,1.8824,94.1169,97.2995,1.7987,1.5851,2024,7,Jul,3,Wednesday,-6.9729
2024-07-11,GOOGL,Technology,89.3191,89.9413,89.2131,89.5461,8169408,-3.7419,93.6707,96.9721,1.9579,0.7282,2024,7,Jul,3,Thursday,-10.4539
2024-07-12,GOOGL,Technology,89.5669,89.9383,88.4676,89.8991,3764194,0.3942,93.3302,96.6527,1.9405,1.4707,2024,7,Jul,3,Friday,-10.1009
2024-07-15,GOOGL,Technology,88.1923,88.6437,88.022,88.0634,10345927,-2.042,92.838,96.2613,1.9381,0.6217,2024,7,Jul,3,Monday,-11.9366
2024-07-16,GOOGL,Technology,88.0398,89.4264,87.5884,88.8576,3500275,0.9019,92.5424,95.8375,1.8534,1.838,2024,7,Jul,3,Tuesday,-11.1424
2024-07-17,GOOGL,Technology,88.3125,88.5106,86.6778,87.5302,3451090,-1.4939,92.1462,95.3682,1.855,1.8328,2024,7,Jul,3,Wednesday,-12.4698
2024-07-18,GOOGL,Technology,86.6608,87.3922,86.4844,87.3084,4989506,-0.2534,91.7976,94.9365,1.8452,0.9078,2024,7,Jul,3,Thursday,-12.6916
2024-07-19,GOOGL,Technology,88.8225,90.3829,88.6913,88.8674,3090602,1.7856,91.5947,94.6196,1.8871,1.6916,2024,7,Jul,3,Friday,-11.1326
2024-07-22,GOOGL,Technology,89.8424,91.3066,89.5911,90.2995,4151234,1.6115,91.5965,94.4042,1.8195,1.7155,2024,7,Jul,3,Monday,-9.7005
2024-07-23,GOOGL,Technology,89.7258,90.5404,89.4713,90.2868,2446289,-0.0141,91.6382,94.2393,1.8067,1.0691,2024,7,Jul,3,Tuesday,-9.7132
2024-07-24,GOOGL,Technology,87.6213,88.1101,86.9026,87.1211,11382935,-3.5063,91.4234,94.0456,1.8996,1.2075,2024,7,Jul,3,Wednesday,-12.8789
2024-07-25,GOOGL,Technology,91.8479,92.5792,91.3696,92.362,6455223,6.0156,91.4715,93.9622,2.3578,1.2096,2024,7,Jul,3,Thursday,-7.638
2024-07-26,GOOGL,Technology,95.064,96.8383,93.9891,95.6147,3302823,3.5217,91.6235,93.9825,2.4684,2.8492,2024,7,Jul,3,Friday,-4.3853
2024-07-29,GOOGL,Technology,97.8201,98.394,96.6781,97.0254,5953056,1.4754,91.6905,94.0176,2.3753,1.7159,2024,7,Jul,3,Monday,-2.9746
2024-07-30,GOOGL,Technology,96.3025,96.667,95.3949,95.5929,9435525,-1.4764,91.6593,94.0323,2.398,1.2721,2024,7,Jul,3,Tuesday,-4.4071
2024-07-31,GOOGL,Technology,94.6315,96.6399,93.5227,95.4044,7846644,-0.1972,91.6709,94.0423,2.3851,3.1172,2024,7,Jul,3,Wednesday,-4.5956
2024-08-01,GOOGL,Technology,93.8541,94.5894,93.4893,94.3961,3328779,-1.0569,91.5862,93.9883,2.3866,1.1001,2024,8,Aug,3,Thursday,-5.6039
2024-08-02,GOOGL,Technology,96.2156,97.5556,94.4569,96.8105,7422081,2.5577,91.6731,94.0278,2.4434,3.0987,2024,8,Aug,3,Friday,-3.1895
2024-08-05,GOOGL,Technology,97.9715,98.1172,96.0463,97.3478,4969180,0.555,91.8334,94.0616,2.4312,2.0709,2024,8,Aug,3,Monday,-2.6522
2024-08-06,GOOGL,Technology,94.9988,96.165,94.1637,95.8503,4948171,-1.5383,92.0605,94.0654,2.35,2.0013,2024,8,Aug,3,Tuesday,-4.1497
2024-08-07,GOOGL,Technology,95.1522,95.8278,94.4114,94.9766,9571448,-0.9115,92.158,94.0639,2.3321,1.4164,2024,8,Aug,3,Wednesday,-5.0234
2024-08-08,GOOGL,Technology,97.6559,97.9298,96.8742,97.1348,5565457,2.2723,92.5375,94.0714,2.19,1.0556,2024,8,Aug,3,Thursday,-2.8652
2024-08-09,GOOGL,Technology,101.1502,102.5732,98.3176,100.2725,6979989,3.2303,93.0561,94.107,2.2776,4.2556,2024,8,Aug,3,Friday,0.2725
2024-08-12,GOOGL,Technology,104.392,105.4088,102.3631,103.3675,3195774,3.0866,93.8213,94.2412,2.2565,3.0457,2024,8,Aug,3,Monday,3.3675
2024-08-13,GOOGL,Technology,104.3811,105.4692,104.1265,104.9636,7708127,1.5441,94.6266,94.4138,2.2621,1.3427,2024,8,Aug,3,Tuesday,4.9636
2024-08-14,GOOGL,Technology,103.9441,105.5944,103.2058,104.4648,2538601,-0.4752,95.4734,94.5651,2.2174,2.3886,2024,8,Aug,3,Wednesday,4.4648
2024-08-15,GOOGL,Technology,98.236,98.317,97.2611,97.7236,4926042,-6.4531,95.9941,94.5914,2.7566,1.0559,2024,8,Aug,3,Thursday,-2.2764
2024-08-16,GOOGL,Technology,98.9202,99.436,98.0662,98.3337,3071120,0.6243,96.4674,94.6069,2.7425,1.3698,2024,8,Aug,3,Friday,-1.6663
2024-08-19,GOOGL,Technology,97.9101,99.0255,97.5418,98.3596,3146155,0.0263,96.8704,94.6113,2.7329,1.4837,2024,8,Aug,3,Monday,-1.6404
2024-08-20,GOOGL,Technology,98.8402,99.3666,97.8203,98.6645,3232210,0.31,97.2893,94.5493,2.7309,1.5463,2024,8,Aug,3,Tuesday,-1.3355
2024-08-21,GOOGL,Technology,98.7774,99.6253,98.4449,98.8005,3811134,0.1378,97.8733,94.5517,2.5676,1.1804,2024,8,Aug,3,Wednesday,-1.1995
2024-08-22,GOOGL,Technology,97.121,97.7915,94.7154,96.2094,2231710,-2.6226,98.0657,94.5065,2.3358,3.0761,2024,8,Aug,3,Thursday,-3.7906
2024-08-23,GOOGL,Technology,96.8078,98.0896,96.7904,97.3108,4912229,1.1448,98.1505,94.5185,2.2169,1.2992,2024,8,Aug,3,Friday,-2.6892
2024-08-26,GOOGL,Technology,98.3707,99.09,97.9644,98.5704,3355321,1.2944,98.2277,94.5318,2.2114,1.1256,2024,8,Aug,3,Monday,-1.4296
2024-08-27,GOOGL,Technology,100.9305,102.5549,98.5843,99.9452,11653358,1.3947,98.4453,94.6353,2.1967,3.9706,2024,8,Aug,3,Tuesday,-0.0548
2024-08-28,GOOGL,Technology,101.1097,102.1319,99.2729,101.8673,5253148,1.9232,98.7685,94.7635,2.2251,2.859,2024,8,Aug,3,Wednesday,1.8673
2024-08-29,GOOGL,Technology,102.4296,104.2069,102.2142,103.1285,4079318,1.2381,99.2051,94.9405,2.2078,1.9927,2024,8,Aug,3,Thursday,3.1285
2024-08-30,GOOGL,Technology,102.3775,104.2711,102.0597,102.3137,5107890,-0.7901,99.4803,95.1283,2.1674,2.2114,2024,8,Aug,3,Friday,2.3137
2024-09-02,GOOGL,Technology,101.3742,102.9014,100.9671,102.1995,1437985,-0.1116,99.7228,95.367,2.1684,1.9343,2024,9,Sep,3,Monday,2.1995
2024-09-03,GOOGL,Technology,102.0266,103.0922,100.9509,102.4164,2888657,0.2122,100.0511,95.6263,2.1267,2.1413,2024,9,Sep,3,Tuesday,2.4164
2024-09-04,GOOGL,Technology,103.4579,104.4001,101.4253,102.6677,3621809,0.2454,100.4357,95.8512,2.1061,2.9748,2024,9,Sep,3,Wednesday,2.6677
2024-09-05,GOOGL,Technology,104.9955,105.8264,103.1942,104.7482,4502168,2.0264,100.8164,96.1182,2.0954,2.6322,2024,9,Sep,3,Thursday,4.7482
2024-09-06,GOOGL,Technology,105.7232,107.0236,105.3878,106.1281,3575719,1.3173,101.1092,96.3893,2.0009,1.6358,2024,9,Sep,3,Friday,6.1281
2024-09-09,GOOGL,Technology,110.6047,110.7721,109.121,110.5692,2783560,4.1847,101.4692,96.687,2.0941,1.6511,2024,9,Sep,3,Monday,10.5692
2024-09-10,GOOGL,Technology,116.5235,119.9571,114.0202,115.4818,3439728,4.443,101.9951,97.0722,2.2732,5.9369,2024,9,Sep,3,Tuesday,15.4818
2024-09-11,GOOGL,Technology,115.13,116.0378,114.8541,115.7004,6708678,0.1893,102.5569,97.4828,2.263,1.1837,2024,9,Sep,3,Wednesday,15.7004
2024-09-12,GOOGL,Technology,105.8172,107.5358,104.7206,106.857,6783922,-7.6434,103.0136,97.6982,2.4632,2.8152,2024,9,Sep,3,Thursday,6.857
2024-09-13,GOOGL,Technology,109.0771,110.0524,108.9768,109.5324,7257707,2.5037,103.5735,97.9874,2.5046,1.0756,2024,9,Sep,3,Friday,9.5324
2024-09-16,GOOGL,Technology,108.8075,109.857,108.1123,108.3815,7283995,-1.0507,104.0746,98.2722,2.5284,1.7447,2024,9,Sep,3,Monday,8.3815
2024-09-17,GOOGL,Technology,106.9297,107.5571,106.6147,106.6766,9330550,-1.5731,104.4752,98.5795,2.5713,0.9424,2024,9,Sep,3,Tuesday,6.6766
2024-09-18,GOOGL,Technology,105.5981,106.2884,105.0295,105.8586,8016848,-0.7668,104.8281,98.8362,2.5845,1.2589,2024,9,Sep,3,Wednesday,5.8586
2024-09-19,GOOGL,Technology,104.8892,105.1495,104.0841,104.9447,6819995,-0.8633,105.2649,99.1441,2.5057,1.0654,2024,9,Sep,3,Thursday,4.9447
2024-09-20,GOOGL,Technology,106.7639,106.8673,105.4337,106.2613,3713970,1.2546,105.7124,99.4714,2.5074,1.4336,2024,9,Sep,3,Friday,6.2613
2024-09-23,GOOGL,Technology,103.0983,103.5335,101.1751,102.979,8792106,-3.0889,105.9329,99.7697,2.6207,2.3584,2024,9,Sep,3,Monday,2.979
2024-09-24,GOOGL,Technology,101.5849,102.7724,100.354,100.7902,8712985,-2.1255,105.9751,100.0083,2.6579,2.4184,2024,9,Sep,3,Tuesday,0.7902
2024-09-25,GOOGL,Technology,101.3688,102.2788,100.8727,101.5122,4377642,0.7163,105.9574,100.288,2.6273,1.4061,2024,9,Sep,3,Wednesday,1.5122
2024-09-26,GOOGL,Technology,102.2129,103.0199,102.08,102.8074,4676846,1.2759,105.9413,100.598,2.6282,0.9399,2024,9,Sep,3,Thursday,2.8074
2024-09-27,GOOGL,Technology,104.2248,105.0338,103.6813,104.1573,5596508,1.313,106.0335,100.9038,2.6362,1.3525,2024,9,Sep,3,Friday,4.1573
2024-09-30,GOOGL,Technology,102.3479,103.9149,101.0066,102.5491,6597938,-1.544,106.051,101.1488,2.6623,2.9083,2024,9,Sep,3,Monday,2.5491
2024-10-01,GOOGL,Technology,101.4454,103.0786,99.1225,100.5734,5255192,-1.9266,105.9588,101.3545,2.6982,3.9561,2024,10,Oct,4,Tuesday,0.5734
2024-10-02,GOOGL,Technology,99.6746,100.0383,99.3406,99.5845,3697990,-0.9833,105.8046,101.6038,2.7049,0.6977,2024,10,Oct,4,Wednesday,-0.4155
2024-10-03,GOOGL,Technology,100.2917,100.8658,99.86,100.0922,4570213,0.5098,105.5718,101.7584,2.6626,1.0058,2024,10,Oct,4,Thursday,0.0922
2024-10-04,GOOGL,Technology,103.8025,104.7078,102.0804,103.0959,4723384,3.0009,105.4202,101.908,2.7384,2.6274,2024,10,Oct,4,Friday,3.0959
2024-10-07,GOOGL,Technology,97.9351,99.3334,97.308,98.9052,4176416,-4.0649,104.837,101.9456,2.6783,2.0254,2024,10,Oct,4,Monday,-1.0948
2024-10-08,GOOGL,Technology,97.7158,98.6597,96.9842,98.4982,3882166,-0.4115,103.9879,102.0037,2.4114,1.6755,2024,10,Oct,4,Tuesday,-1.5018
2024-10-09,GOOGL,Technology,96.5968,97.6834,95.1281,95.9024,4645781,-2.6354,102.998,102.0136,2.4353,2.5553,2024,10,Oct,4,Wednesday,-4.0976
2024-10-10,GOOGL,Technology,92.7583,94.1122,92.2128,92.7621,4554661,-3.2745,102.2932,101.981,1.9458,1.8994,2024,10,Oct,4,Thursday,-7.2379
2024-10-11,GOOGL,Technology,95.1333,97.1869,94.395,94.5839,7255085,1.9639,101.5458,101.9364,1.9025,2.7919,2024,10,Oct,4,Friday,-5.4161
2024-10-14,GOOGL,Technology,95.8269,96.1972,95.642,95.6425,7558437,1.1192,100.9088,101.9023,1.9437,0.5552,2024,10,Oct,4,Monday,-4.3575
2024-10-15,GOOGL,Technology,96.0781,97.25,95.7801,96.5309,4220501,0.9289,100.4016,101.9159,1.9585,1.4699,2024,10,Oct,4,Tuesday,-3.4691
2024-10-16,GOOGL,Technology,97.8973,99.4996,97.285,98.338,2044047,1.872,100.0255,101.9832,2.0259,2.2146,2024,10,Oct,4,Wednesday,-1.662
2024-10-17,GOOGL,Technology,97.7307,98.7119,97.2502,97.424,3217701,-0.9294,99.6495,101.9889,2.0269,1.4617,2024,10,Oct,4,Thursday,-2.576
2024-10-18,GOOGL,Technology,97.2185,97.5064,96.1724,96.6103,10450804,-0.8352,99.1669,101.9157,1.9933,1.334,2024,10,Oct,4,Friday,-3.3897
2024-10-21,GOOGL,Technology,100.4365,101.2747,99.7723,100.8625,1432894,4.4014,99.0611,101.8656,2.1685,1.5024,2024,10,Oct,4,Monday,0.8625
2024-10-22,GOOGL,Technology,99.6623,101.0533,99.4665,100.3954,3792312,-0.4631,99.0414,101.7742,2.1173,1.5868,2024,10,Oct,4,Tuesday,0.3954
2024-10-23,GOOGL,Technology,101.0413,102.9799,99.4543,101.9016,2968596,1.5003,99.0608,101.723,2.1384,3.5256,2024,10,Oct,4,Wednesday,1.9016
2024-10-24,GOOGL,Technology,102.126,102.6764,101.5068,101.9452,9690135,0.0428,99.0177,101.8074,2.1186,1.1696,2024,10,Oct,4,Thursday,1.9452
2024-10-25,GOOGL,Technology,98.0227,98.2398,98.0067,98.2073,6514272,-3.6666,98.7202,101.8049,2.2426,0.2331,2024,10,Oct,4,Friday,-1.7927
2024-10-28,GOOGL,Technology,94.1713,94.6835,93.8605,94.2208,4847920,-4.0593,98.3038,101.7221,2.3839,0.823,2024,10,Oct,4,Monday,-5.7792
2024-10-29,GOOGL,Technology,93.7146,93.8668,92.9461,93.1581,2428098,-1.1279,97.9331,101.612,2.3635,0.9207,2024,10,Oct,4,Tuesday,-6.8419
2024-10-30,GOOGL,Technology,94.5444,95.688,94.3554,95.1537,6018703,2.1422,97.7115,101.539,2.4224,1.3326,2024,10,Oct,4,Wednesday,-4.8463
2024-10-31,GOOGL,Technology,96.8622,97.8206,96.3395,96.6824,3397088,1.6066,97.541,101.5485,2.4515,1.4811,2024,10,Oct,4,Thursday,-3.3176
2024-11-01,GOOGL,Technology,98.603,99.117,97.944,98.4789,4540489,1.8581,97.3102,101.5719,2.3868,1.173,2024,11,Nov,4,Friday,-1.5211
2024-11-04,GOOGL,Technology,97.0429,98.3364,95.9979,96.5644,5134171,-1.9441,97.1931,101.5317,2.2493,2.3385,2024,11,Nov,4,Monday,-3.4356
2024-11-05,GOOGL,Technology,99.4973,100.1533,99.4224,99.7141,8635809,3.2618,97.2539,101.5271,2.3689,0.7309,2024,11,Nov,4,Tuesday,-0.2859
2024-11-06,GOOGL,Technology,102.9344,103.932,102.4816,102.8054,6831081,3.1002,97.5991,101.5459,2.369,1.4504,2024,11,Nov,4,Wednesday,2.8054
2024-11-07,GOOGL,Technology,103.7595,104.8111,102.1523,103.2739,3521239,0.4557,98.1247,101.5488,2.208,2.6588,2024,11,Nov,4,Thursday,3.2739
2024-11-08,GOOGL,Technology,103.4131,104.4213,102.5358,103.2835,3755528,0.0093,98.5596,101.5682,2.1858,1.8855,2024,11,Nov,4,Friday,3.2835
2024-11-11,GOOGL,Technology,102.1533,103.3285,100.9563,102.9553,5471797,-0.3178,98.9253,101.5833,2.1867,2.3722,2024,11,Nov,4,Monday,2.9553
2024-11-12,GOOGL,Technology,105.2825,107.1628,104.0852,105.7425,2550526,2.7072,99.3859,101.6498,2.2451,3.0776,2024,11,Nov,4,Tuesday,5.7425
2024-11-13,GOOGL,Technology,103.3722,105.4984,101.8386,104.283,2577441,-1.3802,99.6831,101.6821,2.2568,3.6598,2024,11,Nov,4,Wednesday,4.283
2024-11-14,GOOGL,Technology,101.8522,103.2185,100.5662,101.4995,8692705,-2.6692,99.8869,101.6172,2.3394,2.6523,2024,11,Nov,4,Thursday,1.4995
2024-11-15,GOOGL,Technology,100.7863,102.8679,99.8611,101.5705,4818417,0.07,100.1349,101.526,2.3264,3.0068,2024,11,Nov,4,Friday,1.5705
2024-11-18,GOOGL,Technology,100.6548,101.2013,98.7879,100.7888,4310312,-0.7696,100.1312,101.3304,2.1222,2.4134,2024,11,Nov,4,Monday,0.7888
2024-11-19,GOOGL,Technology,107.2156,108.0606,107.0333,107.627,6939398,6.7847,100.4928,101.1733,2.6006,1.0273,2024,11,Nov,4,Tuesday,7.627
2024-11-20,GOOGL,Technology,108.7869,111.0858,108.4214,109.1155,12545893,1.383,100.8535,101.0416,2.5981,2.6644,2024,11,Nov,4,Wednesday,9.1155
2024-11-21,GOOGL,Technology,108.1884,110.7113,107.9844,108.255,2649030,-0.7886,101.169,101.0696,2.6103,2.7269,2024,11,Nov,4,Thursday,8.255
2024-11-22,GOOGL,Technology,105.2392,107.0219,104.8028,106.0009,3011175,-2.0822,101.5587,100.9989,2.5045,2.2191,2024,11,Nov,4,Friday,6.0009
2024-11-25,GOOGL,Technology,102.8074,104.0175,101.715,102.0464,6958851,-3.7306,101.9499,100.8722,2.4745,2.3025,2024,11,Nov,4,Monday,2.0464
2024-11-26,GOOGL,Technology,100.7457,101.2558,98.962,99.9846,5817586,-2.0205,102.2913,100.7384,2.5118,2.2938,2024,11,Nov,4,Tuesday,-0.0154
2024-11-27,GOOGL,Technology,99.2729,100.6071,99.0938,100.2445,924639,0.2599,102.5458,100.6261,2.4775,1.5133,2024,11,Nov,4,Wednesday,0.2445
2024-11-28,GOOGL,Technology,102.7457,103.5999,102.6197,103.1362,5355276,2.8846,102.8685,100.5899,2.5292,0.9802,2024,11,Nov,4,Thursday,3.1362
2024-11-29,GOOGL,Technology,105.1696,106.5392,104.5911,105.4809,7554513,2.2734,103.2186,100.5743,2.5438,1.9481,2024,11,Nov,4,Friday,5.4809
2024-12-02,GOOGL,Technology,105.0997,107.8255,104.6669,105.9958,4426573,0.4881,103.6902,100.6347,2.4846,3.1586,2024,12,Dec,4,Monday,5.9958
2024-12-03,GOOGL,Technology,104.9531,105.7071,104.0581,105.3425,1921319,-0.6163,103.9716,100.7257,2.4075,1.649,2024,12,Dec,4,Tuesday,5.3425
2024-12-04,GOOGL,Technology,105.8534,107.8233,104.6184,105.9405,12652562,0.5677,104.1283,100.8143,2.3175,3.2049,2024,12,Dec,4,Wednesday,5.9405
2024-12-05,GOOGL,Technology,103.9529,106.3055,103.9041,104.8734,6261784,-1.0073,104.2083,100.8556,2.3313,2.4014,2024,12,Dec,4,Thursday,4.8734
2024-12-06,GOOGL,Technology,108.9951,109.6349,107.1843,108.509,17436016,3.4667,104.4696,100.9426,2.4492,2.4506,2024,12,Dec,4,Friday,8.509
2024-12-09,GOOGL,Technology,108.9708,109.7012,107.5065,108.131,6441308,-0.3484,104.7284,101.0543,2.4496,2.1947,2024,12,Dec,4,Monday,8.131
2024-12-10,GOOGL,Technology,107.8861,109.1774,107.5781,107.9767,8070349,-0.1427,104.8401,101.2023,2.3826,1.5993,2024,12,Dec,4,Tuesday,7.9767
2024-12-11,GOOGL,Technology,102.4376,103.3027,100.7225,103.224,7687565,-4.4016,104.7871,101.2751,2.5717,2.5802,2024,12,Dec,4,Wednesday,3.224
2024-12-12,GOOGL,Technology,102.8963,105.7426,101.5311,102.8515,20826978,-0.3609,104.8547,101.3303,2.4973,4.2115,2024,12,Dec,4,Thursday,2.8515
2024-12-13,GOOGL,Technology,103.5753,104.9199,102.959,104.603,5505499,1.7029,105.0064,101.3605,2.523,1.9609,2024,12,Dec,4,Friday,4.603
2024-12-16,GOOGL,Technology,103.2784,103.4259,102.323,102.4006,2064512,-2.1055,105.087,101.4304,2.5667,1.1029,2024,12,Dec,4,Monday,2.4006
2024-12-17,GOOGL,Technology,100.239,101.0588,100.109,100.8939,4488517,-1.4714,104.7503,101.4783,2.0483,0.9498,2024,12,Dec,4,Tuesday,0.8939
2024-12-18,GOOGL,Technology,103.0541,104.2207,102.0604,102.5237,10761471,1.6154,104.4207,101.6107,2.059,2.1603,2024,12,Dec,4,Wednesday,2.5237
2024-12-19,GOOGL,Technology,100.5131,101.8042,99.4476,99.5266,5565960,-2.9233,103.9843,101.746,2.1399,2.3566,2024,12,Dec,4,Thursday,-0.4734
2024-12-20,GOOGL,Technology,100.9538,101.7601,100.8202,101.6621,3345232,2.1457,103.7673,101.8876,2.1733,0.9399,2024,12,Dec,4,Friday,1.6621
2024-12-23,GOOGL,Technology,101.2713,102.5625,100.5064,100.6106,3253424,-1.0343,103.6956,101.9869,2.0201,2.0561,2024,12,Dec,4,Monday,0.6106
2024-12-24,GOOGL,Technology,100.7554,101.4338,99.8574,99.8589,1897510,-0.7471,103.6893,102.0535,1.9743,1.5764,2024,12,Dec,4,Tuesday,-0.1411
2024-12-25,GOOGL,Technology,97.4926,98.0931,96.4544,97.6443,5035845,-2.2177,103.5593,102.0396,2.0347,1.6387,2024,12,Dec,4,Wednesday,-2.3557
2024-12-26,GOOGL,Technology,97.7959,98.9765,96.3816,98.4119,4869293,0.7861,103.323,102.0594,1.9231,2.5949,2024,12,Dec,4,Thursday,-1.5881
2024-12-27,GOOGL,Technology,103.4255,103.7156,102.4474,103.283,8642735,4.9497,103.2132,102.1928,2.1813,1.2682,2024,12,Dec,4,Friday,3.283
2024-12-30,GOOGL,Technology,104.8222,106.2257,104.3453,104.9283,5525856,1.593,103.1598,102.2741,2.2103,1.8804,2024,12,Dec,4,Monday,4.9283
2024-12-31,GOOGL,Technology,103.8883,104.6294,102.3379,103.146,7124724,-1.6986,103.05,102.3291,2.2386,2.2915,2024,12,Dec,4,Tuesday,3.146
2022-01-03,JPM,Finance,140.2987,142.1473,139.856,140.0,10817956,,140.0,140.0,,2.2913,2022,1,Jan,1,Monday,
2022-01-04,JPM,Finance,140.8656,143.3177,140.0534,141.8881,5421289,1.3486,140.944,140.944,,3.2643,2022,1,Jan,1,Tuesday,1.3486
2022-01-05,JPM,Finance,147.3603,148.4199,145.8643,146.4878,7309140,3.2418,142.792,142.792,1.3387,2.5556,2022,1,Jan,1,Wednesday,4.6341
2022-01-06,JPM,Finance,146.7746,147.7557,145.6821,146.5601,7494795,0.0494,143.734,143.734,1.6054,2.0736,2022,1,Jan,1,Thursday,4.6858
2022-01-07,JPM,Finance,146.5377,147.9692,146.1015,147.6658,13840674,0.7544,144.5204,144.5204,1.3693,1.8677,2022,1,Jan,1,Friday,5.4756
2022-01-10,JPM,Finance,144.4308,146.1793,144.4173,145.249,6229894,-1.6367,144.6418,144.6418,1.7857,1.762,2022,1,Jan,1,Monday,3.7493
2022-01-11,JPM,Finance,149.4329,150.7332,148.5814,150.5652,5636209,3.6601,145.488,145.488,1.9902,2.1518,2022,1,Jan,1,Tuesday,7.5466
2022-01-12,JPM,Finance,150.6011,153.0136,148.7215,149.749,4857407,-0.5421,146.0206,146.0206,1.9371,4.2921,2022,1,Jan,1,Wednesday,6.9636
2022-01-13,JPM,Finance,149.5308,151.4358,148.1182,149.0092,4179718,-0.494,146.3527,146.3527,1.8678,3.3176,2022,1,Jan,1,Thursday,6.4351
2022-01-14,JPM,Finance,148.3373,149.7729,147.4348,148.1756,2596371,-0.5594,146.535,146.535,1.8048,2.3381,2022,1,Jan,1,Friday,5.8397
2022-01-17,JPM,Finance,145.3797,149.3624,145.1618,146.5955,4514604,-1.0664,146.5405,146.5405,1.7858,4.2006,2022,1,Jan,1,Monday,4.7111
2022-01-18,JPM,Finance,145.4746,146.3606,143.9488,144.8217,5422459,-1.21,146.3973,146.3973,1.7687,2.4118,2022,1,Jan,1,Tuesday,3.4441
2022-01-19,JPM,Finance,143.3277,144.4521,142.9182,143.5758,4723017,-0.8603,146.1802,146.1802,1.7206,1.5339,2022,1,Jan,1,Wednesday,2.5541
2022-01-20,JPM,Finance,140.0507,140.2986,139.4977,140.2852,2789012,-2.2919,145.7591,145.7591,1.789,0.8009,2022,1,Jan,1,Thursday,0.2037
2022-01-21,JPM,Finance,138.8766,139.5591,138.4359,138.4545,8126520,-1.305,145.2722,145.2722,1.7555,1.1232,2022,1,Jan,1,Friday,-1.1039
2022-01-24,JPM,Finance,143.6192,144.1585,142.5285,143.0833,6428397,3.3432,145.1354,145.1354,1.9068,1.63,2022,1,Jan,1,Monday,2.2024
2022-01-25,JPM,Finance,145.8737,147.3458,144.063,144.9157,4475248,1.2807,145.1224,145.1224,1.8633,3.2828,2022,1,Jan,1,Tuesday,3.5112
2022-01-26,JPM,Finance,148.236,150.2984,146.8834,147.2402,4289800,1.604,145.2401,145.2401,1.8346,3.415,2022,1,Jan,1,Wednesday,5.1716
2022-01-27,JPM,Finance,149.698,152.6779,148.3833,150.231,5354860,2.0312,145.5028,145.5028,1.8253,4.2946,2022,1,Jan,1,Thursday,7.3079
2022-01-28,JPM,Finance,155.4462,157.2978,153.5866,154.9603,6013241,3.148,145.9756,145.9756,1.8819,3.7112,2022,1,Jan,1,Friday,10.6859
2022-01-31,JPM,Finance,151.2215,152.2991,149.191,150.3403,3067142,-2.9814,146.4927,146.1835,1.9949,3.1081,2022,1,Jan,1,Monday,7.3859
2022-02-01,JPM,Finance,146.7665,148.6877,146.3067,147.2421,11143540,-2.0608,146.7604,146.2316,2.0522,2.381,2022,2,Feb,1,Tuesday,5.1729
2022-02-02,JPM,Finance,146.2202,147.5807,143.9095,145.2744,3657135,-1.3364,146.6997,146.19,1.9484,3.6712,2022,2,Feb,1,Wednesday,3.7674
2022-02-03,JPM,Finance,143.9143,144.7142,141.2093,144.1579,4384246,-0.7685,146.5796,146.1053,1.9554,3.5049,2022,2,Feb,1,Thursday,2.9699
2022-02-04,JPM,Finance,143.0307,144.7318,142.1993,143.4646,5917785,-0.4809,146.3695,145.9997,1.9476,2.5325,2022,2,Feb,1,Friday,2.4747
2022-02-07,JPM,Finance,142.5753,142.7717,141.6191,142.4175,5444904,-0.7299,146.228,145.8619,1.921,1.1526,2022,2,Feb,1,Monday,1.7268
2022-02-08,JPM,Finance,143.8772,144.8517,141.1738,142.4175,5151087,0.0,145.8206,145.7343,1.7084,3.6779,2022,2,Feb,1,Tuesday,1.7268
2022-02-09,JPM,Finance,143.6666,144.03,142.2801,143.1199,4789882,0.4932,145.4891,145.641,1.7152,1.7499,2022,2,Feb,1,Wednesday,2.2285
2022-02-10,JPM,Finance,142.1195,142.1811,139.9277,141.4041,3036632,-1.1989,145.1089,145.4949,1.7285,2.2534,2022,2,Feb,1,Thursday,1.0029
2022-02-11,JPM,Finance,135.8481,138.8594,133.6107,136.2168,4239896,-3.6684,144.5109,145.1856,1.8903,5.2487,2022,2,Feb,1,Friday,-2.7023
2022-02-14,JPM,Finance,133.8176,135.003,131.5917,133.9585,2480190,-1.6579,143.8791,144.8234,1.9058,3.4113,2022,2,Feb,1,Monday,-4.3154
2022-02-15,JPM,Finance,132.6962,132.7524,132.1167,132.7479,13073015,-0.9037,143.2754,144.4461,1.9004,0.6357,2022,2,Feb,1,Tuesday,-5.1801
2022-02-16,JPM,Finance,131.4873,132.7559,130.2142,132.2302,7666283,-0.39,142.7081,144.0759,1.8976,2.5417,2022,2,Feb,1,Wednesday,-5.5499
2022-02-17,JPM,Finance,130.0359,130.6283,129.4428,129.7304,7458703,-1.8905,142.1804,143.654,1.8784,1.1855,2022,2,Feb,1,Thursday,-7.3354
2022-02-18,JPM,Finance,129.2137,129.8121,127.2343,128.6869,5038660,-0.8044,141.692,143.2263,1.8687,2.5778,2022,2,Feb,1,Friday,-8.0808
2022-02-21,JPM,Finance,125.3551,127.0809,125.0001,126.2513,11574794,-1.8927,140.8504,142.7548,1.6817,2.0808,2022,2,Feb,1,Monday,-9.8205
2022-02-22,JPM,Finance,126.9908,127.4224,124.7293,126.0191,6446782,-0.1839,139.9055,142.3025,1.626,2.6931,2022,2,Feb,1,Tuesday,-9.9864
2022-02-23,JPM,Finance,124.2264,125.5784,122.8818,123.758,6707896,-1.7943,138.7314,141.8145,1.5501,2.6966,2022,2,Feb,1,Wednesday,-11.6014
2022-02-24,JPM,Finance,117.7624,117.9849,116.4586,117.0588,4962691,-5.4131,137.0728,141.1797,1.7068,1.5263,2022,2,Feb,1,Thursday,-16.3866
2022-02-25,JPM,Finance,113.8876,116.4191,111.7845,114.4897,9251269,-2.1947,135.0493,140.5125,1.3714,4.6346,2022,2,Feb,1,Friday,-18.2216
2022-02-28,JPM,Finance,114.0117,114.5919,112.7827,114.2252,2997252,-0.231,133.2435,139.8713,1.352,1.8092,2022,2,Feb,1,Monday,-18.4106
2022-03-01,JPM,Finance,113.4164,114.7769,111.6745,112.577,6248939,-1.4429,131.5103,139.2215,1.3421,3.1024,2022,3,Mar,1,Tuesday,-19.5879
2022-03-02,JPM,Finance,114.863,115.2628,112.0773,114.3462,3725717,1.5715,129.9639,138.643,1.4901,3.1855,2022,3,Mar,1,Wednesday,-18.3241
2022-03-03,JPM,Finance,115.714,116.5831,114.8664,115.1694,6560768,0.7199,128.5144,138.1095,1.5477,1.7167,2022,3,Mar,1,Thursday,-17.7361
2022-03-04,JPM,Finance,114.9991,115.6939,112.8222,115.0672,5307740,-0.0887,127.0946,137.5974,1.5585,2.8717,2022,3,Mar,1,Friday,-17.8091
2022-03-07,JPM,Finance,112.8284,114.6894,112.202,113.5417,7922388,-1.3257,125.6508,137.0745,1.557,2.4874,2022,3,Mar,1,Monday,-18.8988
2022-03-08,JPM,Finance,114.3636,115.2139,114.2803,114.3103,6989501,0.6769,124.2454,136.5901,1.5896,0.9336,2022,3,Mar,1,Tuesday,-18.3498
2022-03-09,JPM,Finance,114.8869,115.9365,114.4415,115.6868,4376859,1.2042,122.8738,136.1546,1.634,1.495,2022,3,Mar,1,Wednesday,-17.3666
2022-03-10,JPM,Finance,115.5769,116.4693,113.5114,116.0021,2318784,0.2725,121.6037,135.7434,1.6596,2.9579,2022,3,Mar,1,Thursday,-17.1414
2022-03-11,JPM,Finance,118.7942,120.9806,117.9673,119.1995,9003468,2.7563,120.7528,135.4125,1.7305,3.0133,2022,3,Mar,1,Friday,-14.8575
2022-03-14,JPM,Finance,120.4601,120.5008,118.7493,120.1667,3650484,0.8114,120.0632,135.0158,1.7429,1.7515,2022,3,Mar,1,Monday,-14.1666
2022-03-15,JPM,Finance,121.1616,122.3858,120.0078,122.0691,3794983,1.5831,119.5293,134.6194,1.8023,2.378,2022,3,Mar,1,Tuesday,-12.8078
2022-03-16,JPM,Finance,123.254,123.3163,121.4503,122.3828,6924811,0.257,119.0369,134.1373,1.8083,1.866,2022,3,Mar,1,Wednesday,-12.5837
2022-03-17,JPM,Finance,123.2226,124.4707,122.2908,123.8253,3397770,1.1787,118.7417,133.6826,1.8028,2.1799,2022,3,Mar,1,Thursday,-11.5534
2022-03-18,JPM,Finance,122.2163,123.1413,121.7087,122.1852,8475023,-1.3245,118.4166,133.173,1.8154,1.4326,2022,3,Mar,1,Friday,-12.7249
2022-03-21,JPM,Finance,121.4151,121.5514,121.0475,121.2697,5717441,-0.7493,118.1675,132.6934,1.7783,0.5039,2022,3,Mar,1,Monday,-13.3788
2022-03-22,JPM,Finance,121.3355,123.2358,118.8428,122.0263,8711937,0.6239,117.9678,132.1227,1.7875,4.393,2022,3,Mar,1,Tuesday,-12.8384
2022-03-23,JPM,Finance,123.2971,123.9271,122.6269,122.7726,6772263,0.6116,117.9186,131.5831,1.7513,1.3002,2022,3,Mar,1,Wednesday,-12.3053
2022-03-24,JPM,Finance,123.2506,124.8958,123.1163,123.8689,3144906,0.893,118.2591,131.0803,1.2161,1.7795,2022,3,Mar,1,Thursday,-11.5222
2022-03-25,JPM,Finance,126.0012,126.9424,124.7927,126.2232,11138797,1.9006,118.8458,130.6413,1.1164,2.1497,2022,3,Mar,1,Friday,-9.8406
2022-03-28,JPM,Finance,123.6398,124.4598,122.8624,123.2034,3522275,-2.3924,119.2947,130.1734,1.2826,1.5974,2022,3,Mar,1,Monday,-11.9976
2022-03-29,JPM,Finance,121.906,122.3131,120.3973,121.1994,6899647,-1.6266,119.7258,129.701,1.2969,1.9158,2022,3,Mar,1,Tuesday,-13.429
2022-03-30,JPM,Finance,121.3804,121.7995,120.9308,121.7088,3633852,0.4203,120.0939,129.2637,1.2664,0.8687,2022,3,Mar,1,Wednesday,-13.0651
2022-03-31,JPM,Finance,119.6538,121.0811,118.9568,120.2465,8417428,-1.2015,120.3478,128.8629,1.3067,2.1243,2022,3,Mar,1,Thursday,-14.1096
2022-04-01,JPM,Finance,127.5787,129.814,125.3368,127.1874,3183977,5.7722,120.9538,128.6375,1.7978,4.4772,2022,4,Apr,2,Friday,-9.1519
2022-04-04,JPM,Finance,128.0194,129.3497,127.5968,128.3406,7286655,0.9067,121.6937,128.3427,1.7459,1.7529,2022,4,Apr,2,Monday,-8.3281
2022-04-05,JPM,Finance,128.3092,130.3856,126.3397,128.2082,6074297,-0.1032,122.3886,128.0085,1.7534,4.0459,2022,4,Apr,2,Tuesday,-8.4227
2022-04-06,JPM,Finance,127.6226,128.0943,124.9842,127.1232,4066239,-0.8463,122.9604,127.6062,1.7754,3.1101,2022,4,Apr,2,Wednesday,-9.1977
2022-04-07,JPM,Finance,126.3568,126.5412,125.1163,126.1237,6149900,-0.7862,123.4665,127.1241,1.7978,1.4249,2022,4,Apr,2,Thursday,-9.9116
2022-04-08,JPM,Finance,126.6081,126.6409,125.8337,126.2261,4824200,0.0812,123.8179,126.5494,1.7135,0.8072,2022,4,Apr,2,Friday,-9.8385
2022-04-11,JPM,Finance,126.6449,126.9171,124.7638,126.5043,7885891,0.2204,124.1347,126.0726,1.7093,2.1533,2022,4,Apr,2,Monday,-9.6398
2022-04-12,JPM,Finance,125.1085,125.7334,124.5864,125.5601,6330459,-0.7464,124.3093,125.639,1.6945,1.147,2022,4,Apr,2,Tuesday,-10.3142
2022-04-13,JPM,Finance,124.3669,125.8186,123.5959,125.0147,7461959,-0.4344,124.4409,125.2338,1.6993,2.2227,2022,4,Apr,2,Wednesday,-10.7038
2022-04-14,JPM,Finance,127.3697,128.897,127.1437,127.9092,4888647,2.3153,124.6451,124.9088,1.7547,1.7533,2022,4,Apr,2,Thursday,-8.6363
2022-04-15,JPM,Finance,130.3899,132.6048,129.3665,130.9581,4936082,2.3836,125.0837,124.6587,1.7834,3.2383,2022,4,Apr,2,Friday,-6.4585
2022-04-18,JPM,Finance,131.2871,132.67,130.2535,131.5585,6639567,0.4585,125.5982,124.4415,1.7641,2.4165,2022,4,Apr,2,Monday,-6.0296
2022-04-19,JPM,Finance,128.6949,128.7961,128.2004,128.5982,5381365,-2.2502,125.9268,124.1651,1.8613,0.5957,2022,4,Apr,2,Tuesday,-8.1441
2022-04-20,JPM,Finance,130.2224,130.8422,129.2394,129.814,3907881,0.9454,126.2788,123.899,1.8659,1.6028,2022,4,Apr,2,Wednesday,-7.2757
2022-04-21,JPM,Finance,134.2145,134.8751,132.2218,133.283,7445198,2.6723,126.7495,123.7366,1.9369,2.6533,2022,4,Apr,2,Thursday,-4.7979
2022-04-22,JPM,Finance,136.0108,136.6196,135.1522,136.4267,6989298,2.3587,127.2597,123.7408,1.9584,1.4674,2022,4,Apr,2,Friday,-2.5524
2022-04-25,JPM,Finance,139.181,139.535,137.6663,138.1709,5894101,1.2785,128.0081,123.825,1.8513,1.8687,2022,4,Apr,2,Monday,-1.3065
2022-04-26,JPM,Finance,140.5505,143.9217,140.3421,141.5535,2006978,2.4481,129.0258,124.0012,1.8183,3.5796,2022,4,Apr,2,Tuesday,1.1096
2022-04-27,JPM,Finance,142.5734,143.6166,139.948,141.7245,1926925,0.1208,130.0266,124.191,1.8228,3.6686,2022,4,Apr,2,Wednesday,1.2318
2022-04-28,JPM,Finance,142.3528,143.326,141.8717,143.2803,4813113,1.0978,131.1783,124.462,1.7628,1.4543,2022,4,Apr,2,Thursday,2.3431
2022-04-29,JPM,Finance,140.9692,143.9754,139.0528,141.665,5267849,-1.1274,131.9021,124.7216,1.3947,4.9226,2022,4,Apr,2,Friday,1.1893
2022-05-02,JPM,Finance,142.5317,143.1781,140.7948,142.4114,3393115,0.5269,132.6057,125.0448,1.3922,2.3833,2022,5,May,2,Monday,1.7224
2022-05-03,JPM,Finance,145.4296,145.7101,144.6224,145.6729,3480428,2.2902,133.4789,125.4379,1.437,1.0877,2022,5,May,2,Tuesday,4.0521
2022-05-04,JPM,Finance,143.5635,146.1131,142.6352,144.257,7059738,-0.972,134.3356,125.8479,1.4441,3.4779,2022,5,May,2,Wednesday,3.0407
2022-05-05,JPM,Finance,143.2094,143.3533,139.337,142.1877,2569305,-1.4345,135.1388,126.3504,1.4846,4.0163,2022,5,May,2,Thursday,1.5626
2022-05-06,JPM,Finance,143.0739,143.9825,141.4532,142.466,1966418,0.1957,135.9508,126.91,1.4827,2.5293,2022,5,May,2,Friday,1.7614
2022-05-09,JPM,Finance,141.7273,142.5056,141.4494,141.9597,4197766,-0.3554,136.7236,127.4647,1.4963,1.0562,2022,5,May,2,Monday,1.3998
2022-05-10,JPM,Finance,137.1187,139.4996,135.8452,136.4709,5451941,-3.8664,137.2691,127.9425,1.7788,3.6544,2022,5,May,2,Tuesday,-2.5208
2022-05-11,JPM,Finance,134.5292,135.5188,133.9033,135.4603,3831947,-0.7405,137.7914,128.3648,1.7879,1.6155,2022,5,May,2,Wednesday,-3.2426
2022-05-12,JPM,Finance,139.1836,140.5579,137.7359,139.4582,7703183,2.9513,138.3688,128.8506,1.8287,2.822,2022,5,May,2,Thursday,-0.387
2022-05-13,JPM,Finance,135.5542,136.9605,133.4798,136.4425,6310620,-2.1624,138.6431,129.2781,1.8579,3.4807,2022,5,May,2,Friday,-2.5411
2022-05-16,JPM,Finance,139.6659,140.9989,137.4839,139.3915,5889872,2.1614,139.0347,129.7951,1.9076,3.515,2022,5,May,2,Monday,-0.4346
2022-05-17,JPM,Finance,137.3194,137.8314,137.0091,137.6209,6957358,-1.2702,139.4858,130.2613,1.8502,0.8223,2022,5,May,2,Tuesday,-1.6994
2022-05-18,JPM,Finance,133.7842,134.0498,133.1262,133.4604,3618355,-3.0232,139.6682,130.6168,1.9911,0.9236,2022,5,May,2,Wednesday,-4.6711
2022-05-19,JPM,Finance,133.4769,135.8835,132.1124,134.0401,2270071,0.4344,139.706,130.9775,1.9033,3.7711,2022,5,May,2,Thursday,-4.2571
2022-05-20,JPM,Finance,133.1244,133.9564,132.7614,133.5002,4731562,-0.4028,139.5597,131.2636,1.8252,1.195,2022,5,May,2,Friday,-4.6427
2022-05-23,JPM,Finance,131.6871,133.2485,130.8063,131.022,4070340,-1.8563,139.2022,131.4807,1.8359,2.4422,2022,5,May,2,Monday,-6.4129
2022-05-24,JPM,Finance,126.6895,127.7201,125.7429,127.3162,4286043,-2.8284,138.4904,131.5856,1.8067,1.9772,2022,5,May,2,Tuesday,-9.0599
2022-05-25,JPM,Finance,126.5392,127.3546,125.3935,127.3363,5051517,0.0158,137.771,131.6847,1.8049,1.9611,2022,5,May,2,Wednesday,-9.0455
2022-05-26,JPM,Finance,129.3805,131.3208,128.3176,129.4869,4611280,1.6889,137.0813,131.7979,1.8373,3.0032,2022,5,May,2,Thursday,-7.5094
2022-05-27,JPM,Finance,130.0152,131.2785,129.6959,130.8134,5354347,1.0244,136.5387,131.9705,1.8608,1.5826,2022,5,May,2,Friday,-6.5619
2022-05-30,JPM,Finance,131.4583,132.087,129.3327,130.9788,2962781,0.1264,135.9671,132.1647,1.8527,2.7543,2022,5,May,2,Monday,-6.4437
2022-05-31,JPM,Finance,132.5625,132.9093,131.6481,132.0843,3342900,0.844,135.2877,132.3658,1.7684,1.2612,2022,5,May,2,Tuesday,-5.6541
2022-06-01,JPM,Finance,131.5539,132.2248,130.9544,132.0628,2055124,-0.0163,134.678,132.5516,1.7672,1.2704,2022,6,Jun,2,Wednesday,-5.6694
2022-06-02,JPM,Finance,128.3624,129.0719,128.0306,128.8926,4025039,-2.4005,134.0132,132.6521,1.8089,1.0413,2022,6,Jun,2,Thursday,-7.9339
2022-06-03,JPM,Finance,125.0214,127.775,124.7079,125.8178,9837126,-2.3856,133.1808,132.644,1.8502,3.0671,2022,6,Jun,2,Friday,-10.1301
2022-06-06,JPM,Finance,126.2773,127.0297,125.4133,125.421,5475463,-0.3154,132.3539,132.6883,1.8505,1.6164,2022,6,Jun,2,Monday,-10.4136
2022-06-07,JPM,Finance,126.039,127.0292,123.9574,125.1161,2440364,-0.2431,131.7861,132.7667,1.6839,3.0718,2022,6,Jun,2,Tuesday,-10.6314
2022-06-08,JPM,Finance,125.9826,128.6834,125.2914,126.9636,3814114,1.4766,131.3613,132.8718,1.7339,3.392,2022,6,Jun,2,Wednesday,-9.3117
2022-06-09,JPM,Finance,128.5142,129.0987,127.9557,128.6363,3005557,1.3175,130.8202,133.0396,1.606,1.143,2022,6,Jun,2,Thursday,-8.1169
2022-06-10,JPM,Finance,129.2423,130.207,128.929,129.9982,7363443,1.0587,130.498,133.0958,1.5802,1.278,2022,6,Jun,2,Friday,-7.1441
2022-06-13,JPM,Finance,121.532,122.0936,121.5268,121.6179,4006141,-6.4465,129.6093,132.9613,2.0088,0.5668,2022,6,Jun,2,Monday,-13.1301
2022-06-14,JPM,Finance,117.9608,118.8418,117.7296,118.7999,6167003,-2.3171,128.6682,132.7732,2.039,1.1122,2022,6,Jun,2,Tuesday,-15.1429
2022-06-15,JPM,Finance,118.8069,121.2984,118.4466,119.6677,5051517,0.7305,127.9786,132.624,1.9872,2.8518,2022,6,Jun,2,Wednesday,-14.5231
2022-06-16,JPM,Finance,120.4143,120.8671,120.1224,120.772,1608940,0.9228,127.3152,132.517,2.0025,0.7447,2022,6,Jun,2,Thursday,-13.7343
2022-06-17,JPM,Finance,116.7075,118.6257,115.9011,115.9043,3845902,-4.0305,126.4354,132.3106,2.152,2.7246,2022,6,Jun,2,Friday,-17.2112
2022-06-20,JPM,Finance,113.9339,114.8424,113.2346,114.2951,6885500,-1.3884,125.5991,132.0664,2.141,1.6078,2022,6,Jun,2,Monday,-18.3606
2022-06-21,JPM,Finance,112.6971,113.9549,111.9749,112.9867,5051517,-1.1448,124.8826,131.8149,2.0835,1.98,2022,6,Jun,2,Tuesday,-19.2952
2022-06-22,JPM,Finance,112.3572,114.3772,112.3563,113.2479,2252592,0.2312,124.1782,131.5796,2.0873,2.0209,2022,6,Jun,2,Wednesday,-19.1086
2022-06-23,JPM,Finance,111.5409,112.3324,110.873,111.7352,5880377,-1.3357,123.2906,131.2561,2.0241,1.4594,2022,6,Jun,2,Thursday,-20.1891
2022-06-24,JPM,Finance,110.8249,111.8959,110.3361,111.6963,3401884,-0.0348,122.3347,130.8709,1.9898,1.5598,2022,6,Jun,2,Friday,-20.2169
2022-06-27,JPM,Finance,110.8025,112.1586,110.4962,111.33,4376127,-0.3279,121.3523,130.4663,1.9816,1.6624,2022,6,Jun,2,Monday,-20.4786
2022-06-28,JPM,Finance,111.8816,112.2181,110.6572,111.0622,7315705,-0.2405,120.3012,130.1156,1.9491,1.5609,2022,6,Jun,2,Tuesday,-20.6699
2022-06-29,JPM,Finance,109.0056,110.3697,108.7105,109.7429,8924242,-1.1879,119.1852,129.7142,1.9405,1.6592,2022,6,Jun,2,Wednesday,-21.6122
2022-06-30,JPM,Finance,108.146,109.738,107.8746,108.5838,5910162,-1.0562,118.1697,129.2202,1.909,1.8634,2022,6,Jun,2,Thursday,-22.4401
2022-07-01,JPM,Finance,107.3983,107.6149,106.2283,106.6222,2367510,-1.8065,117.21,128.6241,1.8885,1.3866,2022,7,Jul,3,Friday,-23.8413
2022-07-04,JPM,Finance,106.4574,107.7117,105.6766,107.3431,4104355,0.6761,116.3061,128.0075,1.9149,2.0351,2022,7,Jul,3,Monday,-23.3264
2022-07-05,JPM,Finance,108.0984,108.5216,107.7139,108.4175,4795761,1.0009,115.4711,127.3448,1.9523,0.8077,2022,7,Jul,3,Tuesday,-22.5589
2022-07-06,JPM,Finance,106.7949,107.5172,106.1508,107.0297,4586937,-1.2801,114.4744,126.6509,1.8872,1.3664,2022,7,Jul,3,Wednesday,-23.5502
2022-07-07,JPM,Finance,109.4063,110.7792,108.4073,109.8286,5714495,2.6151,113.5341,125.9819,1.9848,2.3719,2022,7,Jul,3,Thursday,-21.551
2022-07-08,JPM,Finance,108.8272,110.7253,108.5715,109.2742,4765451,-0.5048,112.4979,125.3341,1.9393,2.1538,2022,7,Jul,3,Friday,-21.947
2022-07-11,JPM,Finance,112.6681,114.5965,110.9614,112.1495,2824820,2.6313,112.0244,124.7288,1.5905,3.6351,2022,7,Jul,3,Monday,-19.8932
2022-07-12,JPM,Finance,110.301,111.5157,109.6362,110.9589,21596182,-1.0616,111.6324,124.0345,1.5344,1.8795,2022,7,Jul,3,Tuesday,-20.7436
2022-07-13,JPM,Finance,106.367,108.2686,105.0736,107.1695,5724153,-3.4151,111.0075,123.2928,1.6586,3.195,2022,7,Jul,3,Wednesday,-23.4504
2022-07-14,JPM,Finance,108.0699,108.8608,106.8265,107.9344,7041116,0.7137,110.3656,122.6077,1.6496,2.0343,2022,7,Jul,3,Thursday,-22.904
2022-07-15,JPM,Finance,108.3999,110.3705,107.0476,108.4228,3357281,0.4525,109.9915,121.9269,1.443,3.3229,2022,7,Jul,3,Friday,-22.5551
2022-07-18,JPM,Finance,109.2269,110.9848,108.4179,108.5188,4739864,0.0885,109.7027,121.258,1.4233,2.5669,2022,7,Jul,3,Monday,-22.4866
2022-07-19,JPM,Finance,107.9779,109.0322,107.0318,107.3665,4203871,-1.0618,109.4217,120.676,1.4206,2.0004,2022,7,Jul,3,Tuesday,-23.3096
2022-07-20,JPM,Finance,107.6229,107.9765,105.3421,107.3356,8826537,-0.0288,109.1261,120.1135,1.4172,2.6344,2022,7,Jul,3,Wednesday,-23.3317
2022-07-21,JPM,Finance,106.4928,107.2521,105.052,106.4349,10892028,-0.8391,108.8611,119.453,1.4016,2.2001,2022,7,Jul,3,Thursday,-23.9751
2022-07-22,JPM,Finance,106.7568,107.3714,105.8191,105.9198,5049353,-0.484,108.5722,118.8425,1.4019,1.5523,2022,7,Jul,3,Friday,-24.343
2022-07-25,JPM,Finance,107.8638,107.9854,107.1013,107.467,5643946,1.4607,108.3791,118.2041,1.4532,0.8841,2022,7,Jul,3,Monday,-23.2379
2022-07-26,JPM,Finance,106.9273,107.9728,105.535,107.8358,5090983,0.3432,108.2178,117.6084,1.4574,2.4378,2022,7,Jul,3,Tuesday,-22.9744
2022-07-27,JPM,Finance,108.7639,109.6514,108.6511,108.9863,4226338,1.0669,108.1799,117.1189,1.4591,1.0003,2022,7,Jul,3,Wednesday,-22.1526
2022-07-28,JPM,Finance,108.389,108.8589,108.3643,108.5894,4971558,-0.3642,108.1802,116.6099,1.4414,0.4946,2022,7,Jul,3,Thursday,-22.4361
2022-07-29,JPM,Finance,108.3512,108.82,107.8568,107.9906,3085580,-0.5514,108.2486,116.0997,1.3844,0.9632,2022,7,Jul,3,Friday,-22.8639
2022-08-01,JPM,Finance,106.4618,108.1716,105.8604,105.9054,3264962,-1.9309,108.1768,115.5973,1.446,2.3112,2022,8,Aug,3,Monday,-24.3533
2022-08-02,JPM,Finance,105.9433,106.7036,103.9734,105.271,4521837,-0.599,108.0194,115.1564,1.4285,2.7302,2022,8,Aug,3,Tuesday,-24.8064
2022-08-03,JPM,Finance,99.9763,101.2609,98.9373,99.3591,1693213,-5.6159,107.6359,114.5969,1.8714,2.3236,2022,8,Aug,3,Wednesday,-29.0292
2022-08-04,JPM,Finance,98.9103,99.6467,96.8906,98.3919,9996405,-0.9734,107.0641,113.975,1.739,2.7561,2022,8,Aug,3,Thursday,-29.7201
2022-08-05,JPM,Finance,97.6322,98.5853,96.8521,98.2845,6923095,-0.1092,106.5146,113.3244,1.7416,1.7332,2022,8,Aug,3,Friday,-29.7968
2022-08-08,JPM,Finance,98.6681,99.437,97.3948,99.2558,6052651,0.9883,105.8699,112.6899,1.62,2.0422,2022,8,Aug,3,Monday,-29.103
2022-08-09,JPM,Finance,99.265,101.1897,98.4367,98.8322,6859724,-0.4268,105.2636,112.0249,1.6166,2.753,2022,8,Aug,3,Tuesday,-29.4056
2022-08-10,JPM,Finance,99.8886,100.2923,99.1079,99.446,4864126,0.6211,104.8774,111.3726,1.4888,1.1844,2022,8,Aug,3,Wednesday,-28.9671
2022-08-11,JPM,Finance,95.567,95.9005,95.5133,95.7907,3920555,-3.6757,104.2702,110.7105,1.6379,0.3872,2022,8,Aug,3,Thursday,-31.5781
2022-08-12,JPM,Finance,95.2441,95.9021,94.8354,95.7269,2221710,-0.0666,103.6354,110.1087,1.6247,1.0667,2022,8,Aug,3,Friday,-31.6236
2022-08-15,JPM,Finance,93.7573,94.1955,92.4188,93.0225,5252156,-2.8251,102.8606,109.4607,1.6884,1.7767,2022,8,Aug,3,Monday,-33.5554
2022-08-16,JPM,Finance,90.749,91.718,90.2473,91.1396,6399414,-2.0241,102.0492,108.7812,1.7112,1.4707,2022,8,Aug,3,Tuesday,-34.9003
2022-08-17,JPM,Finance,90.9882,91.2568,90.1919,90.877,4828746,-0.2881,101.2263,108.0595,1.706,1.0649,2022,8,Aug,3,Wednesday,-35.0879
2022-08-18,JPM,Finance,93.0264,93.1387,92.1705,92.8759,11055054,2.1996,100.5484,107.3443,1.8342,0.9682,2022,8,Aug,3,Thursday,-33.6601
2022-08-19,JPM,Finance,94.0934,94.0976,93.1675,93.4899,3692253,0.6611,99.9269,106.6141,1.8578,0.9301,2022,8,Aug,3,Friday,-33.2215
2022-08-22,JPM,Finance,94.1079,95.9869,93.2249,93.5469,5334252,0.061,99.2309,106.0527,1.8013,2.762,2022,8,Aug,3,Monday,-33.1808
2022-08-23,JPM,Finance,93.611,93.8739,91.9312,93.5439,4232635,-0.0032,98.5163,105.5476,1.7927,1.9427,2022,8,Aug,3,Tuesday,-33.1829
2022-08-24,JPM,Finance,92.0127,93.3133,91.8682,92.4371,6437931,-1.1832,97.6888,105.003,1.7464,1.4451,2022,8,Aug,3,Wednesday,-33.9735
2022-08-25,JPM,Finance,91.294,92.1028,90.897,91.61,2873340,-0.8948,96.8398,104.4197,1.7434,1.2058,2022,8,Aug,3,Thursday,-34.5643
2022-08-26,JPM,Finance,92.1101,92.8947,89.5334,92.3031,7397114,0.7566,96.0555,103.9477,1.7787,3.3613,2022,8,Aug,3,Friday,-34.0692
2022-08-29,JPM,Finance,90.7527,91.3431,89.9844,90.1569,11153833,-2.3252,95.268,103.4649,1.7944,1.3587,2022,8,Aug,3,Monday,-35.6022
2022-08-30,JPM,Finance,91.7592,92.0549,91.005,91.0929,2424795,1.0382,94.5591,103.0271,1.8401,1.0499,2022,8,Aug,3,Tuesday,-34.9336
2022-08-31,JPM,Finance,90.4133,90.905,90.2909,90.5186,4702906,-0.6305,94.1171,102.5725,1.4322,0.6141,2022,8,Aug,3,Wednesday,-35.3439
2022-09-01,JPM,Finance,91.3361,92.586,90.5857,91.8162,4872375,1.4335,93.7883,102.1741,1.4865,2.0003,2022,9,Sep,3,Thursday,-34.417
2022-09-02,JPM,Finance,93.7966,94.592,92.2648,93.3439,13466951,1.6639,93.5413,101.807,1.552,2.3272,2022,9,Sep,3,Friday,-33.3258
2022-09-05,JPM,Finance,90.4047,92.0619,89.281,90.7169,13868376,-2.8143,93.1144,101.3948,1.6241,2.7809,2022,9,Sep,3,Monday,-35.2022
2022-09-06,JPM,Finance,89.5451,89.8891,89.4719,89.8473,5508618,-0.9586,92.6651,100.9705,1.6283,0.4172,2022,9,Sep,3,Tuesday,-35.8234
2022-09-07,JPM,Finance,88.7206,89.7688,87.4012,88.5675,10607320,-1.4244,92.1212,100.547,1.6209,2.3676,2022,9,Sep,3,Wednesday,-36.7375
2022-09-08,JPM,Finance,85.7497,85.9302,84.8286,85.8647,4920192,-3.0517,91.6249,100.0926,1.5628,1.1016,2022,9,Sep,3,Thursday,-38.6681
2022-09-09,JPM,Finance,84.5979,84.7843,84.2786,84.3833,4036448,-1.7253,91.0577,99.6478,1.5806,0.5057,2022,9,Sep,3,Friday,-39.7262
2022-09-12,JPM,Finance,88.4358,88.8659,86.6678,87.9106,14564383,4.1801,90.8021,99.2592,1.8231,2.1981,2022,9,Sep,3,Monday,-37.2067
2022-09-13,JPM,Finance,88.3305,90.0949,87.0159,88.8479,4095556,1.0662,90.6875,98.8678,1.797,3.079,2022,9,Sep,3,Tuesday,-36.5372
2022-09-14,JPM,Finance,91.2101,92.6649,90.3348,91.7704,5711493,3.2893,90.7322,98.5626,1.9501,2.3301,2022,9,Sep,3,Wednesday,-34.4497
2022-09-15,JPM,Finance,93.322,93.8262,92.6272,93.0915,5195559,1.4396,90.743,98.2278,1.9134,1.199,2022,9,Sep,3,Thursday,-33.5061
2022-09-16,JPM,Finance,92.6205,94.0405,91.6929,91.9454,5410920,-1.2312,90.6658,97.8813,1.9272,2.3476,2022,9,Sep,3,Friday,-34.3247
2022-09-19,JPM,Finance,91.7873,92.2006,90.8316,91.3762,7177657,-0.6191,90.5572,97.4658,1.9309,1.369,2022,9,Sep,3,Monday,-34.7313
2022-09-20,JPM,Finance,91.8881,93.109,91.008,92.3177,5498057,1.0304,90.4959,97.093,1.9474,2.101,2022,9,Sep,3,Tuesday,-34.0588
2022-09-21,JPM,Finance,92.4018,93.084,90.2011,93.032,4786807,0.7737,90.5256,96.8102,1.9365,2.8829,2022,9,Sep,3,Wednesday,-33.5486
2022-09-22,JPM,Finance,91.8743,92.8482,91.5977,92.1468,6014627,-0.9515,90.5525,96.4945,1.938,1.2505,2022,9,Sep,3,Thursday,-34.1809
2022-09-23,JPM,Finance,89.5948,90.0477,89.4436,89.8091,1808070,-2.5369,90.4278,96.1222,2.013,0.6041,2022,9,Sep,3,Friday,-35.8506
2022-09-26,JPM,Finance,94.1231,95.1258,93.8726,94.8556,8143117,5.6191,90.6627,95.8489,2.3155,1.2532,2022,9,Sep,3,Monday,-32.246
2022-09-27,JPM,Finance,94.7451,95.5491,93.3027,94.6565,4213591,-0.2099,90.8409,95.5947,2.3108,2.2464,2022,9,Sep,3,Tuesday,-32.3882
2022-09-28,JPM,Finance,94.1623,95.4332,93.4882,94.1607,5523993,-0.5238,91.023,95.3312,2.3089,1.945,2022,9,Sep,3,Wednesday,-32.7424
2022-09-29,JPM,Finance,94.2745,95.4958,92.9952,94.3704,3009229,0.2227,91.1507,95.0899,2.2913,2.5006,2022,9,Sep,3,Thursday,-32.5926
2022-09-30,JPM,Finance,94.3137,94.4165,93.7198,94.0093,3258899,-0.3826,91.184,94.8517,2.2662,0.6967,2022,9,Sep,3,Friday,-32.8505
2022-10-03,JPM,Finance,93.8105,94.3837,93.4994,94.2336,5588975,0.2386,91.3598,94.5871,2.1629,0.8843,2022,10,Oct,4,Monday,-32.6903
2022-10-04,JPM,Finance,95.538,96.7118,94.1379,96.3236,2694358,2.2179,91.6836,94.3568,2.1889,2.5739,2022,10,Oct,4,Tuesday,-31.1974
2022-10-05,JPM,Finance,96.6098,96.9305,96.0697,96.1485,6574561,-0.1818,92.0627,94.1001,2.1526,0.8608,2022,10,Oct,4,Wednesday,-31.3225
2022-10-06,JPM,Finance,94.5686,95.4695,93.0409,94.2769,5735291,-1.9466,92.4833,93.8138,2.071,2.4286,2022,10,Oct,4,Thursday,-32.6594
2022-10-07,JPM,Finance,94.2523,94.3726,93.6099,94.0461,6361376,-0.2448,92.9664,93.5349,2.0134,0.7627,2022,10,Oct,4,Friday,-32.8242
2022-10-10,JPM,Finance,92.8748,94.368,92.7722,93.3318,2477410,-0.7595,93.2375,93.2835,1.842,1.5958,2022,10,Oct,4,Monday,-33.3344
2022-10-11,JPM,Finance,96.0929,96.8325,95.4879,95.619,9930167,2.4506,93.5761,93.0904,1.8968,1.3446,2022,10,Oct,4,Tuesday,-31.7007
2022-10-12,JPM,Finance,97.0221,97.8742,96.9368,97.5514,6512310,2.0209,93.8651,93.0543,1.814,0.9374,2022,10,Oct,4,Wednesday,-30.3204
2022-10-13,JPM,Finance,103.2382,103.6862,101.901,102.6366,2789418,5.2128,94.3424,93.1392,2.1087,1.7852,2022,10,Oct,4,Thursday,-26.6881
2022-10-14,JPM,Finance,99.9858,100.4412,99.2177,100.4362,3080372,-2.1439,94.7669,93.1822,2.1577,1.2235,2022,10,Oct,4,Friday,-28.2599
2022-10-17,JPM,Finance,98.5923,100.0888,97.0577,98.3732,2855923,-2.054,95.1168,93.1645,2.2186,3.0311,2022,10,Oct,4,Monday,-29.7334
2022-10-18,JPM,Finance,98.653,100.0186,97.8257,98.428,4140171,0.0557,95.4223,93.1565,2.2146,2.1929,2022,10,Oct,4,Tuesday,-29.6943
2022-10-19,JPM,Finance,98.8775,99.8678,98.2729,99.0203,5589825,0.6018,95.7217,93.1479,2.2131,1.5949,2022,10,Oct,4,Wednesday,-29.2712
2022-10-20,JPM,Finance,97.6434,99.0275,97.1344,98.4194,1233324,-0.6068,96.0353,93.2005,2.2039,1.8931,2022,10,Oct,4,Thursday,-29.7004
2022-10-21,JPM,Finance,98.0257,98.1016,97.2026,97.6455,2416106,-0.7863,96.4271,93.2389,2.1161,0.899,2022,10,Oct,4,Friday,-30.2532
2022-10-24,JPM,Finance,97.3217,97.5215,96.5563,96.6908,3522728,-0.9777,96.5189,93.3123,1.7486,0.9652,2022,10,Oct,4,Monday,-30.9351
2022-10-25,JPM,Finance,95.8702,97.1866,95.6014,96.6813,5401961,-0.0098,96.6201,93.4231,1.7472,1.5852,2022,10,Oct,4,Tuesday,-30.9419
2022-10-26,JPM,Finance,92.3002,93.8378,91.7203,92.7941,5542698,-4.0206,96.5518,93.4614,1.9752,2.1175,2022,10,Oct,4,Wednesday,-33.7185
2022-10-27,JPM,Finance,91.8128,92.2774,90.0988,91.0846,2587101,-1.8423,96.3875,93.4256,2.0135,2.1786,2022,10,Oct,4,Thursday,-34.9396
2022-10-28,JPM,Finance,90.2069,90.9011,89.5017,90.1409,3384119,-1.0361,96.1941,93.3586,2.0226,1.3994,2022,10,Oct,4,Friday,-35.6136
2022-10-31,JPM,Finance,92.0532,93.0263,91.2153,92.0184,5444716,2.0829,96.0833,93.3281,2.0843,1.811,2022,10,Oct,4,Monday,-34.2726
2022-11-01,JPM,Finance,90.1249,90.7879,89.6752,90.7729,2027196,-1.3535,95.8058,93.2726,2.0276,1.1127,2022,11,Nov,4,Tuesday,-35.1622
2022-11-02,JPM,Finance,91.6105,92.3854,90.0485,91.0786,3400554,0.3368,95.5523,93.2455,2.0322,2.3369,2022,11,Nov,4,Wednesday,-34.9439
2022-11-03,JPM,Finance,92.0126,92.0743,91.4407,91.4567,11162591,0.4151,95.4113,93.2424,1.9968,0.6336,2022,11,Nov,4,Thursday,-34.6738
2022-11-04,JPM,Finance,93.1117,94.4085,92.5935,93.5021,4756080,2.2365,95.3841,93.2664,2.0654,1.815,2022,11,Nov,4,Friday,-33.2128
2022-11-07,JPM,Finance,95.6801,96.0879,94.3314,95.5371,3312665,2.1764,95.4944,93.374,2.113,1.7565,2022,11,Nov,4,Monday,-31.7592
2022-11-08,JPM,Finance,94.9886,95.6018,94.9364,95.4723,2726633,-0.0678,95.487,93.4616,2.0418,0.6654,2022,11,Nov,4,Tuesday,-31.8055
2022-11-09,JPM,Finance,94.7764,95.295,92.7747,94.7293,8576113,-0.7782,95.3459,93.5458,1.9922,2.5203,2022,11,Nov,4,Wednesday,-32.3362
2022-11-10,JPM,Finance,93.2196,93.726,93.1421,93.6886,4391164,-1.0986,94.8985,93.5832,1.5532,0.5839,2022,11,Nov,4,Thursday,-33.0796
2022-11-11,JPM,Finance,93.0871,94.0764,91.8736,93.3328,4260119,-0.3798,94.5433,93.583,1.5007,2.2028,2022,11,Nov,4,Friday,-33.3337
2022-11-14,JPM,Finance,92.6445,93.6222,92.2941,92.6721,4905255,-0.7079,94.2583,93.6221,1.4498,1.3281,2022,11,Nov,4,Monday,-33.8056
2022-11-15,JPM,Finance,92.8492,93.656,92.3876,93.5721,4253403,0.9712,94.0155,93.6966,1.4755,1.2684,2022,11,Nov,4,Tuesday,-33.1628
2022-11-16,JPM,Finance,94.1948,95.3699,93.6183,94.2688,3657881,0.7446,93.7779,93.8106,1.4801,1.7516,2022,11,Nov,4,Wednesday,-32.6651
2022-11-17,JPM,Finance,95.2394,95.4846,94.7006,95.2455,9648553,1.0361,93.6192,93.9982,1.5038,0.784,2022,11,Nov,4,Thursday,-31.9675
2022-11-18,JPM,Finance,97.7741,98.5683,95.6437,97.3131,9686632,2.1708,93.6026,94.2568,1.5816,2.9246,2022,11,Nov,4,Friday,-30.4906
2022-11-21,JPM,Finance,101.2213,102.4836,99.8092,100.424,9587301,3.1968,93.7893,94.5071,1.7162,2.6744,2022,11,Nov,4,Monday,-28.2686
2022-11-22,JPM,Finance,100.2525,101.6832,99.5503,100.667,3072077,0.242,93.9886,94.7435,1.7155,2.1329,2022,11,Nov,4,Tuesday,-28.095
2022-11-23,JPM,Finance,102.6161,103.6091,101.7893,102.5788,2740536,1.8991,94.4778,94.9597,1.4335,1.8198,2022,11,Nov,4,Wednesday,-26.7294
2022-11-24,JPM,Finance,102.1644,104.0002,101.1077,101.9963,3040591,-0.5679,95.0234,95.1378,1.3492,2.8925,2022,11,Nov,4,Thursday,-27.1455
2022-11-25,JPM,Finance,104.6229,105.399,103.1471,104.0816,9446442,2.0445,95.7204,95.3805,1.3312,2.2519,2022,11,Nov,4,Friday,-25.656
2022-11-28,JPM,Finance,106.3588,107.3034,105.146,105.9911,11120182,1.8346,96.419,95.6728,1.3191,2.1574,2022,11,Nov,4,Monday,-24.2921
2022-11-29,JPM,Finance,107.6471,108.4552,107.2074,107.8399,3729733,1.7443,97.2724,95.9832,1.2427,1.2478,2022,11,Nov,4,Tuesday,-22.9715
2022-11-30,JPM,Finance,108.8488,109.1036,107.8024,108.0447,5640518,0.1899,98.1207,96.2835,1.2465,1.3012,2022,11,Nov,4,Wednesday,-22.8252
2022-12-01,JPM,Finance,107.5882,108.6011,106.5825,106.8495,3326029,-1.1062,98.8903,96.5775,1.3197,2.0186,2022,12,Dec,4,Thursday,-23.6789
2022-12-02,JPM,Finance,104.6569,105.3779,103.883,104.3485,3222600,-2.3407,99.4327,96.8683,1.4463,1.4949,2022,12,Dec,4,Friday,-25.4654
2022-12-05,JPM,Finance,103.8202,104.3378,103.1425,104.3087,6520195,-0.0381,99.8712,97.0574,1.4,1.1953,2022,12,Dec,4,Monday,-25.4938
2022-12-06,JPM,Finance,106.5808,107.7548,105.8396,107.0584,1931167,2.6361,100.4505,97.3054,1.476,1.9152,2022,12,Dec,4,Tuesday,-23.5297
2022-12-07,JPM,Finance,106.1372,107.5821,105.7292,106.5266,3354160,-0.4967,101.0404,97.5527,1.4636,1.8529,2022,12,Dec,4,Wednesday,-23.9096
2022-12-08,JPM,Finance,108.0587,109.7221,106.8452,107.9804,3808722,1.3647,101.755,97.8249,1.4161,2.8769,2022,12,Dec,4,Thursday,-22.8711
2022-12-09,JPM,Finance,108.704,111.4004,107.6387,109.562,5761244,1.4647,102.5665,98.136,1.4005,3.7617,2022,12,Dec,4,Friday,-21.7414
2022-12-12,JPM,Finance,109.0858,109.1689,107.573,109.0665,3156578,-0.4523,103.3862,98.4327,1.387,1.5959,2022,12,Dec,4,Monday,-22.0954
2022-12-13,JPM,Finance,110.7759,113.3321,110.0303,111.5399,4150914,2.2678,104.2846,98.737,1.4239,3.3018,2022,12,Dec,4,Tuesday,-20.3286
2022-12-14,JPM,Finance,106.7548,107.3759,105.0858,106.058,3036055,-4.9147,104.874,98.9352,1.9279,2.2901,2022,12,Dec,4,Wednesday,-24.2443
2022-12-15,JPM,Finance,104.0831,105.4147,103.5137,103.8853,9237097,-2.0486,105.306,99.1273,2.0134,1.901,2022,12,Dec,4,Thursday,-25.7962
2022-12-16,JPM,Finance,102.0398,103.8174,101.743,102.2994,4404307,-1.5266,105.5553,99.2924,2.0172,2.0744,2022,12,Dec,4,Friday,-26.929
2022-12-19,JPM,Finance,101.5559,103.3093,100.0687,100.9045,8596440,-1.3635,105.5794,99.4439,1.9245,3.2406,2022,12,Dec,4,Monday,-27.9254
2022-12-20,JPM,Finance,101.5926,101.6167,100.8168,101.5116,4909706,0.6017,105.6216,99.5617,1.9282,0.7999,2022,12,Dec,4,Tuesday,-27.4917
2022-12-21,JPM,Finance,102.4237,102.8873,101.6462,102.0426,14665159,0.5231,105.5948,99.6515,1.8831,1.2411,2022,12,Dec,4,Wednesday,-27.1124
2022-12-22,JPM,Finance,102.9871,104.547,101.1296,102.7566,3650086,0.6997,105.6328,99.6539,1.8847,3.4174,2022,12,Dec,4,Thursday,-26.6024
2022-12-23,JPM,Finance,103.1377,105.1098,102.2228,103.8287,4287729,1.0433,105.6201,99.7218,1.8418,2.887,2022,12,Dec,4,Friday,-25.8366
2022-12-26,JPM,Finance,102.4635,103.4619,101.018,102.1829,10734133,-1.5851,105.4297,99.798,1.8216,2.4439,2022,12,Dec,4,Monday,-27.0122
2022-12-27,JPM,Finance,100.2902,101.629,99.8417,100.0974,13945957,-2.0409,105.0426,99.8314,1.8092,1.7873,2022,12,Dec,4,Tuesday,-28.5019
2022-12-28,JPM,Finance,100.8304,101.3659,100.0325,100.8018,4951039,0.7037,104.6805,99.867,1.8209,1.3334,2022,12,Dec,4,Wednesday,-27.9987
2022-12-29,JPM,Finance,99.1752,100.6577,98.8677,99.7521,9069182,-1.0414,104.3256,99.8936,1.8195,1.79,2022,12,Dec,4,Thursday,-28.7485
2022-12-30,JPM,Finance,97.1746,98.3275,96.7354,97.1188,8886260,-2.6398,103.9641,99.8831,1.8381,1.5921,2022,12,Dec,4,Friday,-30.6294
2023-01-02,JPM,Finance,97.9127,99.4076,97.2134,98.7517,7953486,1.6813,103.6863,99.9243,1.8925,2.1942,2023,1,Jan,1,Monday,-29.4631
2023-01-03,JPM,Finance,101.8255,101.8448,99.0618,101.1234,6520691,2.4017,103.3895,100.0132,1.8742,2.783,2023,1,Jan,1,Tuesday,-27.769
2023-01-04,JPM,Finance,104.707,105.6261,102.7764,103.8306,3963369,2.6771,103.2547,100.2339,1.9849,2.8497,2023,1,Jan,1,Wednesday,-25.8353
2023-01-05,JPM,Finance,105.0452,105.3003,103.5733,104.1919,6293622,0.348,103.0653,100.4961,1.958,1.727,2023,1,Jan,1,Thursday,-25.5772
2023-01-06,JPM,Finance,104.5227,107.0516,104.4798,105.3318,13592445,1.094,102.8538,100.7999,1.9436,2.5718,2023,1,Jan,1,Friday,-24.763
2023-01-09,JPM,Finance,108.399,108.8714,106.8728,107.8164,4153311,2.3588,102.7913,101.1158,2.0228,1.9986,2023,1,Jan,1,Monday,-22.9883
2023-01-10,JPM,Finance,106.0618,107.8848,104.6938,106.6731,6594695,-1.0604,102.5479,101.4338,1.959,3.191,2023,1,Jan,1,Tuesday,-23.8049
2023-01-11,JPM,Finance,108.6023,109.7392,108.1851,108.7192,5398937,1.9181,102.681,101.7866,1.6686,1.5541,2023,1,Jan,1,Wednesday,-22.3434
2023-01-12,JPM,Finance,108.6669,110.6202,107.4462,109.2608,3911247,0.4982,102.9498,102.1427,1.5882,3.174,2023,1,Jan,1,Thursday,-21.9566
2023-01-13,JPM,Finance,111.4107,112.7202,110.8972,110.9908,5099363,1.5834,103.3843,102.4925,1.5555,1.823,2023,1,Jan,1,Friday,-20.7209
2023-01-16,JPM,Finance,110.8358,113.427,109.7938,111.3752,1717704,0.3463,103.9079,102.8093,1.4983,3.6332,2023,1,Jan,1,Monday,-20.4463
2023-01-17,JPM,Finance,113.913,114.2252,112.0709,113.8629,7528623,2.2336,104.5254,103.1771,1.5474,2.1543,2023,1,Jan,1,Tuesday,-18.6694
2023-01-18,JPM,Finance,113.7116,114.6574,113.5836,114.3297,5270656,0.41,105.1398,103.5691,1.5479,1.0738,2023,1,Jan,1,Wednesday,-18.3359
2023-01-19,JPM,Finance,112.0763,112.6309,110.6534,111.4798,4601198,-2.4927,105.576,103.9249,1.6929,1.9775,2023,1,Jan,1,Thursday,-20.3716
2023-01-20,JPM,Finance,114.2324,114.5606,111.5676,114.2648,6315898,2.4982,106.0978,104.3435,1.7512,2.993,2023,1,Jan,1,Friday,-18.3823
2023-01-23,JPM,Finance,112.0219,114.0217,111.721,112.4585,2955822,-1.5808,106.6115,104.7393,1.7509,2.3007,2023,1,Jan,1,Monday,-19.6725
2023-01-24,JPM,Finance,114.8667,115.0956,114.0626,114.8879,9582046,2.1603,107.3511,105.1656,1.6813,1.033,2023,1,Jan,1,Tuesday,-17.9372
2023-01-25,JPM,Finance,113.9192,114.8034,112.892,114.7461,3904731,-0.1234,108.0483,105.5751,1.6915,1.9114,2023,1,Jan,1,Wednesday,-18.0385
2023-01-26,JPM,Finance,117.3699,118.1542,116.5975,117.0745,3051357,2.0292,108.9144,106.0117,1.6678,1.5567,2023,1,Jan,1,Thursday,-16.3754
2023-01-27,JPM,Finance,120.3353,124.4132,119.2132,119.3681,6364873,1.9591,110.0269,106.4528,1.4716,5.2,2023,1,Jan,1,Friday,-14.7371
2023-01-30,JPM,Finance,119.5419,120.3372,119.265,120.2768,20284892,0.7613,111.1031,106.8499,1.4651,1.0722,2023,1,Jan,1,Monday,-14.088
2023-01-31,JPM,Finance,120.3334,121.8595,119.7149,121.3527,6201603,0.8945,112.1146,107.2636,1.4275,2.1446,2023,1,Jan,1,Tuesday,-13.3195
2023-02-01,JPM,Finance,123.028,124.3142,121.5797,122.261,6081043,0.7485,113.0361,107.6572,1.3669,2.7345,2023,2,Feb,1,Wednesday,-12.6707
2023-02-02,JPM,Finance,118.9169,119.971,117.2023,118.1121,9609142,-3.3935,113.7321,107.9795,1.6606,2.7687,2023,2,Feb,1,Thursday,-15.6342
2023-02-03,JPM,Finance,118.561,119.2131,116.9663,118.3851,12849195,0.2311,114.3848,108.2656,1.6595,2.2468,2023,2,Feb,1,Friday,-15.4392
2023-02-06,JPM,Finance,115.8617,117.3852,115.7811,116.1745,4162586,-1.8673,114.8027,108.4693,1.6924,1.6041,2023,2,Feb,1,Monday,-17.0182
2023-02-07,JPM,Finance,117.4003,118.109,116.3323,116.5474,4223595,0.321,115.2964,108.6434,1.658,1.7767,2023,2,Feb,1,Tuesday,-16.7519
2023-02-08,JPM,Finance,113.8199,114.8641,113.1887,114.3179,2129242,-1.913,115.5763,108.7689,1.701,1.6754,2023,2,Feb,1,Wednesday,-18.3444
2023-02-09,JPM,Finance,112.1344,113.87,111.9808,112.0493,8473990,-1.9845,115.7158,108.8729,1.7722,1.8892,2023,2,Feb,1,Thursday,-19.9648
2023-02-10,JPM,Finance,114.5046,115.8117,113.8641,115.1401,8792651,2.7584,115.9232,109.0887,1.8407,1.9476,2023,2,Feb,1,Friday,-17.7571
2023-02-13,JPM,Finance,117.6332,119.7024,117.0394,117.2679,11011660,1.848,116.2179,109.3479,1.8772,2.663,2023,2,Feb,1,Monday,-16.2372
2023-02-14,JPM,Finance,116.4499,117.7998,116.0191,117.2949,16943764,0.023,116.3895,109.5526,1.8201,1.7807,2023,2,Feb,1,Tuesday,-16.2179
2023-02-15,JPM,Finance,118.1815,118.2626,115.6319,117.6985,4645569,0.3441,116.5579,109.7761,1.8197,2.6307,2023,2,Feb,1,Wednesday,-15.9296
2023-02-16,JPM,Finance,116.7045,117.5012,116.1884,117.2377,2047392,-0.3915,116.8458,109.9612,1.7161,1.3128,2023,2,Feb,1,Thursday,-16.2588
2023-02-17,JPM,Finance,118.0346,119.8391,116.5432,118.4087,7418274,0.9988,117.053,110.1382,1.6447,3.2959,2023,2,Feb,1,Friday,-15.4224
2023-02-20,JPM,Finance,117.7092,118.5843,116.9172,117.0834,10378932,-1.1193,117.2842,110.2985,1.6216,1.6671,2023,2,Feb,1,Monday,-16.369
2023-02-21,JPM,Finance,119.2546,120.221,118.7242,119.0964,5002143,1.7193,117.4947,110.4496,1.5966,1.4968,2023,2,Feb,1,Tuesday,-14.9311
2023-02-22,JPM,Finance,118.7115,119.5707,118.4766,118.6198,9373409,-0.4002,117.6883,110.7009,1.6006,1.0941,2023,2,Feb,1,Wednesday,-15.2716
2023-02-23,JPM,Finance,117.8425,117.9134,117.7096,117.8087,4774930,-0.6838,117.725,110.9793,1.5497,0.2038,2023,2,Feb,1,Thursday,-15.8509
2023-02-24,JPM,Finance,117.9364,118.0704,117.3299,117.8875,6475611,0.0669,117.651,111.2911,1.4828,0.7405,2023,2,Feb,1,Friday,-15.7946
2023-02-27,JPM,Finance,117.3497,118.5663,116.294,116.7382,13452031,-0.9749,117.4741,111.6078,1.4835,2.2723,2023,2,Feb,1,Monday,-16.6156
2023-02-28,JPM,Finance,117.6927,117.9821,116.5289,117.4255,4607203,0.5888,117.2777,111.926,1.4739,1.4532,2023,2,Feb,1,Tuesday,-16.1246
2023-03-01,JPM,Finance,116.4261,117.1473,116.3784,116.388,10071554,-0.8835,116.9841,112.213,1.4664,0.7689,2023,3,Mar,1,Wednesday,-16.8657
2023-03-02,JPM,Finance,116.7823,117.4804,115.1816,117.35,5441960,0.8265,116.946,112.5048,1.2799,2.2988,2023,3,Mar,1,Thursday,-16.1786
2023-03-03,JPM,Finance,120.34,121.4803,119.6049,119.811,5783722,2.0971,117.0173,112.8245,1.3647,1.8754,2023,3,Mar,1,Friday,-14.4207
2023-03-06,JPM,Finance,118.8355,119.6128,116.2057,118.3819,7924541,-1.1928,117.1276,113.1484,1.322,3.4071,2023,3,Mar,1,Monday,-15.4415
2023-03-07,JPM,Finance,118.4521,118.6236,117.3145,118.1546,3120946,-0.192,117.208,113.5096,1.3225,1.3091,2023,3,Mar,1,Tuesday,-15.6039
2023-03-08,JPM,Finance,118.9859,120.7043,118.9829,119.1167,3355251,0.8143,117.4479,113.8759,1.2449,1.7214,2023,3,Mar,1,Wednesday,-14.9166
2023-03-09,JPM,Finance,118.2584,120.0578,117.1057,119.1167,7965958,0.0,117.8013,114.2632,1.1347,2.9521,2023,3,Mar,1,Thursday,-14.9166
2023-03-10,JPM,Finance,115.3947,115.6658,113.9921,114.5081,5248208,-3.869,117.7697,114.611,1.3332,1.6737,2023,3,Mar,1,Friday,-18.2085
2023-03-13,JPM,Finance,116.5459,117.5271,114.3922,115.6236,5238046,0.9742,117.6875,114.9484,1.2821,3.1349,2023,3,Mar,1,Monday,-17.4117
2023-03-14,JPM,Finance,118.1879,119.1066,117.3074,117.7875,6548691,1.8715,117.7121,115.2817,1.3533,1.7992,2023,3,Mar,1,Tuesday,-15.8661
2023-03-15,JPM,Finance,117.3679,117.4303,116.1307,116.6094,5543036,-1.0002,117.6577,115.5373,1.3701,1.2996,2023,3,Mar,1,Wednesday,-16.7076
2023-03-16,JPM,Finance,115.1398,115.615,114.541,114.7755,7340153,-1.5727,117.5346,115.7489,1.411,1.074,2023,3,Mar,1,Thursday,-18.0175
2023-03-17,JPM,Finance,114.3747,114.4098,113.5061,114.2098,3859843,-0.4929,117.3246,115.9265,1.3893,0.9037,2023,3,Mar,1,Friday,-18.4216
2023-03-20,JPM,Finance,112.4175,112.9521,112.0697,112.3651,4431687,-1.6152,117.0887,116.0175,1.4114,0.8824,2023,3,Mar,1,Monday,-19.7392
2023-03-21,JPM,Finance,113.4983,113.6508,112.7426,113.4771,15001943,0.9896,116.8077,116.1535,1.368,0.9082,2023,3,Mar,1,Tuesday,-18.9449
2023-03-22,JPM,Finance,110.3791,112.4068,109.2589,111.27,5684808,-1.945,116.4402,116.2046,1.4206,3.1479,2023,3,Mar,1,Wednesday,-20.5214
2023-03-23,JPM,Finance,116.1538,116.4042,114.718,115.7165,4502550,3.9961,116.3356,116.3337,1.7114,1.6862,2023,3,Mar,1,Thursday,-17.3454
2023-03-24,JPM,Finance,119.0152,119.0936,117.75,118.3005,7186706,2.233,116.3563,116.4799,1.7877,1.3436,2023,3,Mar,1,Friday,-15.4996
2023-03-27,JPM,Finance,118.6298,119.6485,117.7674,118.3613,2666017,0.0514,116.4374,116.6196,1.772,1.8811,2023,3,Mar,1,Monday,-15.4562
2023-03-28,JPM,Finance,119.8888,121.3537,119.7284,120.1422,5174683,1.5046,116.5733,116.7452,1.7973,1.6253,2023,3,Mar,1,Tuesday,-14.1841
2023-03-29,JPM,Finance,117.2448,117.6796,115.0992,116.8352,2860986,-2.7526,116.5956,116.7953,1.8985,2.5804,2023,3,Mar,1,Wednesday,-16.5463
2023-03-30,JPM,Finance,121.74,122.8213,120.1915,121.8821,2534096,4.3197,116.8222,117.0033,2.1225,2.6298,2023,3,Mar,1,Thursday,-12.9414
2023-03-31,JPM,Finance,121.3383,122.3345,119.9897,120.6958,9244508,-0.9733,116.8665,117.132,2.0897,2.3448,2023,3,Mar,1,Friday,-13.7887
2023-04-03,JPM,Finance,121.3064,122.5399,118.0954,120.4847,6119057,-0.1749,116.9716,117.2925,2.07,4.4445,2023,4,Apr,2,Monday,-13.9395
2023-04-04,JPM,Finance,115.9087,118.1822,115.5472,116.7195,5070686,-3.125,116.8999,117.3291,2.1926,2.635,2023,4,Apr,2,Tuesday,-16.6289
2023-04-05,JPM,Finance,118.3447,120.0308,117.1538,117.7194,10660674,0.8567,116.83,117.3886,2.1935,2.877,2023,4,Apr,2,Wednesday,-15.9147
2023-04-06,JPM,Finance,115.6181,116.0274,115.4777,115.5407,2244306,-1.8508,116.6512,117.3579,2.2306,0.5497,2023,4,Apr,2,Thursday,-17.4709
2023-04-07,JPM,Finance,115.2438,116.1607,114.7627,115.775,16473232,0.2028,116.7145,117.286,2.0498,1.398,2023,4,Apr,2,Friday,-17.3036
2023-04-10,JPM,Finance,113.7783,115.255,112.9432,114.7385,3823473,-0.8953,116.6703,117.1753,2.0492,2.3118,2023,4,Apr,2,Monday,-18.0439
2023-04-11,JPM,Finance,112.4065,112.8636,111.6587,112.6707,3916902,-1.8022,116.4144,117.0016,2.0355,1.2049,2023,4,Apr,2,Tuesday,-19.5209
2023-04-12,JPM,Finance,111.0677,112.4612,110.0412,111.1639,4769228,-1.3373,116.1422,116.7797,2.0438,2.42,2023,4,Apr,2,Wednesday,-20.5972
2023-04-13,JPM,Finance,110.7932,111.9292,110.6682,111.6239,5993426,0.4138,115.9846,116.6499,2.0227,1.261,2023,4,Apr,2,Thursday,-20.2686
2023-04-14,JPM,Finance,110.0458,112.7773,108.5734,109.2256,5798406,-2.1486,115.7354,116.4667,2.0721,4.2039,2023,4,Apr,2,Friday,-21.9817
2023-04-17,JPM,Finance,108.4595,108.5595,106.9764,107.868,6312118,-1.2429,115.5105,116.3006,2.0604,1.5831,2023,4,Apr,2,Monday,-22.9514
2023-04-18,JPM,Finance,109.5513,110.0507,107.6035,109.1166,4571691,1.1575,115.2925,116.152,2.0657,2.4472,2023,4,Apr,2,Tuesday,-22.0596
2023-04-19,JPM,Finance,114.5494,114.6418,112.5164,113.9769,8210097,4.4542,115.4278,116.1452,2.2634,2.1254,2023,4,Apr,2,Wednesday,-18.5879
2023-04-20,JPM,Finance,114.2796,116.5035,113.9901,114.9365,6640814,0.8419,115.3888,116.2029,2.0836,2.5134,2023,4,Apr,2,Thursday,-17.9025
2023-04-21,JPM,Finance,113.2078,113.5582,112.8439,113.1787,1621207,-1.5294,115.1328,116.1637,2.0395,0.7143,2023,4,Apr,2,Friday,-19.1581
2023-04-24,JPM,Finance,111.9066,112.849,111.7936,112.5063,5612490,-0.5941,114.84,116.0685,2.0404,1.0554,2023,4,Apr,2,Monday,-19.6384
2023-04-25,JPM,Finance,113.5044,114.1463,112.5767,112.6005,6145736,0.0837,114.4629,115.9746,2.0011,1.5696,2023,4,Apr,2,Tuesday,-19.5711
2023-04-26,JPM,Finance,111.3235,112.1754,111.1629,111.9654,5535576,-0.564,114.2194,115.8599,1.9183,1.0125,2023,4,Apr,2,Wednesday,-20.0247
2023-04-27,JPM,Finance,114.2325,114.9832,112.9186,113.7179,9230287,1.5652,113.8112,115.7895,1.6583,2.0646,2023,4,Apr,2,Thursday,-18.7729
2023-04-28,JPM,Finance,114.8076,115.1534,112.2868,114.1724,7398282,0.3997,113.4851,115.7048,1.6589,2.8666,2023,4,Apr,2,Friday,-18.4483
2023-05-01,JPM,Finance,115.9164,116.8019,115.002,115.9687,3648132,1.5733,113.2593,115.6825,1.7091,1.7999,2023,5,May,2,Monday,-17.1652
2023-05-02,JPM,Finance,115.7695,116.9959,114.6682,115.3836,8817875,-0.5045,113.1925,115.6082,1.5656,2.3277,2023,5,May,2,Tuesday,-17.5831
2023-05-03,JPM,Finance,117.7272,118.6289,116.6723,118.0182,3066573,2.2833,113.2074,115.5962,1.6397,1.9566,2023,5,May,2,Wednesday,-15.7013
2023-05-04,JPM,Finance,118.5,121.0437,116.2089,117.7196,4452083,-0.253,113.3163,115.5944,1.5814,4.8348,2023,5,May,2,Thursday,-15.9146
2023-05-05,JPM,Finance,115.4512,116.5707,113.4292,115.8114,6291348,-1.621,113.3182,115.5529,1.6273,3.1415,2023,5,May,2,Friday,-17.2776
2023-05-08,JPM,Finance,120.5484,120.8214,119.8159,120.1328,7153436,3.7314,113.5879,115.6208,1.8099,1.0055,2023,5,May,2,Monday,-14.1909
2023-05-09,JPM,Finance,116.3415,116.7671,114.3239,116.4418,2948462,-3.0724,113.7764,115.6011,1.9053,2.4432,2023,5,May,2,Tuesday,-16.8273
2023-05-10,JPM,Finance,115.8606,116.2202,114.8337,115.0143,6315707,-1.2259,113.969,115.5736,1.9008,1.3865,2023,5,May,2,Wednesday,-17.8469
2023-05-11,JPM,Finance,113.0795,115.051,112.476,113.8229,4353405,-1.0359,114.0789,115.5031,1.9192,2.575,2023,5,May,2,Thursday,-18.6979
2023-05-12,JPM,Finance,119.1294,120.0486,117.708,113.8229,4331157,0.0,114.3088,115.3833,1.8446,2.3406,2023,5,May,2,Friday,-18.6979
2023-05-15,JPM,Finance,121.3975,124.336,120.7131,122.3925,8412840,7.5289,115.035,115.4636,2.4283,3.6229,2023,5,May,2,Monday,-12.5768
2023-05-16,JPM,Finance,126.2926,126.9092,124.3815,125.5376,5497325,2.5697,115.856,115.6112,2.4638,2.5277,2023,5,May,2,Tuesday,-10.3303
2023-05-17,JPM,Finance,124.7525,127.0301,123.7608,124.8696,4027868,-0.5321,116.4007,115.7263,2.315,3.2693,2023,5,May,2,Wednesday,-10.8074
2023-05-18,JPM,Finance,130.0209,130.3794,127.1275,130.0573,2371978,4.1545,117.1567,115.9451,2.4563,3.2519,2023,5,May,2,Thursday,-7.1019
2023-05-19,JPM,Finance,131.3975,131.5325,130.751,130.9108,3329678,0.6562,118.0433,116.2731,2.4024,0.7815,2023,5,May,2,Friday,-6.4923
2023-05-22,JPM,Finance,133.2851,133.3467,132.1501,133.1249,5568985,1.6913,119.0743,116.6232,2.389,1.1966,2023,5,May,2,Monday,-4.9108
2023-05-23,JPM,Finance,132.6436,134.7924,131.6682,133.5715,5069193,0.3355,120.1228,116.9388,2.3853,3.1242,2023,5,May,2,Tuesday,-4.5918
2023-05-24,JPM,Finance,133.4298,133.6753,133.083,133.4993,7110442,-0.0541,121.1995,117.2766,2.3717,0.5923,2023,5,May,2,Wednesday,-4.6434
2023-05-25,JPM,Finance,139.8585,141.3492,139.5461,140.9779,9662073,5.602,122.5625,117.8007,2.592,1.8031,2023,5,May,2,Thursday,0.6985
2023-05-26,JPM,Finance,140.6279,141.111,139.3591,140.5178,14392942,-0.3264,123.8798,118.3268,2.6075,1.7519,2023,5,May,2,Friday,0.3699
2023-05-29,JPM,Finance,141.5827,143.2159,139.7657,142.0135,6111713,1.0644,125.182,118.9198,2.6049,3.4502,2023,5,May,2,Monday,1.4382
2023-05-30,JPM,Finance,142.076,144.628,141.1883,142.9426,4791054,0.6542,126.56,119.5091,2.5813,3.4397,2023,5,May,2,Tuesday,2.1019
2023-05-31,JPM,Finance,143.256,144.2767,141.1597,142.909,5963451,-0.0235,127.8045,120.1419,2.5775,3.117,2023,5,May,2,Wednesday,2.0779
2023-06-01,JPM,Finance,147.3531,147.6033,144.5305,146.6192,5361635,2.5962,129.2495,120.76,2.5838,3.0728,2023,6,Jun,2,Thursday,4.728
2023-06-02,JPM,Finance,138.7963,139.3339,137.8188,139.2685,7309383,-5.0135,130.4223,121.1793,2.8698,1.5151,2023,6,Jun,2,Friday,-0.5225
2023-06-05,JPM,Finance,140.1209,140.9743,138.9172,140.5174,3658242,0.8968,131.4416,121.6224,2.795,2.0571,2023,6,Jun,2,Monday,0.3696
2023-06-06,JPM,Finance,142.8862,143.1495,141.7531,142.2741,5627746,1.2502,132.7332,122.0651,2.6407,1.3964,2023,6,Jun,2,Tuesday,1.6244
2023-06-07,JPM,Finance,145.6595,146.3157,144.214,145.0909,2926268,1.9798,134.237,122.6302,2.5929,2.1017,2023,6,Jun,2,Wednesday,3.6364
2023-06-08,JPM,Finance,145.9655,148.328,143.5907,144.9744,11511388,-0.0803,135.7946,123.092,2.5581,4.7373,2023,6,Jun,2,Thursday,3.5531
2023-06-09,JPM,Finance,144.4999,145.9967,142.2678,145.5304,3186323,0.3835,137.38,123.5887,2.5497,3.7289,2023,6,Jun,2,Friday,3.9503
2023-06-12,JPM,Finance,148.0822,148.9947,147.443,148.0133,3897525,1.7061,138.661,124.1393,2.0875,1.5517,2023,6,Jun,2,Monday,5.7238
2023-06-13,JPM,Finance,151.7694,153.2559,151.4665,151.8098,3220037,2.565,139.9746,124.8411,2.0873,1.7894,2023,6,Jun,2,Tuesday,8.4356
2023-06-14,JPM,Finance,151.8713,154.0764,150.1488,151.0797,7120054,-0.4809,141.2851,125.5083,2.0854,3.9276,2023,6,Jun,2,Wednesday,7.9141
2023-06-15,JPM,Finance,152.1106,152.2184,151.0399,151.8107,8048759,0.4839,142.3728,126.2337,1.9481,1.1785,2023,6,Jun,2,Thursday,8.4362
2023-06-16,JPM,Finance,156.7751,157.6092,153.9185,156.1883,9155775,2.8836,143.6367,127.042,2.0027,3.6907,2023,6,Jun,2,Friday,11.5631
2023-06-19,JPM,Finance,151.4896,153.0244,149.476,150.5954,3644474,-3.5809,144.5102,127.7591,2.2282,3.5484,2023,6,Jun,2,Monday,7.5681
2023-06-20,JPM,Finance,147.9815,150.5268,144.0807,148.8741,6111380,-1.143,145.2753,128.4832,2.2631,6.4461,2023,6,Jun,2,Tuesday,6.3386
2023-06-21,JPM,Finance,153.9186,155.6063,151.9734,152.6286,8153159,2.5219,146.2318,129.3125,2.2989,3.6329,2023,6,Jun,2,Wednesday,9.0204
2023-06-22,JPM,Finance,155.8134,156.4606,154.0768,155.5092,8403354,1.8873,146.9583,130.1902,2.0141,2.3838,2023,6,Jun,2,Thursday,11.078
2023-06-23,JPM,Finance,157.0668,158.6392,154.5714,156.937,5028295,0.9181,147.7793,131.1444,2.0061,4.0678,2023,6,Jun,2,Friday,12.0979
2023-06-26,JPM,Finance,157.0371,157.0791,155.0925,155.7872,7315783,-0.7327,148.468,132.1028,2.0231,1.9866,2023,6,Jun,2,Monday,11.2766
2023-06-27,JPM,Finance,153.3092,154.232,151.1441,153.4986,8575794,-1.4691,148.9958,132.9904,2.0689,3.0879,2023,6,Jun,2,Tuesday,9.6419
2023-06-28,JPM,Finance,152.861,153.8594,151.9361,152.0019,5444676,-0.9751,149.4504,133.7509,2.0894,1.9233,2023,6,Jun,2,Wednesday,8.5728
2023-06-29,JPM,Finance,155.9455,157.4007,154.9966,156.0476,4033550,2.6616,149.9219,134.5732,2.0932,2.4041,2023,6,Jun,2,Thursday,11.4626
2023-06-30,JPM,Finance,155.7183,157.5009,153.6402,154.4273,3251720,-1.0383,150.6798,135.3981,1.713,3.8607,2023,6,Jun,2,Friday,10.3052
2023-07-03,JPM,Finance,154.3518,156.2746,154.1651,154.7398,3225014,0.2024,151.3909,136.2428,1.7123,2.1095,2023,7,Jul,3,Monday,10.5284
2023-07-04,JPM,Finance,152.8894,153.1621,152.6678,152.8036,4651059,-1.2513,151.9174,137.0469,1.7454,0.4943,2023,7,Jul,3,Tuesday,9.1454
2023-07-05,JPM,Finance,155.2142,155.9899,152.9066,155.0387,3339926,1.4627,152.4148,137.9083,1.7241,3.0833,2023,7,Jul,3,Wednesday,10.7419
2023-07-06,JPM,Finance,153.7276,154.0385,149.7881,153.6653,9817937,-0.8858,152.8493,138.7073,1.7438,4.2504,2023,7,Jul,3,Thursday,9.7609
2023-07-07,JPM,Finance,154.0839,154.7555,152.566,153.4564,5942618,-0.1359,153.2456,139.493,1.7465,2.1895,2023,7,Jul,3,Friday,9.6117
2023-07-10,JPM,Finance,148.0471,150.3883,146.8803,149.1109,10671558,-2.8317,153.3005,140.1558,1.8435,3.508,2023,7,Jul,3,Monday,6.5078
2023-07-11,JPM,Finance,144.1597,145.4548,142.9249,145.066,4403826,-2.7127,152.9633,140.7494,1.8428,2.5299,2023,7,Jul,3,Tuesday,3.6186
2023-07-12,JPM,Finance,145.2205,145.3174,144.9224,145.1284,7214637,0.043,152.6658,141.2917,1.8425,0.395,2023,7,Jul,3,Wednesday,3.6631
2023-07-13,JPM,Finance,143.0403,143.2848,140.601,141.9025,5315362,-2.2228,152.1703,141.7753,1.8896,2.6838,2023,7,Jul,3,Thursday,1.3589
2023-07-14,JPM,Finance,146.0012,148.8077,143.7308,147.0233,9808770,3.6087,151.7121,142.3996,1.9599,5.0769,2023,7,Jul,3,Friday,5.0166
2023-07-17,JPM,Finance,142.4666,143.3926,141.0216,141.9148,2846962,-3.4746,151.2781,142.8352,1.9506,2.371,2023,7,Jul,3,Monday,1.3677
2023-07-18,JPM,Finance,139.799,140.798,139.7169,140.027,3322266,-1.3302,150.8357,143.3069,1.9554,1.0811,2023,7,Jul,3,Tuesday,0.0193
2023-07-19,JPM,Finance,139.6622,140.1477,137.8191,140.1087,6767469,0.0583,150.2097,143.8088,1.8435,2.3286,2023,7,Jul,3,Wednesday,0.0776
2023-07-20,JPM,Finance,140.3833,141.0111,138.8526,139.2811,2713546,-0.5907,149.3983,144.3179,1.7624,2.1585,2023,7,Jul,3,Thursday,-0.5135
2023-07-21,JPM,Finance,136.5379,137.5813,134.3414,136.7085,7529811,-1.8471,148.3869,144.7757,1.7509,3.2399,2023,7,Jul,3,Friday,-2.3511
2023-07-24,JPM,Finance,134.2695,135.4263,133.5459,134.5232,10100188,-1.5985,147.3237,145.0183,1.7631,1.8804,2023,7,Jul,3,Monday,-3.912
2023-07-25,JPM,Finance,133.1948,133.8206,131.3253,132.2981,1930668,-1.6541,146.2637,145.1535,1.7677,2.4953,2023,7,Jul,3,Tuesday,-5.5014
2023-07-26,JPM,Finance,131.5233,132.2978,130.2211,131.6929,4938542,-0.4575,145.2482,145.2899,1.7677,2.0767,2023,7,Jul,3,Wednesday,-5.9336
2023-07-27,JPM,Finance,136.156,137.668,135.2779,136.1023,6233255,3.3482,144.2509,145.4108,1.8415,2.3901,2023,7,Jul,3,Thursday,-2.7841
2023-07-28,JPM,Finance,136.8939,139.859,135.9835,136.3235,4094831,0.1625,143.3458,145.5191,1.8483,3.8755,2023,7,Jul,3,Friday,-2.6261
2023-07-31,JPM,Finance,138.8212,140.5839,136.915,139.1058,3643410,2.041,142.564,145.6387,1.9343,3.6689,2023,7,Jul,3,Monday,-0.6387
2023-08-01,JPM,Finance,140.3509,141.6115,138.774,140.3464,6782489,0.8918,141.9412,145.7742,1.9506,2.8375,2023,8,Aug,3,Tuesday,0.2474
2023-08-02,JPM,Finance,143.5779,146.1211,140.7947,143.046,3713179,1.9235,141.3416,145.9652,1.9764,5.3264,2023,8,Aug,3,Wednesday,2.1757
2023-08-03,JPM,Finance,137.1678,138.0003,133.8998,136.28,8881276,-4.7299,140.4723,145.8712,2.2019,4.1005,2023,8,Aug,3,Thursday,-2.6571
2023-08-04,JPM,Finance,136.4803,136.9273,134.2178,135.6156,4073862,-0.4875,139.5802,145.7732,2.1996,2.7095,2023,8,Aug,3,Friday,-3.1317
2023-08-07,JPM,Finance,138.7815,140.6151,138.1262,138.6698,3864067,2.2521,139.0582,145.7063,2.2209,2.4889,2023,8,Aug,3,Monday,-0.9501
2023-08-08,JPM,Finance,136.1987,138.0982,134.2966,137.3636,9977793,-0.9419,138.6731,145.5947,2.1556,3.8016,2023,8,Aug,3,Tuesday,-1.8831
2023-08-09,JPM,Finance,141.5348,142.1072,139.3756,141.5205,5189520,3.0262,138.4927,145.5669,2.2768,2.7316,2023,8,Aug,3,Wednesday,1.0861
2023-08-10,JPM,Finance,145.1296,146.1783,144.8445,145.133,2180941,2.5526,138.6542,145.5372,2.2929,1.3338,2023,8,Aug,3,Thursday,3.6664
2023-08-11,JPM,Finance,142.8036,145.7617,142.3705,144.0191,5217966,-0.7675,138.504,145.6322,2.1485,3.3912,2023,8,Aug,3,Friday,2.8708
2023-08-14,JPM,Finance,142.8404,143.1138,141.1642,142.8304,7705366,-0.8254,138.5498,145.6785,2.0052,1.9496,2023,8,Aug,3,Monday,2.0217
2023-08-15,JPM,Finance,139.8624,141.2431,139.0315,140.4121,10434713,-1.6931,138.569,145.6412,2.0199,2.2116,2023,8,Aug,3,Tuesday,0.2944
2023-08-16,JPM,Finance,138.1718,139.9133,137.4137,138.9513,8218797,-1.0404,138.5112,145.5184,2.0341,2.4996,2023,8,Aug,3,Wednesday,-0.7491
2023-08-17,JPM,Finance,135.5186,136.8421,133.2417,136.0814,3543492,-2.0654,138.3512,145.3406,2.082,3.6004,2023,8,Aug,3,Thursday,-2.799
2023-08-18,JPM,Finance,136.9739,138.2407,135.3147,137.1143,5682835,0.759,138.3715,145.1723,2.0478,2.926,2023,8,Aug,3,Friday,-2.0612
2023-08-21,JPM,Finance,134.2632,134.6624,132.6679,133.7614,6213398,-2.4453,138.3334,144.8872,2.0917,1.9945,2023,8,Aug,3,Monday,-4.4561
2023-08-22,JPM,Finance,134.6413,136.9223,133.7928,135.1744,6985924,1.0564,138.4772,144.5545,2.067,3.1295,2023,8,Aug,3,Tuesday,-3.4469
2023-08-23,JPM,Finance,136.9794,137.672,134.947,136.6583,5962074,1.0978,138.7255,144.2661,2.0731,2.725,2023,8,Aug,3,Wednesday,-2.3869
2023-08-24,JPM,Finance,133.7841,134.4036,132.1914,132.84,3617479,-2.794,138.5623,143.8867,2.0377,2.2122,2023,8,Aug,3,Thursday,-5.1143
2023-08-25,JPM,Finance,135.973,137.0956,135.046,136.3798,3728390,2.6647,138.5652,143.4905,2.1295,2.0496,2023,8,Aug,3,Friday,-2.5859
2023-08-28,JPM,Finance,137.282,138.2305,137.2553,137.6114,7495119,0.9031,138.4904,143.2308,2.0876,0.9752,2023,8,Aug,3,Monday,-1.7061
2023-08-29,JPM,Finance,140.0112,141.1291,139.4001,139.4066,2329485,1.3045,138.4435,143.0415,2.0992,1.729,2023,8,Aug,3,Tuesday,-0.4239
2023-08-30,JPM,Finance,137.2999,138.3413,135.7661,137.6504,10667244,-1.2598,138.1737,142.7419,2.0651,2.5752,2023,8,Aug,3,Wednesday,-1.6783
2023-08-31,JPM,Finance,138.5216,139.3022,137.8568,139.1481,6077078,1.088,138.3171,142.4147,1.7792,1.4454,2023,8,Aug,3,Thursday,-0.6085
2023-09-01,JPM,Finance,142.7674,143.3022,140.2053,141.8544,4901227,1.9449,138.629,142.113,1.8182,3.0969,2023,9,Sep,3,Friday,1.3246
2023-09-04,JPM,Finance,141.993,142.1852,140.4292,141.6591,7542917,-0.1377,138.7785,141.8305,1.7566,1.756,2023,9,Sep,3,Monday,1.1851
2023-09-05,JPM,Finance,145.4411,147.4618,144.5406,146.5227,2728514,3.4333,139.2364,141.691,1.8849,2.9212,2023,9,Sep,3,Tuesday,4.6591
2023-09-06,JPM,Finance,146.6507,147.9231,146.5605,146.6764,3046035,0.1049,139.4942,141.5844,1.7759,1.3626,2023,9,Sep,3,Wednesday,4.7689
2023-09-07,JPM,Finance,148.9136,150.8408,148.3429,149.5649,5152041,1.9693,139.7158,141.4548,1.7395,2.4979,2023,9,Sep,3,Thursday,6.8321
2023-09-08,JPM,Finance,150.0909,151.412,147.2533,150.3548,6770375,0.5281,140.0326,141.3733,1.727,4.1587,2023,9,Sep,3,Friday,7.3963
2023-09-11,JPM,Finance,152.9859,153.7092,150.7598,151.8965,4846340,1.0254,140.4859,141.3165,1.7171,2.9494,2023,9,Sep,3,Monday,8.4975
2023-09-12,JPM,Finance,146.4281,147.9157,145.8998,147.6263,5230248,-2.8113,140.8466,141.2129,1.8023,2.0159,2023,9,Sep,3,Tuesday,5.4474
2023-09-13,JPM,Finance,147.5448,151.7902,146.9192,148.6018,2766524,0.6608,141.3292,141.0842,1.7773,4.871,2023,9,Sep,3,Wednesday,6.1441
2023-09-14,JPM,Finance,147.8729,150.4372,144.418,146.7897,5929086,-1.2194,141.8646,140.9467,1.7261,6.0192,2023,9,Sep,3,Thursday,4.8498
2023-09-15,JPM,Finance,145.6971,146.2091,144.0526,144.7216,1820554,-1.4089,142.2449,140.772,1.7695,2.1565,2023,9,Sep,3,Friday,3.3726
2023-09-18,JPM,Finance,148.8613,149.2361,147.6919,149.056,5240365,2.995,143.0097,140.7709,1.7456,1.5442,2023,9,Sep,3,Monday,6.4686
2023-09-19,JPM,Finance,148.1006,149.3987,148.0489,148.559,3631085,-0.3334,143.6789,140.8407,1.7524,1.3498,2023,9,Sep,3,Tuesday,6.1136
2023-09-20,JPM,Finance,145.792,146.2683,145.2803,146.0697,3815440,-1.6756,144.1495,140.8596,1.8103,0.988,2023,9,Sep,3,Wednesday,4.3355
2023-09-21,JPM,Finance,145.5133,145.5888,144.296,145.2218,2569334,-0.5805,144.7685,140.926,1.6703,1.2928,2023,9,Sep,3,Thursday,3.7299
2023-09-22,JPM,Finance,140.8935,144.3071,140.0636,142.0548,8658623,-2.1808,145.0523,140.8266,1.685,4.2435,2023,9,Sep,3,Friday,1.4677
2023-09-25,JPM,Finance,145.4983,147.5305,144.1027,145.5602,4916738,2.4676,145.4497,140.8995,1.7534,3.4278,2023,9,Sep,3,Monday,3.9716
2023-09-26,JPM,Finance,144.835,144.9753,142.8785,143.8824,6232741,-1.1527,145.6735,140.9766,1.7651,2.0968,2023,9,Sep,3,Tuesday,2.7731
2023-09-27,JPM,Finance,145.4452,145.8452,144.4359,145.2202,4038210,0.9298,146.052,141.0788,1.7392,1.4093,2023,9,Sep,3,Wednesday,3.7287
2023-09-28,JPM,Finance,148.6777,151.0101,148.4713,148.6116,2099230,2.3354,146.5252,141.2654,1.7912,2.5388,2023,9,Sep,3,Thursday,6.1511
2023-09-29,JPM,Finance,147.3423,147.9924,144.2866,147.3926,6038285,-0.8203,146.8021,141.4791,1.7678,3.7058,2023,9,Sep,3,Friday,5.2804
2023-10-02,JPM,Finance,147.6995,149.0262,145.6943,148.7699,8063977,0.9344,147.1576,141.7641,1.773,3.3319,2023,10,Oct,4,Monday,6.2642
2023-10-03,JPM,Finance,146.2231,147.3399,145.5465,146.2094,3488802,-1.7211,147.142,142.0423,1.6584,1.7934,2023,10,Oct,4,Tuesday,4.4353
2023-10-04,JPM,Finance,152.4494,152.6671,151.7601,152.3323,5443613,4.1878,147.4248,142.4551,1.9047,0.907,2023,10,Oct,4,Wednesday,8.8088
2023-10-05,JPM,Finance,155.4328,156.414,154.7097,154.8029,19243671,1.6218,147.6867,142.8291,1.8893,1.7043,2023,10,Oct,4,Thursday,10.5735
2023-10-06,JPM,Finance,154.5947,155.8405,152.8296,154.3425,4289172,-0.2974,147.8861,143.1895,1.8905,3.0109,2023,10,Oct,4,Friday,10.2446
2023-10-09,JPM,Finance,151.5456,154.5838,150.9971,152.361,15254080,-1.2838,147.9093,143.4546,1.9046,3.5867,2023,10,Oct,4,Monday,8.8293
2023-10-10,JPM,Finance,151.838,152.2876,150.672,152.1115,4826496,-0.1638,148.1335,143.6899,1.7848,1.6156,2023,10,Oct,4,Tuesday,8.6511
2023-10-11,JPM,Finance,152.3856,152.7721,148.4022,151.2779,5881182,-0.548,148.2674,143.8545,1.7876,4.3699,2023,10,Oct,4,Wednesday,8.0556
2023-10-12,JPM,Finance,157.6574,159.597,153.9776,156.3458,4157842,3.3501,148.7452,144.2558,1.8981,5.6194,2023,10,Oct,4,Thursday,11.6756
2023-10-13,JPM,Finance,153.897,155.4076,153.1104,153.1353,1622341,-2.0535,149.1658,144.6062,1.9343,2.2972,2023,10,Oct,4,Friday,9.3824
2023-10-16,JPM,Finance,152.5086,155.0669,150.5714,153.5322,3565370,0.2592,149.3897,144.9035,1.8275,4.4955,2023,10,Oct,4,Monday,9.6659
2023-10-17,JPM,Finance,154.63,155.608,151.8527,153.5304,6319534,-0.0012,149.6382,145.2268,1.8243,3.7553,2023,10,Oct,4,Tuesday,9.6646
2023-10-18,JPM,Finance,154.4691,155.5763,151.602,153.27,10806702,-0.1696,149.9982,145.4618,1.774,3.9743,2023,10,Oct,4,Wednesday,9.4786
2023-10-19,JPM,Finance,153.1722,153.4807,152.4797,153.033,11457629,-0.1546,150.3888,145.6198,1.766,1.001,2023,10,Oct,4,Thursday,9.3093
2023-10-20,JPM,Finance,153.8127,155.1738,151.9114,152.7769,7002885,-0.1673,150.9249,145.7949,1.6735,3.2624,2023,10,Oct,4,Friday,9.1264
2023-10-23,JPM,Finance,156.2166,156.2521,154.8765,155.0903,4751713,1.5142,151.4014,146.0401,1.6237,1.3756,2023,10,Oct,4,Monday,10.7788
2023-10-24,JPM,Finance,157.5088,158.8076,156.57,156.7424,4429025,1.0653,152.0444,146.3668,1.5925,2.2376,2023,10,Oct,4,Tuesday,11.9589
2023-10-25,JPM,Finance,157.9088,159.0041,157.5416,157.9057,3201048,0.7422,152.6787,146.7458,1.59,1.4625,2023,10,Oct,4,Wednesday,12.7898
2023-10-26,JPM,Finance,149.211,151.2824,148.2379,149.8086,13405972,-5.1278,152.7385,147.0204,1.9538,3.0445,2023,10,Oct,4,Thursday,7.0061
2023-10-27,JPM,Finance,150.2648,152.3317,149.2044,150.6171,5051517,0.5397,152.8998,147.2904,1.9453,3.1273,2023,10,Oct,4,Friday,7.5836
2023-10-30,JPM,Finance,145.5738,147.288,144.695,146.423,8077356,-2.7846,152.7824,147.5437,2.0395,2.593,2023,10,Oct,4,Monday,4.5879
2023-10-31,JPM,Finance,147.2769,148.9475,145.8811,148.0758,3297824,1.1288,152.8757,147.8017,2.0167,3.0664,2023,10,Oct,4,Tuesday,5.7684
2023-11-01,JPM,Finance,157.7739,158.2436,157.6866,157.755,4465361,6.5367,153.1469,148.2236,2.3147,0.557,2023,11,Nov,4,Wednesday,12.6821
2023-11-02,JPM,Finance,154.1957,158.7003,153.1225,155.3183,3727106,-1.5446,153.1726,148.6732,2.3206,5.5778,2023,11,Nov,4,Thursday,10.9416
2023-11-03,JPM,Finance,154.3098,154.7681,153.4211,154.6737,9686296,-0.415,153.1892,149.0391,2.3217,1.347,2023,11,Nov,4,Friday,10.4812
2023-11-06,JPM,Finance,153.7043,155.1467,150.6913,153.1441,6772228,-0.9889,153.2284,149.3497,2.3138,4.4554,2023,11,Nov,4,Monday,9.3886
2023-11-07,JPM,Finance,155.3664,156.5208,155.2436,156.4064,4094275,2.1302,153.4431,149.6897,2.359,1.2772,2023,11,Nov,4,Tuesday,11.7189
2023-11-08,JPM,Finance,157.9024,157.9146,156.3271,156.706,14668186,0.1916,153.7145,150.0708,2.353,1.5875,2023,11,Nov,4,Wednesday,11.9329
2023-11-09,JPM,Finance,161.5099,162.1599,160.1192,161.3573,5878220,2.9682,153.9651,150.515,2.3276,2.0407,2023,11,Nov,4,Thursday,15.2552
2023-11-10,JPM,Finance,163.2212,167.6363,162.1791,162.5406,3576273,0.7333,154.4353,150.9287,2.2693,5.4572,2023,11,Nov,4,Friday,16.1004
2023-11-13,JPM,Finance,163.1422,166.1907,161.3078,163.2593,4883726,0.4422,154.9217,151.3608,2.2694,4.8829,2023,11,Nov,4,Monday,16.6138
2023-11-14,JPM,Finance,162.8826,166.4603,162.4499,163.4976,3185782,0.146,155.4201,151.7002,2.2685,4.0104,2023,11,Nov,4,Tuesday,16.784
2023-11-15,JPM,Finance,167.2152,169.0474,164.3582,165.8202,3377562,1.4206,156.0476,152.0831,2.2776,4.6892,2023,11,Nov,4,Wednesday,18.443
2023-11-16,JPM,Finance,161.1573,161.7267,160.351,160.9716,4295040,-2.924,156.4445,152.3113,2.3954,1.3757,2023,11,Nov,4,Thursday,14.9797
2023-11-17,JPM,Finance,162.4018,162.6007,157.2047,161.2534,3849278,0.1751,156.8683,152.5292,2.3932,5.396,2023,11,Nov,4,Friday,15.181
2023-11-20,JPM,Finance,162.4061,162.4306,159.6269,161.1097,10413769,-0.0891,157.1693,152.7135,2.3771,2.8037,2023,11,Nov,4,Monday,15.0784
2023-11-21,JPM,Finance,163.3376,167.4454,162.2714,163.1449,5950028,1.2632,157.4894,153.0239,2.3813,5.174,2023,11,Nov,4,Tuesday,16.5321
2023-11-22,JPM,Finance,162.8675,165.3815,161.7313,162.6733,5582922,-0.2891,157.7278,153.3053,2.3807,3.6502,2023,11,Nov,4,Wednesday,16.1952
2023-11-23,JPM,Finance,159.2537,160.8316,157.1431,159.8495,5100495,-1.7359,158.2298,153.5665,2.0855,3.6885,2023,11,Nov,4,Thursday,14.1782
2023-11-24,JPM,Finance,160.4765,160.7888,158.6122,159.9174,6267557,0.0425,158.6949,153.8704,2.086,2.1766,2023,11,Nov,4,Friday,14.2267
2023-11-27,JPM,Finance,157.753,158.8039,155.7095,157.0216,3016636,-1.8108,159.2248,154.0297,2.0201,3.0944,2023,11,Nov,4,Monday,12.1583
2023-11-28,JPM,Finance,152.9781,153.6983,151.6985,151.9295,3077458,-3.2429,159.4175,154.0971,2.1649,1.9998,2023,11,Nov,4,Tuesday,8.5211
2023-11-29,JPM,Finance,154.6288,154.9692,152.7016,153.8531,5905990,1.2661,159.2224,154.2528,1.5914,2.2676,2023,11,Nov,4,Wednesday,9.8951
2023-11-30,JPM,Finance,156.1663,156.5204,154.2591,155.4138,4032844,1.0144,159.2272,154.4566,1.573,2.2613,2023,11,Nov,4,Thursday,11.0099
2023-12-01,JPM,Finance,157.9527,159.8548,156.1258,156.6945,3604400,0.8241,159.3282,154.7494,1.5796,3.729,2023,12,Dec,4,Friday,11.9246
2023-12-04,JPM,Finance,161.2062,163.6784,159.7862,160.2122,2571775,2.2449,159.6816,155.0425,1.6295,3.8922,2023,12,Dec,4,Monday,14.4373
2023-12-05,JPM,Finance,157.9821,160.1438,157.1803,158.449,2475662,-1.1005,159.7837,155.3338,1.5918,2.9635,2023,12,Dec,4,Tuesday,13.1779
2023-12-06,JPM,Finance,155.6943,156.934,153.8783,154.6416,6414718,-2.4029,159.6805,155.5222,1.6849,3.0557,2023,12,Dec,4,Wednesday,10.4583
2023-12-07,JPM,Finance,155.6355,156.552,154.2094,154.5039,4499744,-0.089,159.3378,155.6401,1.5278,2.3426,2023,12,Dec,4,Thursday,10.3599
2023-12-08,JPM,Finance,153.7457,154.2845,150.5282,153.6375,2729179,-0.5608,158.8927,155.765,1.5133,3.7563,2023,12,Dec,4,Friday,9.7411
2023-12-11,JPM,Finance,151.4312,151.9665,150.3888,151.4837,12940921,-1.4019,158.3039,155.8193,1.5237,1.5777,2023,12,Dec,4,Monday,8.2026
2023-12-12,JPM,Finance,151.7851,154.3253,150.5784,151.3235,3423232,-0.1058,157.6952,155.9215,1.5203,3.7469,2023,12,Dec,4,Tuesday,8.0882
2023-12-13,JPM,Finance,148.5811,151.9221,147.4058,149.7955,6264026,-1.0098,156.894,155.8708,1.4654,4.5163,2023,12,Dec,4,Wednesday,6.9968
2023-12-14,JPM,Finance,144.8063,145.8981,144.3424,145.1651,9921382,-3.0911,156.1036,155.678,1.4804,1.5557,2023,12,Dec,4,Thursday,3.6894
2023-12-15,JPM,Finance,143.615,145.0365,141.3754,144.1199,11224706,-0.72,155.247,155.4736,1.4722,3.6611,2023,12,Dec,4,Friday,2.9428
2023-12-18,JPM,Finance,140.4603,142.832,139.3636,141.3789,3149230,-1.9019,154.2604,155.254,1.498,3.4684,2023,12,Dec,4,Monday,0.9849
2023-12-19,JPM,Finance,141.1655,142.3068,139.8167,141.9781,6426075,0.4238,153.2021,155.0513,1.4529,2.4901,2023,12,Dec,4,Tuesday,1.4129
2023-12-20,JPM,Finance,140.0779,141.8459,139.6703,140.4373,3860015,-1.0852,152.0903,154.8345,1.4525,2.1756,2023,12,Dec,4,Wednesday,0.3124
2023-12-21,JPM,Finance,143.9026,145.609,142.1048,143.1334,6536268,1.9198,151.2545,154.5702,1.5452,3.5042,2023,12,Dec,4,Thursday,2.2381
2023-12-22,JPM,Finance,146.543,148.0772,145.8936,147.0789,4341123,2.7565,150.6126,154.4491,1.7095,2.1836,2023,12,Dec,4,Friday,5.0564
2023-12-25,JPM,Finance,148.9921,149.1978,148.4246,148.8217,4885916,1.1849,150.2026,154.3549,1.7109,0.7732,2023,12,Dec,4,Monday,6.3012
2023-12-26,JPM,Finance,144.2918,145.6864,143.8792,144.9423,2587102,-2.6067,149.8532,154.1831,1.6575,1.8072,2023,12,Dec,4,Tuesday,3.5302
2023-12-27,JPM,Finance,148.1325,149.5451,148.034,148.6947,8014791,2.5889,149.5953,154.0916,1.7441,1.5111,2023,12,Dec,4,Wednesday,6.2105
2023-12-28,JPM,Finance,152.4423,153.3196,152.1159,152.7224,4885820,2.7087,149.4607,154.0854,1.8424,1.2037,2023,12,Dec,4,Thursday,9.0874
2023-12-29,JPM,Finance,153.1048,153.6555,151.4095,152.817,3485423,0.0619,149.2668,154.0862,1.8307,2.246,2023,12,Dec,4,Friday,9.155
2024-01-01,JPM,Finance,157.5524,159.4657,156.0283,156.2996,2980205,2.2789,149.0712,154.1104,1.833,3.4374,2024,1,Jan,1,Monday,11.6426
2024-01-02,JPM,Finance,154.2678,156.1889,154.1213,154.8807,4501272,-0.9078,148.8928,154.0732,1.828,2.0676,2024,1,Jan,1,Tuesday,10.6291
2024-01-03,JPM,Finance,150.2861,150.3875,148.6683,150.0134,8347562,-3.1426,148.6614,153.9153,1.8838,1.7192,2024,1,Jan,1,Wednesday,7.1524
2024-01-04,JPM,Finance,147.4393,148.5907,146.7357,148.1195,6986083,-1.2625,148.3422,153.8815,1.9005,1.855,2024,1,Jan,1,Thursday,5.7996
2024-01-05,JPM,Finance,152.9767,154.2388,152.2913,152.5183,3133267,2.9698,148.2862,153.9196,2.0245,1.9475,2024,1,Jan,1,Friday,8.9416
2024-01-08,JPM,Finance,147.8806,149.5949,146.1455,148.698,2651332,-2.5048,148.1469,153.9651,2.0785,3.4494,2024,1,Jan,1,Monday,6.2129
2024-01-09,JPM,Finance,148.0688,151.9579,146.7905,148.7414,10083397,0.0292,148.0178,153.9784,2.0786,5.1674,2024,1,Jan,1,Tuesday,6.2439
2024-01-10,JPM,Finance,149.4172,149.853,148.7732,148.8724,5610886,0.0881,147.9716,153.8007,2.0668,1.0798,2024,1,Jan,1,Wednesday,6.3374
2024-01-11,JPM,Finance,148.8494,149.0889,145.5372,147.6188,2576682,-0.8421,148.0943,153.6467,1.9482,3.5517,2024,1,Jan,1,Thursday,5.442
2024-01-12,JPM,Finance,147.4028,149.0754,145.6317,146.55,15615786,-0.724,148.2158,153.4842,1.9482,3.4437,2024,1,Jan,1,Friday,4.6786
2024-01-15,JPM,Finance,150.117,151.1809,150.0166,151.1705,3415912,3.1528,148.7054,153.4448,2.0018,1.1643,2024,1,Jan,1,Monday,7.9789
2024-01-16,JPM,Finance,149.8926,151.978,148.7686,149.7712,3952937,-0.9256,149.0951,153.3121,2.022,3.2094,2024,1,Jan,1,Tuesday,6.9794
2024-01-17,JPM,Finance,146.9216,147.0878,143.8352,146.1954,3836425,-2.3875,149.383,153.1019,2.0884,3.2526,2024,1,Jan,1,Wednesday,4.4253
2024-01-18,JPM,Finance,147.9152,148.0513,146.0954,146.7737,11138274,0.3956,149.565,152.8102,2.0506,1.9559,2024,1,Jan,1,Thursday,4.8384
2024-01-19,JPM,Finance,148.8287,149.5773,146.6405,149.4959,2167031,1.8547,149.6858,152.5493,1.9994,2.9368,2024,1,Jan,1,Friday,6.7828
2024-01-22,JPM,Finance,152.544,153.3784,148.9859,151.7507,4397958,1.5083,149.8323,152.3191,2.0099,4.3925,2024,1,Jan,1,Monday,8.3934
2024-01-23,JPM,Finance,148.9165,152.2025,148.4572,149.7073,10619907,-1.3466,150.0705,152.0433,1.9386,3.7453,2024,1,Jan,1,Tuesday,6.9338
2024-01-24,JPM,Finance,147.2378,147.4144,144.8744,146.5678,3002524,-2.0971,149.9642,151.6583,1.9151,2.54,2024,1,Jan,1,Wednesday,4.6913
2024-01-25,JPM,Finance,146.9982,148.2604,145.4525,145.9037,3550469,-0.4531,149.6233,151.3569,1.8021,2.8079,2024,1,Jan,1,Thursday,4.2169
2024-01-26,JPM,Finance,150.784,151.1806,146.7897,149.8361,5947185,2.6952,149.4742,151.1286,1.9159,4.3909,2024,1,Jan,1,Friday,7.0258
2024-01-29,JPM,Finance,150.3845,152.5538,150.0804,151.5256,4946473,1.1276,149.2355,150.9369,1.8576,2.4734,2024,1,Jan,1,Monday,8.2326
2024-01-30,JPM,Finance,154.5087,155.0389,151.6645,153.3844,1903533,1.2267,149.1607,150.7417,1.8724,3.3744,2024,1,Jan,1,Tuesday,9.5603
2024-01-31,JPM,Finance,155.9588,157.6335,155.5634,155.7507,5125662,1.5427,149.4476,150.6032,1.7519,2.0701,2024,1,Jan,1,Wednesday,11.2505
2024-02-01,JPM,Finance,158.0341,158.3244,156.6693,156.9116,4418240,0.7454,149.8872,150.5445,1.7208,1.6551,2024,2,Feb,1,Thursday,12.0797
2024-02-02,JPM,Finance,156.9334,158.0969,155.8408,157.2804,5238165,0.235,150.1253,150.4917,1.6023,2.2561,2024,2,Feb,1,Friday,12.3431
2024-02-05,JPM,Finance,159.5278,160.4414,157.414,159.0984,3733077,1.1559,150.6453,150.5333,1.486,3.0274,2024,2,Feb,1,Monday,13.6417
2024-02-06,JPM,Finance,156.7752,157.8366,156.0515,157.6689,6208052,-0.8985,151.0917,150.648,1.5108,1.7851,2024,2,Feb,1,Tuesday,12.6206
2024-02-07,JPM,Finance,153.9698,154.7555,152.5606,153.9249,5534835,-2.3746,151.3443,150.6495,1.6252,2.1949,2024,2,Feb,1,Wednesday,9.9464
2024-02-08,JPM,Finance,156.7657,157.5927,154.3462,155.863,6523199,1.2591,151.7565,150.6585,1.6236,3.2465,2024,2,Feb,1,Thursday,11.3307
2024-02-09,JPM,Finance,160.2151,160.2675,157.4372,159.1894,10369622,2.1342,152.3885,150.7084,1.6557,2.8303,2024,2,Feb,1,Friday,13.7067
2024-02-12,JPM,Finance,156.5244,159.0342,154.4206,156.2109,3355858,-1.871,152.6405,150.6283,1.6006,4.6136,2024,2,Feb,1,Monday,11.5792
2024-02-13,JPM,Finance,158.6396,160.8724,156.277,158.4405,3916835,1.4273,153.074,150.6282,1.6018,4.5954,2024,2,Feb,1,Tuesday,13.1718
2024-02-14,JPM,Finance,163.7383,164.7828,162.9391,163.0151,7683945,2.8873,153.915,150.7956,1.571,1.8437,2024,2,Feb,1,Wednesday,16.4394
2024-02-15,JPM,Finance,163.7653,164.1728,162.4463,163.0578,4574259,0.0262,154.7292,150.9667,1.5752,1.7265,2024,2,Feb,1,Thursday,16.4699
2024-02-16,JPM,Finance,159.6816,160.8746,159.4196,160.8392,6722769,-1.3606,155.2963,151.1108,1.5978,1.455,2024,2,Feb,1,Friday,14.8851
2024-02-19,JPM,Finance,162.0373,164.9649,160.7819,161.2239,8745350,0.2392,155.77,151.3056,1.5756,4.183,2024,2,Feb,1,Monday,15.1599
2024-02-20,JPM,Finance,159.5728,160.5297,159.3243,159.7633,5765393,-0.9059,156.2728,151.4744,1.5541,1.2054,2024,2,Feb,1,Tuesday,14.1166
2024-02-21,JPM,Finance,157.3259,160.4267,155.5404,158.1362,5431663,-1.0184,156.8512,151.6412,1.4822,4.8863,2024,2,Feb,1,Wednesday,12.9544
2024-02-22,JPM,Finance,159.1822,159.5908,157.2739,159.3482,6290617,0.7664,157.5234,151.9248,1.4707,2.3169,2024,2,Feb,1,Thursday,13.8201
2024-02-23,JPM,Finance,154.226,156.0016,154.031,155.0516,11755480,-2.6964,157.7842,152.1435,1.5308,1.9706,2024,2,Feb,1,Friday,10.7511
2024-02-26,JPM,Finance,151.1732,151.8817,150.1799,151.2921,11801914,-2.4247,157.7725,152.3417,1.6189,1.7018,2024,2,Feb,1,Monday,8.0658
2024-02-27,JPM,Finance,151.7007,152.1398,150.3594,151.3871,7928042,0.0628,157.6727,152.5299,1.5934,1.7804,2024,2,Feb,1,Tuesday,8.1336
2024-02-28,JPM,Finance,151.8693,152.4959,149.9921,151.3751,3525990,-0.0079,157.4539,152.7487,1.5487,2.5038,2024,2,Feb,1,Wednesday,8.1251
2024-02-29,JPM,Finance,152.8658,156.0073,151.8247,152.3046,6791309,0.614,157.2235,152.9321,1.5451,4.1826,2024,2,Feb,1,Thursday,8.789
2024-03-01,JPM,Finance,156.7836,157.3802,155.8256,157.2056,6484358,3.2179,157.2198,153.1346,1.7173,1.5546,2024,3,Mar,1,Friday,12.2897
2024-03-04,JPM,Finance,158.8464,160.2117,156.7937,157.5321,7187536,0.2077,157.1415,153.3088,1.697,3.418,2024,3,Mar,1,Monday,12.5229
2024-03-05,JPM,Finance,158.3912,159.2796,156.9568,159.1813,4253754,1.0469,157.2171,153.5936,1.7007,2.3228,2024,3,Mar,1,Tuesday,13.7009
2024-03-06,JPM,Finance,155.4234,157.5735,153.0995,156.5892,4564536,-1.6284,157.3503,153.7515,1.652,4.474,2024,3,Mar,1,Wednesday,11.8494
2024-03-07,JPM,Finance,159.261,159.361,158.441,158.6804,4708142,1.3355,157.4912,153.8707,1.6549,0.92,2024,3,Mar,1,Thursday,13.3431
2024-03-08,JPM,Finance,158.0345,159.3593,156.6565,157.308,7432096,-0.8649,157.3971,153.9605,1.5959,2.7028,2024,3,Mar,1,Friday,12.3629
2024-03-11,JPM,Finance,157.5671,159.5285,156.315,157.5462,7293541,0.1514,157.4639,153.9854,1.5373,3.2135,2024,3,Mar,1,Monday,12.533
2024-03-12,JPM,Finance,158.5062,159.3115,154.8074,157.302,4255292,-0.155,157.407,154.0338,1.5032,4.5041,2024,3,Mar,1,Tuesday,12.3586
2024-03-13,JPM,Finance,160.7566,161.5473,157.3887,160.1115,4672264,1.7861,157.2618,154.2358,1.4081,4.1586,2024,3,Mar,1,Wednesday,14.3654
2024-03-14,JPM,Finance,155.4255,157.9425,154.8151,156.5939,7873866,-2.197,156.9386,154.4053,1.4849,3.1274,2024,3,Mar,1,Thursday,11.8528
2024-03-15,JPM,Finance,151.4566,152.0716,149.9735,150.5627,3508960,-3.8515,156.4248,154.3662,1.6797,2.0981,2024,3,Mar,1,Friday,7.5448
2024-03-18,JPM,Finance,150.4886,150.9999,149.8302,150.0615,8031315,-0.3329,155.8666,154.3934,1.6747,1.1697,2024,3,Mar,1,Monday,7.1868
2024-03-19,JPM,Finance,151.0794,152.3541,150.9354,151.3018,3411542,0.8265,155.4436,154.4447,1.6888,1.4187,2024,3,Mar,1,Tuesday,8.0727
2024-03-20,JPM,Finance,152.171,153.0041,150.7876,151.7389,5737721,0.2889,155.1237,154.502,1.6832,2.2165,2024,3,Mar,1,Wednesday,8.3849
2024-03-21,JPM,Finance,155.8343,156.278,153.5349,154.9629,3774100,2.1247,154.9044,154.6489,1.75,2.7431,2024,3,Mar,1,Thursday,10.6878
2024-03-22,JPM,Finance,156.6333,156.8346,155.6599,156.1616,1825450,0.7735,154.9599,154.8411,1.6508,1.1747,2024,3,Mar,1,Friday,11.544
2024-03-25,JPM,Finance,155.1895,158.0434,153.4552,154.7116,3612325,-0.9285,155.1309,154.9119,1.5645,4.5882,2024,3,Mar,1,Monday,10.5083
2024-03-26,JPM,Finance,147.6591,150.3175,147.5738,148.6419,6199351,-3.9232,154.9936,154.8893,1.8076,2.7437,2024,3,Mar,1,Tuesday,6.1728
2024-03-27,JPM,Finance,147.1498,148.9173,144.5513,148.0868,3831886,-0.3734,154.8292,154.9272,1.8087,4.366,2024,3,Mar,1,Wednesday,5.7763
2024-03-28,JPM,Finance,151.8743,151.9226,150.5356,150.7191,3424815,1.7775,154.7499,155.0061,1.8509,1.387,2024,3,Mar,1,Thursday,7.6565
2024-03-29,JPM,Finance,148.8377,149.9098,148.2666,149.7598,3245249,-0.6365,154.3777,155.0113,1.6878,1.6432,2024,3,Mar,1,Friday,6.9713
2024-04-01,JPM,Finance,149.4012,150.2252,147.924,149.8769,4346738,0.0782,153.9949,154.9739,1.6863,2.3012,2024,4,Apr,2,Monday,7.0549
2024-04-02,JPM,Finance,151.011,153.1238,150.8292,150.9954,4608872,0.7463,153.5856,154.9996,1.6755,2.2946,2024,4,Apr,2,Tuesday,7.8539
2024-04-03,JPM,Finance,149.4821,150.5751,147.394,148.4345,6701587,-1.696,153.1779,155.037,1.6785,3.1811,2024,4,Apr,2,Wednesday,6.0246
2024-04-04,JPM,Finance,151.0004,157.5543,148.4023,150.0517,6607287,1.0895,152.7464,155.1199,1.6671,9.152,2024,4,Apr,2,Thursday,7.1798
2024-04-05,JPM,Finance,155.5709,156.8177,151.9606,154.2728,4396372,2.8131,152.5947,155.2087,1.7955,4.8571,2024,4,Apr,2,Friday,10.1949
2024-04-08,JPM,Finance,153.8531,156.41,151.9224,153.8659,1584026,-0.2638,152.4107,155.2555,1.795,4.4876,2024,4,Apr,2,Monday,9.9042
2024-04-09,JPM,Finance,151.5972,151.6997,150.5371,150.9587,4465794,-1.8894,152.0935,155.207,1.8391,1.1626,2024,4,Apr,2,Tuesday,7.8276
2024-04-10,JPM,Finance,150.4268,152.2528,149.233,150.8331,4330223,-0.0832,151.6296,155.1086,1.7799,3.0198,2024,4,Apr,2,Wednesday,7.7379
2024-04-11,JPM,Finance,144.8628,145.3297,143.7095,145.1747,9093073,-3.7514,151.0586,154.8739,1.8979,1.6202,2024,4,Apr,2,Thursday,3.6962
2024-04-12,JPM,Finance,146.3714,147.9151,144.9921,146.0497,4625614,0.6027,150.833,154.6492,1.7197,2.923,2024,4,Apr,2,Friday,4.3212
2024-04-15,JPM,Finance,146.3816,148.3635,145.5259,147.2164,2007081,0.7988,150.6907,154.4116,1.7315,2.8376,2024,4,Apr,2,Monday,5.1546
2024-04-16,JPM,Finance,152.0049,152.8764,150.0267,151.4542,7482776,2.8786,150.6983,154.2873,1.8452,2.8497,2024,4,Apr,2,Tuesday,8.1816
2024-04-17,JPM,Finance,151.7272,152.4964,150.2104,151.0001,12658931,-0.2998,150.6614,154.2288,1.8454,2.286,2024,4,Apr,2,Wednesday,7.8572
2024-04-18,JPM,Finance,153.3444,155.1142,151.6827,152.094,8361243,0.7244,150.5179,154.1534,1.7859,3.4315,2024,4,Apr,2,Thursday,8.6386
2024-04-19,JPM,Finance,150.9952,152.3978,148.9069,149.9127,2435676,-1.4342,150.2055,153.9679,1.7986,3.4909,2024,4,Apr,2,Friday,7.0805
2024-04-22,JPM,Finance,149.4552,150.4604,148.596,149.0493,3570200,-0.5759,149.9224,153.8247,1.7927,1.8644,2024,4,Apr,2,Monday,6.4638
2024-04-23,JPM,Finance,144.2738,146.3627,142.4834,145.2295,2852975,-2.5628,149.7518,153.5605,1.664,3.8793,2024,4,Apr,2,Tuesday,3.7354
2024-04-24,JPM,Finance,144.1162,145.326,142.2605,144.7921,10618040,-0.3012,149.587,153.196,1.6635,3.0655,2024,4,Apr,2,Wednesday,3.4229
2024-04-25,JPM,Finance,144.7155,145.1318,143.3733,144.084,13238141,-0.489,149.2553,152.8165,1.6051,1.7585,2024,4,Apr,2,Thursday,2.9171
2024-04-26,JPM,Finance,145.8221,146.715,142.6314,144.8601,6088008,0.5386,149.0103,152.4969,1.6103,4.0836,2024,4,Apr,2,Friday,3.4715
2024-04-29,JPM,Finance,144.0653,146.1765,142.3341,143.3679,3735069,-1.0301,148.6848,152.1398,1.6209,3.8424,2024,4,Apr,2,Monday,2.4056
2024-04-30,JPM,Finance,142.525,145.7784,141.6836,143.6141,8348995,0.1717,148.3158,151.8168,1.6081,4.0948,2024,4,Apr,2,Tuesday,2.5815
2024-05-01,JPM,Finance,141.7557,144.7488,141.3961,142.8432,3726097,-0.5368,148.0362,151.511,1.5733,3.3527,2024,5,May,2,Wednesday,2.0309
2024-05-02,JPM,Finance,141.7624,143.2409,141.1634,142.0811,4380365,-0.5335,147.6377,151.1656,1.546,2.0775,2024,5,May,2,Thursday,1.4865
2024-05-03,JPM,Finance,142.2846,142.6621,141.2312,142.3178,7251390,0.1666,147.0399,150.911,1.3725,1.4309,2024,5,May,2,Friday,1.6556
2024-05-06,JPM,Finance,143.148,143.9542,141.7457,142.4585,10728937,0.0989,146.4696,150.7343,1.3767,2.2085,2024,5,May,2,Monday,1.7561
2024-05-07,JPM,Finance,143.9009,145.0442,143.5212,144.3447,3770797,1.324,146.1389,150.5934,1.3782,1.523,2024,5,May,2,Tuesday,3.1034
2024-05-08,JPM,Finance,143.6013,144.4003,143.3092,144.0919,7613303,-0.1751,145.8018,150.4478,1.3779,1.0911,2024,5,May,2,Wednesday,2.9228
2024-05-09,JPM,Finance,142.9332,145.3234,141.7511,143.2781,2645368,-0.5648,145.707,150.2672,1.1053,3.5723,2024,5,May,2,Thursday,2.3415
2024-05-10,JPM,Finance,141.9055,144.1074,141.7097,142.8807,3792348,-0.2774,145.5485,149.9807,1.095,2.3977,2024,5,May,2,Friday,2.0576
2024-05-13,JPM,Finance,140.1489,141.7714,139.6355,141.1877,5051517,-1.1849,145.2471,149.6539,1.0987,2.1359,2024,5,May,2,Monday,0.8484
2024-05-14,JPM,Finance,141.1561,142.4049,139.4571,140.3662,3378349,-0.5818,144.6927,149.2776,0.8267,2.9478,2024,5,May,2,Tuesday,0.2616
2024-05-15,JPM,Finance,144.7652,147.3084,142.9788,145.2551,5648731,3.483,144.4054,149.0509,1.1955,4.3296,2024,5,May,2,Wednesday,3.7536
2024-05-16,JPM,Finance,143.43,144.5089,143.0075,143.0449,3032399,-1.5216,143.953,148.7382,1.2108,1.5014,2024,5,May,2,Thursday,2.1749
2024-05-17,JPM,Finance,142.2029,142.9116,140.6827,142.4102,6663992,-0.4437,143.5779,148.4402,1.1818,2.2289,2024,5,May,2,Friday,1.7216
2024-05-20,JPM,Finance,141.96,143.0339,140.99,141.5148,4176490,-0.6287,143.2011,148.1196,1.1827,2.0439,2024,5,May,2,Monday,1.082
2024-05-21,JPM,Finance,141.4886,141.6338,140.9007,140.9627,3231858,-0.3901,142.9878,147.7928,1.0518,0.7331,2024,5,May,2,Tuesday,0.6876
2024-05-22,JPM,Finance,141.0614,141.7785,140.129,140.2112,1730432,-0.5331,142.7587,147.3948,1.0549,1.6495,2024,5,May,2,Wednesday,0.1509
2024-05-23,JPM,Finance,140.8255,141.8973,140.2615,140.9188,8193614,0.5047,142.6005,147.0813,1.0618,1.6358,2024,5,May,2,Thursday,0.6563
2024-05-24,JPM,Finance,135.8387,137.7211,134.2929,136.8642,3990533,-2.8773,142.2007,146.8073,1.2162,3.4282,2024,5,May,2,Friday,-2.2399
2024-05-27,JPM,Finance,140.1955,140.7024,137.1603,139.3184,3114404,1.7932,141.9982,146.5924,1.2859,3.5421,2024,5,May,2,Monday,-0.4869
2024-05-28,JPM,Finance,140.8682,141.061,138.747,140.8584,3199270,1.1054,141.8604,146.3836,1.3143,2.314,2024,5,May,2,Tuesday,0.6131
2024-05-29,JPM,Finance,138.7665,140.3959,136.1956,137.9245,4605174,-2.0829,141.6145,146.1073,1.3856,4.2003,2024,5,May,2,Wednesday,-1.4825
2024-05-30,JPM,Finance,133.6256,134.1634,131.9504,132.6456,8347359,-3.8274,141.1427,145.6609,1.6093,2.213,2024,5,May,2,Thursday,-5.2531
2024-05-31,JPM,Finance,129.9032,131.2641,128.9507,130.4821,2910598,-1.631,140.5509,145.1474,1.6301,2.3134,2024,5,May,2,Friday,-6.7985
2024-06-03,JPM,Finance,130.1995,131.3922,129.2186,129.9829,1598366,-0.3826,139.9272,144.6528,1.6256,2.1736,2024,6,Jun,2,Monday,-7.1551
2024-06-04,JPM,Finance,135.5668,135.7416,135.0418,135.7236,4731476,4.4165,139.4961,144.3944,1.9226,0.6998,2024,6,Jun,2,Tuesday,-3.0546
2024-06-05,JPM,Finance,137.6423,138.2281,135.5413,137.0178,15157847,0.9536,139.1424,144.173,1.9426,2.6868,2024,6,Jun,2,Wednesday,-2.1301
2024-06-06,JPM,Finance,132.7766,133.8242,132.1178,132.8485,7011065,-3.0429,138.6209,143.8156,2.0414,1.7064,2024,6,Jun,2,Thursday,-5.1082
2024-06-07,JPM,Finance,131.3423,131.8265,130.6474,131.3308,3170369,-1.1424,138.0434,143.447,2.0487,1.1791,2024,6,Jun,2,Friday,-6.1923
2024-06-10,JPM,Finance,132.1193,133.141,131.0594,131.2514,3725708,-0.0605,137.5466,143.0745,2.0415,2.0816,2024,6,Jun,2,Monday,-6.249
2024-06-11,JPM,Finance,131.0602,133.226,131.0447,131.8568,2436820,0.4613,137.1211,142.6918,2.0484,2.1813,2024,6,Jun,2,Tuesday,-5.8166
2024-06-12,JPM,Finance,128.0838,130.4048,127.0494,128.9493,3884247,-2.205,136.3058,142.3021,1.885,3.3554,2024,6,Jun,2,Wednesday,-7.8934
2024-06-13,JPM,Finance,129.6584,130.9117,127.3335,128.692,6219210,-0.1995,135.5882,141.8749,1.8733,3.5782,2024,6,Jun,2,Thursday,-8.0771
2024-06-14,JPM,Finance,127.615,128.6999,126.6158,127.1606,5399263,-1.19,134.8257,141.3326,1.8793,2.0841,2024,6,Jun,2,Friday,-9.171
2024-06-17,JPM,Finance,124.1911,126.6674,123.1748,124.8127,3888375,-1.8464,133.9906,140.7516,1.9017,3.4926,2024,6,Jun,2,Monday,-10.8481
2024-06-18,JPM,Finance,124.7999,125.5817,124.7558,125.401,6599022,0.4713,133.2125,140.2404,1.9166,0.8259,2024,6,Jun,2,Tuesday,-10.4279
2024-06-19,JPM,Finance,126.8256,127.2496,125.1023,127.0884,3447875,1.3456,132.5564,139.7655,1.9637,2.1473,2024,6,Jun,2,Wednesday,-9.2226
2024-06-20,JPM,Finance,129.9446,130.5096,128.6906,128.9436,2351687,1.4598,131.9576,139.4409,2.0,1.819,2024,6,Jun,2,Thursday,-7.8974
2024-06-21,JPM,Finance,129.3883,132.0517,127.8871,130.2413,8463498,1.0064,131.6265,139.1247,1.9368,4.1646,2024,6,Jun,2,Friday,-6.9705
2024-06-24,JPM,Finance,128.1022,129.6982,127.7438,129.1792,9874509,-0.8155,131.1195,138.764,1.8804,1.9544,2024,6,Jun,2,Monday,-7.7291
2024-06-25,JPM,Finance,131.8679,132.5487,130.6502,130.7871,4007037,1.2447,130.616,138.3506,1.8864,1.8985,2024,6,Jun,2,Tuesday,-6.5806
2024-06-26,JPM,Finance,131.7774,132.8733,130.932,131.5135,4971109,0.5554,130.2954,137.9609,1.851,1.9413,2024,6,Jun,2,Wednesday,-6.0618
2024-06-27,JPM,Finance,132.861,132.9483,131.726,131.8524,6511157,0.2577,130.2558,137.5561,1.6462,1.2223,2024,6,Jun,2,Thursday,-5.8197
2024-06-28,JPM,Finance,131.5477,132.4764,129.6134,130.5209,5363905,-1.0098,130.2577,137.1682,1.6198,2.863,2024,6,Jun,2,Friday,-6.7708
2024-07-01,JPM,Finance,129.6719,130.8253,128.6881,129.4575,10676589,-0.8147,130.2314,136.7764,1.6282,2.1372,2024,7,Jul,3,Monday,-7.5304
2024-07-02,JPM,Finance,129.3815,131.4565,128.3289,129.659,4248989,0.1556,129.9282,136.465,1.2548,3.1276,2024,7,Jul,3,Tuesday,-7.3864
2024-07-03,JPM,Finance,136.0879,136.9779,134.0901,135.0759,3068743,4.1778,129.8311,136.2707,1.5789,2.8878,2024,7,Jul,3,Wednesday,-3.5172
2024-07-04,JPM,Finance,136.4499,138.9962,134.4822,135.8081,4418332,0.5421,129.9791,136.1051,1.4176,4.514,2024,7,Jul,3,Thursday,-2.9942
2024-07-05,JPM,Finance,135.5266,136.4505,133.3429,134.4378,4056909,-1.009,130.1344,135.8967,1.4117,3.1076,2024,7,Jul,3,Friday,-3.973
2024-07-08,JPM,Finance,132.4451,133.5589,132.1965,132.5757,2537464,-1.3851,130.2006,135.6809,1.4514,1.3624,2024,7,Jul,3,Monday,-5.3031
2024-07-09,JPM,Finance,130.7407,133.6679,129.962,131.5072,3784345,-0.806,130.1832,135.4387,1.4606,3.7059,2024,7,Jul,3,Tuesday,-6.0663
2024-07-10,JPM,Finance,136.7884,137.529,136.3396,136.4142,946188,3.7314,130.5564,135.3101,1.5873,1.1894,2024,7,Jul,3,Wednesday,-2.5613
2024-07-11,JPM,Finance,130.606,131.9568,129.248,131.4368,4233810,-3.6487,130.6936,135.0972,1.8148,2.7088,2024,7,Jul,3,Thursday,-6.1166
2024-07-12,JPM,Finance,134.2071,135.2995,132.4305,133.5026,5430061,1.5717,131.0107,134.9209,1.8148,2.869,2024,7,Jul,3,Friday,-4.641
2024-07-15,JPM,Finance,132.4025,132.8138,130.5713,132.6895,4482175,-0.6091,131.4046,134.7256,1.7595,2.2425,2024,7,Jul,3,Monday,-5.2218
2024-07-16,JPM,Finance,133.1674,134.6534,132.9837,133.3184,7695480,0.474,131.8005,134.505,1.7595,1.6697,2024,7,Jul,3,Tuesday,-4.7726
2024-07-17,JPM,Finance,135.3049,136.0678,133.4667,135.1529,1953225,1.376,132.2037,134.3263,1.7605,2.6011,2024,7,Jul,3,Wednesday,-3.4622
2024-07-18,JPM,Finance,134.9962,136.5706,133.5025,133.8794,6442001,-0.9423,132.4505,134.1383,1.7608,3.0681,2024,7,Jul,3,Thursday,-4.3719
2024-07-19,JPM,Finance,132.5445,134.0518,132.2789,132.4604,8364806,-1.0599,132.5614,133.9299,1.7717,1.7729,2024,7,Jul,3,Friday,-5.3854
2024-07-22,JPM,Finance,136.1285,137.0807,133.5716,136.2357,5323559,2.8501,132.9142,133.8308,1.8595,3.5091,2024,7,Jul,3,Monday,-2.6888
2024-07-23,JPM,Finance,138.5965,139.0535,137.6244,138.5568,10046343,1.7037,133.3027,133.7947,1.8748,1.4291,2024,7,Jul,3,Tuesday,-1.0309
2024-07-24,JPM,Finance,140.2351,141.3701,138.6847,140.4608,6796828,1.3742,133.7501,133.6988,1.8894,2.6854,2024,7,Jul,3,Wednesday,0.3291
2024-07-25,JPM,Finance,142.4995,143.5486,142.2822,142.3828,8918096,1.3684,134.2766,133.6855,1.9029,1.2664,2024,7,Jul,3,Thursday,1.702
2024-07-26,JPM,Finance,143.4452,146.2899,142.9087,143.538,8819422,0.8113,134.9275,133.7081,1.8752,3.3812,2024,7,Jul,3,Friday,2.5271
2024-07-29,JPM,Finance,149.0533,150.8038,147.8192,148.5047,3771525,3.4602,135.8798,133.8479,1.96,2.9846,2024,7,Jul,3,Monday,6.0748
2024-07-30,JPM,Finance,148.235,148.921,147.4815,148.6601,4873149,0.1046,136.8299,134.0018,1.9608,1.4395,2024,7,Jul,3,Tuesday,6.1858
2024-07-31,JPM,Finance,149.6872,150.4102,149.3211,150.1636,5216944,1.0114,137.5843,134.2009,1.7856,1.0891,2024,7,Jul,3,Wednesday,7.2597
2024-08-01,JPM,Finance,146.9344,148.6554,144.0344,146.5047,3854855,-2.4366,138.1191,134.3126,1.9061,4.621,2024,8,Aug,3,Thursday,4.6462
2024-08-02,JPM,Finance,145.0163,146.542,144.4439,144.4941,4269768,-1.3724,138.6219,134.4652,1.9219,2.0981,2024,8,Aug,3,Friday,3.2101
2024-08-05,JPM,Finance,142.144,142.8679,138.6772,141.5877,4922702,-2.0114,139.0725,134.5106,1.9569,4.1907,2024,8,Aug,3,Monday,1.1341
2024-08-06,JPM,Finance,144.2907,145.1948,141.8678,144.6969,8774395,2.196,139.732,134.5873,1.9788,3.327,2024,8,Aug,3,Tuesday,3.3549
2024-08-07,JPM,Finance,137.4026,138.6936,133.5772,138.4614,14374884,-4.3094,139.8344,134.5981,2.1003,5.1164,2024,8,Aug,3,Wednesday,-1.099
2024-08-08,JPM,Finance,137.2328,139.5453,136.245,137.556,3288991,-0.6539,140.1403,134.6963,1.9181,3.3003,2024,8,Aug,3,Thursday,-1.7457
2024-08-09,JPM,Finance,130.3163,130.9457,129.3974,130.5966,7467828,-5.0593,139.995,134.6986,2.2253,1.5483,2024,8,Aug,3,Friday,-6.7167
2024-08-12,JPM,Finance,129.1236,130.4303,128.7639,128.7902,3268281,-1.3832,139.8001,134.6747,2.2415,1.6664,2024,8,Aug,3,Monday,-8.007
2024-08-13,JPM,Finance,128.2424,128.6755,127.2159,127.7539,3296738,-0.8046,139.5218,134.5153,2.2418,1.4596,2024,8,Aug,3,Tuesday,-8.7472
2024-08-14,JPM,Finance,131.2275,132.4562,130.6629,130.8,2837680,2.3843,139.3042,134.391,2.2897,1.7933,2024,8,Aug,3,Wednesday,-6.5714
2024-08-15,JPM,Finance,132.1698,133.4756,130.9453,131.7211,6670657,0.7042,139.1963,134.3684,2.2888,2.5303,2024,8,Aug,3,Thursday,-5.9135
2024-08-16,JPM,Finance,130.379,131.6849,129.0081,129.895,5051517,-1.3863,139.068,134.3397,2.2975,2.6768,2024,8,Aug,3,Friday,-7.2179
2024-08-19,JPM,Finance,131.6953,132.7095,130.3423,132.2879,3798706,1.8422,138.8706,134.3604,2.2404,2.3672,2024,8,Aug,3,Monday,-5.5086
2024-08-20,JPM,Finance,132.9031,133.945,130.9817,132.3677,3130427,0.0603,138.5612,134.3707,2.1996,2.9633,2024,8,Aug,3,Tuesday,-5.4516
2024-08-21,JPM,Finance,132.8133,132.9375,131.2564,132.4919,2427199,0.0938,138.1627,134.4415,2.1697,1.6811,2024,8,Aug,3,Wednesday,-5.3629
2024-08-22,JPM,Finance,130.56,131.4535,129.758,129.8228,6309238,-2.0145,137.5347,134.4641,2.1672,1.6955,2024,8,Aug,3,Thursday,-7.2694
2024-08-23,JPM,Finance,127.4682,129.0878,126.8983,127.6768,9867998,-1.653,136.7417,134.4745,2.1625,2.1895,2024,8,Aug,3,Friday,-8.8023
2024-08-26,JPM,Finance,125.9125,126.1597,125.1211,125.9242,6466947,-1.3727,135.6126,134.4967,1.9489,1.0386,2024,8,Aug,3,Monday,-10.0541
2024-08-27,JPM,Finance,126.3273,127.7554,125.3976,126.0615,1221751,0.109,134.4827,134.5099,1.949,2.3578,2024,8,Aug,3,Tuesday,-9.9561
2024-08-28,JPM,Finance,127.2526,127.8275,125.9227,126.2662,6153443,0.1624,133.2878,134.4934,1.9164,1.9048,2024,8,Aug,3,Wednesday,-9.8099
2024-08-29,JPM,Finance,129.1863,129.8681,128.2209,129.6185,8203719,2.6549,132.4435,134.5069,2.0287,1.6472,2024,8,Aug,3,Thursday,-7.4154
2024-08-30,JPM,Finance,130.0504,132.8495,129.1157,130.5059,9566953,0.6846,131.7441,134.5122,2.0391,3.7338,2024,8,Aug,3,Friday,-6.7815
2024-09-02,JPM,Finance,125.2428,125.322,124.1575,124.538,6154156,-4.5729,130.8916,134.4194,2.2129,1.1645,2024,9,Sep,3,Monday,-11.0443
2024-09-03,JPM,Finance,125.1061,126.3183,124.6814,125.1314,2196026,0.4765,129.9133,134.3063,2.1298,1.6369,2024,9,Sep,3,Tuesday,-10.6204
2024-09-04,JPM,Finance,122.0997,122.1657,121.6381,122.0844,3345197,-2.435,129.0945,134.1177,1.9999,0.5276,2024,9,Sep,3,Wednesday,-12.7969
2024-09-05,JPM,Finance,119.7812,120.815,119.1072,120.1163,8546576,-1.6121,128.2225,133.883,2.0125,1.7078,2024,9,Sep,3,Thursday,-14.2026
2024-09-06,JPM,Finance,119.0159,119.4098,118.0174,118.4939,5259844,-1.3507,127.6174,133.6425,1.7375,1.3924,2024,9,Sep,3,Friday,-15.3615
2024-09-09,JPM,Finance,116.5788,117.3272,115.976,117.1932,2953138,-1.0977,127.0375,133.3972,1.7308,1.3512,2024,9,Sep,3,Monday,-16.2906
2024-09-10,JPM,Finance,114.5667,114.6439,113.357,114.4887,4645319,-2.3077,126.3743,133.0938,1.7787,1.2869,2024,9,Sep,3,Tuesday,-18.2224
2024-09-11,JPM,Finance,114.3648,120.665,114.3584,114.919,5362699,0.3758,125.5802,132.6906,1.658,6.3066,2024,9,Sep,3,Wednesday,-17.915
2024-09-12,JPM,Finance,112.7654,113.0904,111.6662,112.1973,3329847,-2.3684,124.604,132.2184,1.67,1.4242,2024,9,Sep,3,Thursday,-19.8591
2024-09-13,JPM,Finance,113.1379,113.4434,112.378,112.9113,4749167,0.6364,123.7548,131.7879,1.6928,1.0654,2024,9,Sep,3,Friday,-19.3491
2024-09-16,JPM,Finance,116.954,118.378,115.1634,117.239,6228782,3.8328,123.0024,131.4811,1.8955,3.2146,2024,9,Sep,3,Monday,-16.2579
2024-09-17,JPM,Finance,114.9846,117.84,113.3822,114.6247,8356845,-2.2299,122.1152,131.1435,1.9235,4.4578,2024,9,Sep,3,Tuesday,-18.1252
2024-09-18,JPM,Finance,113.7766,114.386,112.9273,114.1047,3242791,-0.4537,121.1959,130.6973,1.9155,1.4587,2024,9,Sep,3,Wednesday,-18.4966
2024-09-19,JPM,Finance,108.9835,109.6609,108.1429,109.244,4699271,-4.2599,120.167,130.2535,2.0556,1.518,2024,9,Sep,3,Thursday,-21.9686
2024-09-20,JPM,Finance,108.5063,108.7687,107.5305,108.7178,3849900,-0.4817,119.219,129.7578,2.0479,1.2382,2024,9,Sep,3,Friday,-22.3444
2024-09-23,JPM,Finance,110.8112,112.0196,109.7928,109.9383,5811086,1.1226,118.4197,129.3027,2.0855,2.2268,2024,9,Sep,3,Monday,-21.4726
2024-09-24,JPM,Finance,110.4031,113.0273,110.1669,111.3182,4645282,1.2552,117.6825,128.8627,2.1231,2.8604,2024,9,Sep,3,Tuesday,-20.487
2024-09-25,JPM,Finance,112.3055,112.4265,111.3233,111.498,9138359,0.1615,116.9441,128.3896,2.1231,1.1032,2024,9,Sep,3,Wednesday,-20.3586
2024-09-26,JPM,Finance,113.9136,113.9255,112.5747,113.217,5473914,1.5417,116.1241,127.9764,2.0465,1.3508,2024,9,Sep,3,Thursday,-19.1307
2024-09-27,JPM,Finance,118.1514,118.2678,117.166,118.1513,6172484,4.3583,115.5063,127.6902,2.3196,1.1018,2024,9,Sep,3,Friday,-15.6062
2024-09-30,JPM,Finance,121.3943,121.8591,119.254,121.626,5104015,2.9409,115.3607,127.398,2.2268,2.6051,2024,9,Sep,3,Monday,-13.1243
2024-10-01,JPM,Finance,120.9159,122.0117,120.1332,120.5821,2040026,-0.8583,115.1333,127.0385,2.2288,1.8785,2024,10,Oct,4,Tuesday,-13.8699
2024-10-02,JPM,Finance,116.9111,118.1113,116.2004,117.6437,7037458,-2.4368,114.9112,126.5822,2.2289,1.9109,2024,10,Oct,4,Wednesday,-15.9688
2024-10-03,JPM,Finance,116.3177,117.4774,114.7346,116.8667,4075275,-0.6605,114.7487,126.0718,2.2063,2.7428,2024,10,Oct,4,Thursday,-16.5238
2024-10-04,JPM,Finance,114.6918,116.5156,114.4548,115.0204,5878581,-1.5798,114.5751,125.5015,2.2137,2.0608,2024,10,Oct,4,Friday,-17.8426
2024-10-07,JPM,Finance,116.1855,117.4336,114.9302,115.9374,5836713,0.7972,114.5123,124.8502,2.2104,2.5034,2024,10,Oct,4,Monday,-17.1876
2024-10-08,JPM,Finance,114.1937,115.2769,113.2108,113.6441,10894712,-1.9781,114.4701,124.1498,2.1937,2.0661,2024,10,Oct,4,Tuesday,-18.8256
2024-10-09,JPM,Finance,113.175,114.3028,112.5336,113.5375,6895313,-0.0938,114.401,123.4173,2.1918,1.7692,2024,10,Oct,4,Wednesday,-18.9018
2024-10-10,JPM,Finance,115.8199,116.3975,113.8345,115.1891,4704479,1.4547,114.5506,122.791,2.1441,2.563,2024,10,Oct,4,Thursday,-17.7221
2024-10-11,JPM,Finance,114.2437,115.5254,113.9294,115.0265,3133756,-0.1412,114.6563,122.2016,2.1419,1.596,2024,10,Oct,4,Friday,-17.8382
2024-10-14,JPM,Finance,114.0475,114.4286,113.1811,113.2105,5594240,-1.5788,114.4549,121.6341,1.9834,1.2475,2024,10,Oct,4,Monday,-19.1354
2024-10-15,JPM,Finance,115.6917,116.4085,114.6648,115.5055,11848456,2.0272,114.4989,121.0503,1.9776,1.7437,2024,10,Oct,4,Tuesday,-17.4961
2024-10-16,JPM,Finance,112.5923,113.2823,110.6301,111.8506,5118580,-3.1643,114.3862,120.5181,2.1033,2.6522,2024,10,Oct,4,Wednesday,-20.1067
2024-10-17,JPM,Finance,111.1233,112.7257,110.6619,111.2608,6249589,-0.5273,114.4871,119.9922,1.8648,2.0638,2024,10,Oct,4,Thursday,-20.528
2024-10-18,JPM,Finance,112.0846,113.1915,111.0577,111.2154,4764808,-0.0408,114.612,119.6045,1.8601,2.1338,2024,10,Oct,4,Friday,-20.5604
2024-10-21,JPM,Finance,111.2646,111.4783,110.9175,111.2789,4258641,0.0571,114.679,119.2543,1.8454,0.5608,2024,10,Oct,4,Monday,-20.5151
2024-10-22,JPM,Finance,110.9061,112.0667,110.0309,111.6537,4685827,0.3368,114.6958,118.9323,1.8258,2.0358,2024,10,Oct,4,Tuesday,-20.2474
2024-10-23,JPM,Finance,113.1861,114.6233,112.0206,112.8459,7494114,1.0678,114.7632,118.5732,1.8404,2.6027,2024,10,Oct,4,Wednesday,-19.3958
2024-10-24,JPM,Finance,112.8797,113.1635,112.2229,112.8118,4176684,-0.0302,114.7429,118.195,1.8078,0.9406,2024,10,Oct,4,Thursday,-19.4201
2024-10-25,JPM,Finance,112.2189,112.7598,112.016,112.1398,13309978,-0.5957,114.4423,117.8399,1.4904,0.7438,2024,10,Oct,4,Friday,-19.9001
2024-10-28,JPM,Finance,112.0964,112.8998,110.8286,111.3964,9443118,-0.6629,113.9308,117.4221,1.2884,2.0712,2024,10,Oct,4,Monday,-20.4311
2024-10-29,JPM,Finance,111.1758,113.21,109.4141,110.2718,3815128,-1.0095,113.4153,116.9802,1.2915,3.7959,2024,10,Oct,4,Tuesday,-21.2344
2024-10-30,JPM,Finance,112.6859,113.1141,111.1253,111.7812,2036716,1.3688,113.1222,116.566,1.2615,1.9888,2024,10,Oct,4,Wednesday,-20.1563
2024-10-31,JPM,Finance,110.1627,111.1965,110.0529,110.5862,6271399,-1.0691,112.8082,116.1812,1.2718,1.1436,2024,10,Oct,4,Thursday,-21.0099
2024-11-01,JPM,Finance,111.6132,112.8272,110.9246,112.2112,3609559,1.4694,112.6677,115.8719,1.289,1.9026,2024,11,Nov,4,Friday,-19.8491
2024-11-04,JPM,Finance,111.5048,112.6535,111.456,112.2811,9650411,0.0623,112.4849,115.5991,1.2719,1.1975,2024,11,Nov,4,Monday,-19.7992
2024-11-05,JPM,Finance,110.5442,112.2779,110.0695,111.3199,4425266,-0.8561,112.3687,115.3042,1.2104,2.2084,2024,11,Nov,4,Tuesday,-20.4858
2024-11-06,JPM,Finance,117.096,119.847,115.8575,118.0896,8058754,6.0813,112.5963,115.1407,1.8367,3.9895,2024,11,Nov,4,Wednesday,-15.6503
2024-11-07,JPM,Finance,117.0942,117.566,115.3849,116.6646,3309613,-1.2067,112.6701,114.8816,1.8383,2.1811,2024,11,Nov,4,Thursday,-16.6681
2024-11-08,JPM,Finance,118.8487,119.1265,117.3823,117.9653,4576868,1.1149,112.817,114.6308,1.8518,1.7442,2024,11,Nov,4,Friday,-15.7391
2024-11-11,JPM,Finance,118.5122,121.7606,117.3817,118.4273,2692196,0.3916,113.0778,114.5086,1.8073,4.3789,2024,11,Nov,4,Monday,-15.4091
2024-11-12,JPM,Finance,117.5515,118.5054,117.0701,117.2623,1669794,-0.9837,113.1657,114.3512,1.7758,1.4353,2024,11,Nov,4,Tuesday,-16.2412
2024-11-13,JPM,Finance,118.3332,118.7048,118.2951,118.3513,7537733,0.9287,113.4907,114.2765,1.609,0.4097,2024,11,Nov,4,Wednesday,-15.4634
2024-11-14,JPM,Finance,118.4992,120.7894,118.2507,119.4865,5184949,0.9592,113.902,114.264,1.6034,2.5387,2024,11,Nov,4,Thursday,-14.6525
2024-11-15,JPM,Finance,121.3551,123.4475,118.8316,121.8736,2564926,1.9978,114.4349,114.3315,1.6403,4.6159,2024,11,Nov,4,Friday,-12.9474
2024-11-18,JPM,Finance,124.9648,126.4061,122.8422,123.9118,1650544,1.6724,115.0666,114.4659,1.6585,3.5639,2024,11,Nov,4,Monday,-11.4916
2024-11-19,JPM,Finance,125.6488,125.7871,124.7649,124.9839,4994723,0.8652,115.7331,114.6758,1.6591,1.0222,2024,11,Nov,4,Tuesday,-10.7258
2024-11-20,JPM,Finance,122.5362,122.8309,122.0504,122.6256,9564449,-1.8869,116.2221,114.83,1.7427,0.7805,2024,11,Nov,4,Wednesday,-12.4103
2024-11-21,JPM,Finance,127.7542,128.6272,127.665,127.7668,4236091,4.1926,116.9698,115.1413,1.9297,0.9622,2024,11,Nov,4,Thursday,-8.738
2024-11-22,JPM,Finance,124.5686,124.7573,123.6941,124.7564,3097807,-2.3562,117.6006,115.3782,2.0268,1.0632,2024,11,Nov,4,Friday,-10.8883
2024-11-25,JPM,Finance,127.3696,128.1368,126.2648,124.7564,5737276,0.0,118.2686,115.5286,2.0112,1.872,2024,11,Nov,4,Monday,-10.8883
2024-11-26,JPM,Finance,126.7622,129.8438,126.1559,127.7748,4554491,2.4194,119.1438,115.7916,2.0141,3.6879,2024,11,Nov,4,Tuesday,-8.7323
2024-11-27,JPM,Finance,126.2043,127.1042,124.9569,125.2627,4906106,-1.966,119.8179,116.0148,2.0973,2.1473,2024,11,Nov,4,Wednesday,-10.5266
2024-11-28,JPM,Finance,124.0936,125.6842,122.3498,125.0356,6388736,-0.1813,120.5403,116.3306,2.0695,3.3344,2024,11,Nov,4,Thursday,-10.6889
2024-11-29,JPM,Finance,124.1193,124.9063,123.7885,124.9057,6903899,-0.1039,121.1751,116.6543,2.066,1.1178,2024,11,Nov,4,Friday,-10.7816
2024-12-02,JPM,Finance,127.1922,127.8854,126.2271,127.7155,4043263,2.2495,121.9468,117.0099,2.0961,1.6583,2024,12,Dec,4,Monday,-8.7746
2024-12-03,JPM,Finance,126.958,128.246,125.1753,126.2051,6002259,-1.1826,122.691,117.3076,2.1098,3.0707,2024,12,Dec,4,Tuesday,-9.8535
2024-12-04,JPM,Finance,126.0007,126.391,124.3131,125.6809,5483594,-0.4154,123.0706,117.5913,1.6875,2.0779,2024,12,Dec,4,Wednesday,-10.2279
2024-12-05,JPM,Finance,120.6896,122.2284,118.9923,120.7274,5024594,-3.9413,123.2737,117.7415,1.9138,3.2361,2024,12,Dec,4,Thursday,-13.7661
2024-12-06,JPM,Finance,124.7154,125.7234,122.8743,124.324,5866919,2.9791,123.5917,117.8649,2.0045,2.8491,2024,12,Dec,4,Friday,-11.1971
2024-12-09,JPM,Finance,122.5411,123.4194,121.8785,122.0989,5639121,-1.7898,123.7753,117.8744,2.0569,1.5409,2024,12,Dec,4,Monday,-12.7865
2024-12-10,JPM,Finance,122.0274,124.3698,120.8134,122.8141,7892839,0.5858,124.0528,117.919,2.0403,3.5564,2024,12,Dec,4,Tuesday,-12.2756
2024-12-11,JPM,Finance,121.8892,123.041,120.9676,122.6392,4629946,-0.1424,124.2672,118.019,2.0357,2.0734,2024,12,Dec,4,Wednesday,-12.4006
2024-12-12,JPM,Finance,122.2418,123.7072,122.1463,122.4717,3564246,-0.1366,124.4165,118.1311,2.0288,1.5609,2024,12,Dec,4,Thursday,-12.5202
2024-12-13,JPM,Finance,124.834,126.3516,122.8612,124.1946,3923063,1.4068,124.5326,118.3145,2.0045,3.4904,2024,12,Dec,4,Friday,-11.2896
2024-12-16,JPM,Finance,126.8156,127.8814,126.6199,127.7604,11690563,2.8711,124.725,118.551,2.0704,1.2615,2024,12,Dec,4,Monday,-8.7426
2024-12-17,JPM,Finance,128.7426,129.1949,127.4504,128.3449,8024984,0.4575,124.893,118.845,2.0653,1.7445,2024,12,Dec,4,Tuesday,-8.3251
2024-12-18,JPM,Finance,129.5435,130.2905,127.9415,129.8127,5506189,1.1436,125.2524,119.1705,2.0184,2.349,2024,12,Dec,4,Wednesday,-7.2766
2024-12-19,JPM,Finance,131.5419,132.5348,129.1218,130.5775,2825626,0.5892,125.3929,119.4783,1.8023,3.413,2024,12,Dec,4,Thursday,-6.7304
2024-12-20,JPM,Finance,132.2083,133.9542,131.8636,132.8754,7339514,1.7598,125.7989,119.8353,1.738,2.0906,2024,12,Dec,4,Friday,-5.089
2024-12-23,JPM,Finance,131.497,131.9802,130.4213,131.8696,2176227,-0.7569,126.1545,120.2084,1.7537,1.5589,2024,12,Dec,4,Monday,-5.8074
2024-12-24,JPM,Finance,134.7904,135.6639,134.1848,134.3199,3026532,1.8581,126.4818,120.5847,1.7221,1.4791,2024,12,Dec,4,Tuesday,-4.0572
2024-12-25,JPM,Finance,136.9202,137.5401,135.5793,136.896,5039618,1.9179,127.0635,121.0856,1.6757,1.9608,2024,12,Dec,4,Wednesday,-2.2171
2024-12-26,JPM,Finance,138.7496,141.3983,136.7938,139.4563,3257017,1.8703,127.7845,121.6496,1.6972,4.6045,2024,12,Dec,4,Thursday,-0.3884
2024-12-27,JPM,Finance,136.771,138.4549,136.5437,137.9331,4984023,-1.0922,128.4359,122.1839,1.7316,1.9112,2024,12,Dec,4,Friday,-1.4764
2024-12-30,JPM,Finance,137.9859,138.2442,136.7533,137.5798,3678347,-0.2561,128.9291,122.7099,1.6894,1.4909,2024,12,Dec,4,Monday,-1.7287
2024-12-31,JPM,Finance,137.4489,138.2643,136.3215,138.1811,4468166,0.4371,129.5279,123.2405,1.6485,1.9428,2024,12,Dec,4,Tuesday,-1.2992
2022-01-03,MSFT,Technology,281.1743,281.4704,279.743,280.0,3209933,,280.0,280.0,,1.7274,2022,1,Jan,1,Monday,
2022-01-04,MSFT,Technology,281.8632,285.7617,280.931,283.8283,4454448,1.3672,281.9142,281.9142,,4.8307,2022,1,Jan,1,Tuesday,1.3672
2022-01-05,MSFT,Technology,285.6027,287.7892,283.0052,284.9954,10322899,0.4112,282.9412,282.9412,0.676,4.784,2022,1,Jan,1,Wednesday,1.7841
2022-01-06,MSFT,Technology,283.6032,288.4723,282.3765,285.2183,6938876,0.0782,283.5105,283.5105,0.6691,6.0958,2022,1,Jan,1,Thursday,1.8637
2022-01-07,MSFT,Technology,281.5942,285.2549,277.2964,280.9098,4425120,-1.5106,282.9904,282.9904,1.1967,7.9585,2022,1,Jan,1,Friday,0.3249
2022-01-10,MSFT,Technology,288.3764,289.3733,284.9523,286.9089,2704308,2.1356,283.6435,283.6435,1.3834,4.421,2022,1,Jan,1,Monday,2.4675
2022-01-11,MSFT,Technology,292.2642,292.278,288.1109,290.1037,4104982,1.1135,284.5663,284.5663,1.2628,4.1671,2022,1,Jan,1,Tuesday,3.6085
2022-01-12,MSFT,Technology,289.8799,290.6155,286.3097,287.6823,4305300,-0.8347,284.9558,284.9558,1.2738,4.3058,2022,1,Jan,1,Wednesday,2.7437
2022-01-13,MSFT,Technology,291.3693,293.4875,288.6431,292.4375,4403440,1.6529,285.7871,285.7871,1.2605,4.8444,2022,1,Jan,1,Thursday,4.442
2022-01-14,MSFT,Technology,292.4912,294.0305,287.5226,290.2556,12424991,-0.7461,286.234,286.234,1.2559,6.5079,2022,1,Jan,1,Friday,3.6627
2022-01-17,MSFT,Technology,285.239,287.546,284.8441,286.769,7186484,-1.2012,286.2826,286.2826,1.2887,2.7019,2022,1,Jan,1,Monday,2.4175
2022-01-18,MSFT,Technology,283.4119,283.7365,282.985,283.4266,9079275,-1.1655,286.0446,286.0446,1.2946,0.7515,2022,1,Jan,1,Tuesday,1.2238
2022-01-19,MSFT,Technology,276.4564,278.1528,274.3304,275.5369,9889552,-2.7837,285.2363,285.2363,1.4918,3.8224,2022,1,Jan,1,Wednesday,-1.594
2022-01-20,MSFT,Technology,275.8456,280.8172,274.6329,277.7535,1688181,0.8045,284.7018,284.7018,1.4513,6.1843,2022,1,Jan,1,Thursday,-0.8023
2022-01-21,MSFT,Technology,271.8964,274.7998,269.5207,269.7546,9942613,-2.8799,283.7054,283.7054,1.586,5.2791,2022,1,Jan,1,Friday,-3.6591
2022-01-24,MSFT,Technology,264.9914,265.6584,264.1303,264.5875,7989887,-1.9155,282.5105,282.5105,1.5873,1.5281,2022,1,Jan,1,Monday,-5.5045
2022-01-25,MSFT,Technology,256.3601,258.743,252.1828,255.933,3465321,-3.2709,280.9471,280.9471,1.6969,6.5602,2022,1,Jan,1,Tuesday,-8.5954
2022-01-26,MSFT,Technology,256.6742,258.0444,255.5697,255.7085,1821161,-0.0877,279.545,279.545,1.6468,2.4747,2022,1,Jan,1,Wednesday,-8.6755
2022-01-27,MSFT,Technology,253.8432,255.7637,251.7268,255.2213,3771966,-0.1905,278.2648,278.2648,1.5995,4.0369,2022,1,Jan,1,Thursday,-8.8495
2022-01-28,MSFT,Technology,252.0178,254.8587,251.9042,254.0149,4282825,-0.4727,277.0523,277.0523,1.5544,2.9545,2022,1,Jan,1,Friday,-9.2804
2022-01-31,MSFT,Technology,249.7262,250.3836,249.7087,249.9046,11436558,-1.6181,275.5475,275.7595,1.5335,0.6749,2022,1,Jan,1,Monday,-10.7484
2022-02-01,MSFT,Technology,245.1174,246.4939,243.3758,245.3424,7354673,-1.8256,273.6232,274.3769,1.4883,3.1181,2022,2,Feb,1,Tuesday,-12.3777
2022-02-02,MSFT,Technology,248.5269,251.2096,246.4677,247.2879,6885306,0.793,271.7378,273.1992,1.5059,4.7419,2022,2,Feb,1,Wednesday,-11.6829
2022-02-03,MSFT,Technology,246.5278,249.1094,242.2023,245.2333,3818224,-0.8309,269.7386,272.0339,1.4949,6.9071,2022,2,Feb,1,Thursday,-12.4167
2022-02-04,MSFT,Technology,248.0452,249.224,242.7537,246.5972,2425340,0.5562,268.023,271.0164,1.5104,6.4703,2022,2,Feb,1,Friday,-11.9296
2022-02-07,MSFT,Technology,243.7211,243.8363,239.3023,243.2277,1213216,-1.3664,265.8389,269.9476,1.3681,4.534,2022,2,Feb,1,Monday,-13.133
2022-02-08,MSFT,Technology,244.3111,247.725,243.291,244.0539,4449010,0.3397,263.5364,268.9886,1.3209,4.434,2022,2,Feb,1,Tuesday,-12.8379
2022-02-09,MSFT,Technology,248.038,254.5259,244.814,249.2651,4458207,2.1353,261.6156,268.2842,1.4803,9.7119,2022,2,Feb,1,Wednesday,-10.9768
2022-02-10,MSFT,Technology,253.3983,254.1376,251.4584,251.7275,15138031,0.9879,259.58,267.7133,1.4312,2.6792,2022,2,Feb,1,Thursday,-10.0973
2022-02-11,MSFT,Technology,250.3642,251.4785,249.5612,250.1923,3123413,-0.6099,257.5769,267.1292,1.4315,1.9173,2022,2,Feb,1,Friday,-10.6456
2022-02-14,MSFT,Technology,249.7349,253.1777,245.498,251.347,3538651,0.4615,255.8058,266.6201,1.4509,7.6797,2022,2,Feb,1,Monday,-10.2332
2022-02-15,MSFT,Technology,249.1603,251.8827,247.7206,250.5048,4620784,-0.3351,254.1597,266.1165,1.4471,4.1621,2022,2,Feb,1,Tuesday,-10.534
2022-02-16,MSFT,Technology,251.5055,252.6258,245.4033,250.6616,2696662,0.0626,252.9159,265.6482,1.3589,7.2225,2022,2,Feb,1,Wednesday,-10.478
2022-02-17,MSFT,Technology,249.8236,251.7347,248.5225,249.4811,2950232,-0.471,251.5023,265.1727,1.3258,3.2122,2022,2,Feb,1,Thursday,-10.8996
2022-02-18,MSFT,Technology,247.9359,250.8045,246.4783,248.9498,8378897,-0.213,250.4621,264.7092,1.2053,4.3262,2022,2,Feb,1,Friday,-11.0894
2022-02-21,MSFT,Technology,251.4885,254.6153,249.4567,249.9191,3748021,0.3894,249.7286,264.2984,1.1615,5.1586,2022,2,Feb,1,Monday,-10.7432
2022-02-22,MSFT,Technology,245.0809,247.8388,242.856,246.0719,3568932,-1.5394,249.2356,263.8058,0.9765,4.9828,2022,2,Feb,1,Tuesday,-12.1172
2022-02-23,MSFT,Technology,241.3477,243.6366,238.5507,242.1953,3927421,-1.5754,248.5599,263.2371,1.0237,5.0859,2022,2,Feb,1,Wednesday,-13.5017
2022-02-24,MSFT,Technology,225.5013,229.5592,223.2337,227.2478,4316257,-6.1717,247.1613,262.3143,1.6701,6.3255,2022,2,Feb,1,Thursday,-18.8401
2022-02-25,MSFT,Technology,220.3365,222.0229,219.4323,221.5429,9447243,-2.5104,245.5377,261.295,1.7254,2.5906,2022,2,Feb,1,Friday,-20.8775
2022-02-28,MSFT,Technology,215.7561,219.9399,214.0879,217.3388,9507971,-1.8976,243.9094,260.2229,1.7346,5.852,2022,2,Feb,1,Monday,-22.379
2022-03-01,MSFT,Technology,219.0865,220.1775,216.995,218.002,4688478,0.3051,242.5424,259.2176,1.726,3.1825,2022,3,Mar,1,Tuesday,-22.1421
2022-03-02,MSFT,Technology,214.6751,215.1557,211.9983,214.9969,6388360,-1.3785,240.9278,258.1892,1.7036,3.1574,2022,3,Mar,1,Wednesday,-23.2154
2022-03-03,MSFT,Technology,215.8334,217.8214,215.1227,216.8712,5977033,0.8718,239.5097,257.2502,1.738,2.6987,2022,3,Mar,1,Thursday,-22.546
2022-03-04,MSFT,Technology,216.3677,217.3197,214.3224,217.1001,12755851,0.1055,238.0348,256.358,1.7251,2.9973,2022,3,Mar,1,Friday,-22.4643
2022-03-07,MSFT,Technology,208.745,212.0169,207.5285,210.3709,5287457,-3.0996,236.392,255.3582,1.8062,4.4884,2022,3,Mar,1,Monday,-24.8675
2022-03-08,MSFT,Technology,213.2453,216.7044,209.0866,212.6806,3368595,1.0979,234.8233,254.4502,1.837,7.6178,2022,3,Mar,1,Tuesday,-24.0426
2022-03-09,MSFT,Technology,216.1821,216.1854,212.7997,215.546,5048594,1.3473,233.1374,253.6397,1.7813,3.3857,2022,3,Mar,1,Wednesday,-23.0193
2022-03-10,MSFT,Technology,212.1763,212.9168,210.5432,212.2262,5348368,-1.5402,231.1623,252.7945,1.7439,2.3736,2022,3,Mar,1,Thursday,-24.2049
2022-03-11,MSFT,Technology,214.146,214.3487,212.4067,213.7592,5085747,0.7223,229.3407,252.0138,1.7781,1.942,2022,3,Mar,1,Friday,-23.6574
2022-03-14,MSFT,Technology,211.3648,212.6613,209.883,210.9367,1061414,-1.3204,227.3201,250.6325,1.7577,2.7783,2022,3,Mar,1,Monday,-24.6655
2022-03-15,MSFT,Technology,212.229,212.4466,211.1374,211.3718,2904829,0.2063,225.3635,249.1834,1.7703,1.3092,2022,3,Mar,1,Tuesday,-24.5101
2022-03-16,MSFT,Technology,207.3543,207.628,205.831,207.201,6697802,-1.9732,223.1905,247.6275,1.7748,1.797,2022,3,Mar,1,Wednesday,-25.9996
2022-03-17,MSFT,Technology,200.1645,201.9565,199.3031,201.3601,5794583,-2.819,220.7844,245.9504,1.8198,2.6534,2022,3,Mar,1,Thursday,-28.0857
2022-03-18,MSFT,Technology,200.6219,202.5189,199.2824,200.2274,6958675,-0.5625,218.3483,244.3367,1.813,3.2365,2022,3,Mar,1,Friday,-28.4902
2022-03-21,MSFT,Technology,199.0856,201.9541,198.0109,199.9311,6058964,-0.148,215.8489,242.5972,1.7941,3.9432,2022,3,Mar,1,Monday,-28.596
2022-03-22,MSFT,Technology,197.5722,199.1743,195.9452,198.759,4524225,-0.5863,213.4832,240.7703,1.7943,3.2291,2022,3,Mar,1,Tuesday,-29.0146
2022-03-23,MSFT,Technology,194.0343,196.6992,192.4277,195.093,7446833,-1.8444,211.1281,238.9185,1.7995,4.2715,2022,3,Mar,1,Wednesday,-30.3239
2022-03-24,MSFT,Technology,192.719,196.0534,192.6778,193.9422,5057471,-0.5899,209.4629,236.9486,1.3389,3.3756,2022,3,Mar,1,Thursday,-30.7349
2022-03-25,MSFT,Technology,196.2788,197.4286,191.2575,194.8748,7394620,0.4809,208.1294,235.041,1.302,6.1711,2022,3,Mar,1,Friday,-30.4019
2022-03-28,MSFT,Technology,195.9178,201.0224,193.5574,194.8323,9150229,-0.0218,207.0041,233.2022,1.2732,7.465,2022,3,Mar,1,Monday,-30.417
2022-03-29,MSFT,Technology,196.5369,196.5898,192.8544,195.4986,3065430,0.342,205.879,231.4437,1.2745,3.7354,2022,3,Mar,1,Tuesday,-30.1791
2022-03-30,MSFT,Technology,193.4753,195.8305,192.8272,193.5003,4835538,-1.0222,204.8041,229.8029,1.2646,3.0033,2022,3,Mar,1,Wednesday,-30.8927
2022-03-31,MSFT,Technology,196.701,199.5198,196.2819,197.2247,4093902,1.9248,203.8218,228.1924,1.3449,3.2379,2022,3,Mar,1,Thursday,-29.5626
2022-04-01,MSFT,Technology,195.0035,196.3735,192.8054,193.6118,1941548,-1.8319,202.6474,226.6695,1.3711,3.5681,2022,4,Apr,2,Friday,-30.8529
2022-04-04,MSFT,Technology,193.767,195.8213,193.0077,195.2189,1886554,0.8301,201.8898,225.2821,1.2658,2.8136,2022,4,Apr,2,Monday,-30.279
2022-04-05,MSFT,Technology,199.1728,200.3683,195.7541,199.0082,4758049,1.9411,201.2062,224.1436,1.3296,4.6142,2022,4,Apr,2,Tuesday,-28.9256
2022-04-06,MSFT,Technology,199.8628,201.2433,199.4411,200.639,2251261,0.8195,200.4608,223.0422,1.2996,1.8022,2022,4,Apr,2,Wednesday,-28.3432
2022-04-07,MSFT,Technology,200.92,201.98,198.6,200.0891,4859656,-0.2741,199.854,221.9396,1.269,3.38,2022,4,Apr,2,Thursday,-28.5396
2022-04-08,MSFT,Technology,199.374,199.9081,197.2966,198.4979,1920158,-0.7952,199.0909,220.8293,1.2508,2.6115,2022,4,Apr,2,Friday,-29.1079
2022-04-11,MSFT,Technology,200.9347,202.4613,200.2647,201.8877,4215000,1.7077,198.6384,219.8689,1.3105,2.1966,2022,4,Apr,2,Monday,-27.8972
2022-04-12,MSFT,Technology,198.0954,199.4649,196.4011,197.3921,4347861,-2.2268,197.9395,218.9099,1.3808,3.0638,2022,4,Apr,2,Tuesday,-29.5028
2022-04-13,MSFT,Technology,193.2655,194.4717,191.1991,194.4269,7025494,-1.5022,197.3008,217.8527,1.3551,3.2726,2022,4,Apr,2,Wednesday,-30.5618
2022-04-14,MSFT,Technology,193.426,193.7335,191.8594,193.2874,2956855,-0.5861,196.8971,216.8138,1.223,1.8741,2022,4,Apr,2,Thursday,-30.9688
2022-04-15,MSFT,Technology,197.713,198.3099,196.9823,197.2116,5127950,2.0302,196.7463,215.8261,1.3161,1.3276,2022,4,Apr,2,Friday,-29.5673
2022-04-18,MSFT,Technology,197.8735,200.8744,197.1295,198.5085,3421418,0.6576,196.6752,214.9317,1.3258,3.7449,2022,4,Apr,2,Monday,-29.1041
2022-04-19,MSFT,Technology,195.1451,195.9207,192.6403,195.5331,4527616,-1.4989,196.5139,213.9613,1.3613,3.2804,2022,4,Apr,2,Tuesday,-30.1667
2022-04-20,MSFT,Technology,196.0093,197.3827,192.8437,194.6601,6520334,-0.4465,196.4923,212.8692,1.3001,4.539,2022,4,Apr,2,Wednesday,-30.4785
2022-04-21,MSFT,Technology,192.7403,194.0974,192.2976,192.8441,5797529,-0.9329,196.4374,211.6915,1.3104,1.7998,2022,4,Apr,2,Thursday,-31.1271
2022-04-22,MSFT,Technology,189.7375,191.3501,185.7321,190.7504,17884649,-1.0857,196.2311,210.5027,1.3256,5.618,2022,4,Apr,2,Friday,-31.8749
2022-04-25,MSFT,Technology,194.2213,194.3923,192.877,193.8334,3637094,1.6162,196.1812,209.3524,1.3801,1.5153,2022,4,Apr,2,Monday,-30.7738
2022-04-26,MSFT,Technology,188.3496,189.7625,187.0283,189.6761,8035301,-2.1448,195.8901,208.1358,1.456,2.7342,2022,4,Apr,2,Tuesday,-32.2585
2022-04-27,MSFT,Technology,193.5198,195.0831,193.1013,194.6533,2962902,2.6241,195.9477,207.0156,1.5641,1.9818,2022,4,Apr,2,Wednesday,-30.481
2022-04-28,MSFT,Technology,196.9269,198.6386,196.8071,197.3301,2153520,1.3752,195.953,205.9726,1.5338,1.8315,2022,4,Apr,2,Thursday,-29.525
2022-04-29,MSFT,Technology,200.5753,201.7314,200.3328,200.8729,5112772,1.7954,196.316,205.0111,1.5185,1.3986,2022,4,Apr,2,Friday,-28.2597
2022-05-02,MSFT,Technology,199.5717,201.5778,197.4993,199.4855,5617417,-0.6907,196.5294,204.0024,1.5231,4.0785,2022,5,May,2,Monday,-28.7552
2022-05-03,MSFT,Technology,198.1436,200.4903,195.4622,199.1066,4270950,-0.1899,196.5343,203.0631,1.4623,5.0281,2022,5,May,2,Tuesday,-28.8905
2022-05-04,MSFT,Technology,196.1046,196.4755,193.5796,194.6406,8112052,-2.243,196.2344,202.112,1.532,2.8959,2022,5,May,2,Wednesday,-30.4855
2022-05-05,MSFT,Technology,191.9782,193.7916,190.744,193.104,9138507,-0.7895,195.8851,201.4291,1.5387,3.0476,2022,5,May,2,Thursday,-31.0343
2022-05-06,MSFT,Technology,196.0888,197.0378,193.3979,194.7258,6341534,0.8399,195.6965,200.8928,1.5469,3.6399,2022,5,May,2,Friday,-30.4551
2022-05-09,MSFT,Technology,198.0448,199.5368,197.2494,198.8611,5528659,2.1237,195.5452,200.5232,1.5748,2.2874,2022,5,May,2,Monday,-28.9782
2022-05-10,MSFT,Technology,185.2055,186.1221,184.8679,185.4948,6871770,-6.7214,194.9503,199.8731,2.1245,1.2542,2022,5,May,2,Tuesday,-33.7519
2022-05-11,MSFT,Technology,183.2936,185.998,180.8033,184.5028,4987254,-0.5348,194.4541,199.2632,2.1064,5.1947,2022,5,May,2,Wednesday,-34.1061
2022-05-12,MSFT,Technology,183.0385,185.1169,180.551,184.1484,2855977,-0.1921,193.9972,198.6088,2.1048,4.5659,2022,5,May,2,Thursday,-34.2327
2022-05-13,MSFT,Technology,180.9143,181.5368,179.5834,180.1279,2512129,-2.1833,193.143,197.8693,2.0784,1.9534,2022,5,May,2,Friday,-35.6686
2022-05-16,MSFT,Technology,180.9076,184.0334,179.9696,181.9223,7953091,0.9962,192.3137,197.3003,2.0891,4.0638,2022,5,May,2,Monday,-35.0278
2022-05-17,MSFT,Technology,179.0146,181.0744,178.6196,179.9059,3194315,-1.1084,191.5323,196.6449,2.0802,2.4548,2022,5,May,2,Tuesday,-35.7479
2022-05-18,MSFT,Technology,180.8285,181.2641,178.6895,179.4334,9699515,-0.2626,190.771,195.9226,2.0804,2.5746,2022,5,May,2,Wednesday,-35.9166
2022-05-19,MSFT,Technology,178.4496,178.6103,177.0043,178.2256,4049927,-0.6731,190.04,195.2426,2.0776,1.606,2022,5,May,2,Thursday,-36.348
2022-05-20,MSFT,Technology,177.0305,178.6236,174.1608,176.0638,9543025,-1.213,189.3057,194.4887,2.0801,4.4628,2022,5,May,2,Friday,-37.1201
2022-05-23,MSFT,Technology,177.1658,177.3037,174.8653,176.132,7706471,0.0387,188.4206,193.7926,2.0297,2.4384,2022,5,May,2,Monday,-37.0957
2022-05-24,MSFT,Technology,175.9123,177.0502,174.9839,175.6125,3891601,-0.2949,187.7175,193.0774,1.9906,2.0663,2022,5,May,2,Tuesday,-37.2813
2022-05-25,MSFT,Technology,175.2705,175.3753,173.4572,175.6125,3889885,0.0,186.7654,192.4456,1.8657,1.9181,2022,5,May,2,Wednesday,-37.2813
2022-05-26,MSFT,Technology,171.3754,174.0988,169.8603,172.7071,1671649,-1.6544,185.5343,191.8726,1.8284,4.2385,2022,5,May,2,Thursday,-38.3189
2022-05-27,MSFT,Technology,174.0087,175.3558,173.0215,173.6764,4161098,0.5612,184.1744,191.3416,1.7612,2.3343,2022,5,May,2,Friday,-37.9727
2022-05-30,MSFT,Technology,179.3615,179.7545,178.3538,178.3583,9248238,2.6958,183.1181,190.9101,1.9188,1.4007,2022,5,May,2,Monday,-36.3006
2022-05-31,MSFT,Technology,180.2243,180.6401,177.9967,178.8467,2492069,0.2738,182.1051,190.5118,1.9261,2.6434,2022,5,May,2,Tuesday,-36.1262
2022-06-01,MSFT,Technology,183.0325,184.8989,181.6661,181.7866,3474157,1.6438,181.4624,190.2457,1.9388,3.2328,2022,6,Jun,2,Wednesday,-35.0762
2022-06-02,MSFT,Technology,178.0924,179.8837,176.7142,177.8339,8342192,-2.1744,180.6989,189.9236,1.9807,3.1695,2022,6,Jun,2,Thursday,-36.4879
2022-06-03,MSFT,Technology,177.5011,178.9474,177.1583,178.3717,9355873,0.3024,179.8812,189.5935,1.9667,1.7891,2022,6,Jun,2,Friday,-36.2958
2022-06-06,MSFT,Technology,176.0645,177.351,174.3895,175.329,8489484,-1.7058,178.7046,189.2034,1.8911,2.9615,2022,6,Jun,2,Monday,-37.3825
2022-06-07,MSFT,Technology,171.0875,171.545,171.0169,171.2735,6430055,-2.3131,177.9935,188.7189,1.3084,0.5281,2022,6,Jun,2,Tuesday,-38.8309
2022-06-08,MSFT,Technology,168.3652,170.0416,168.1918,169.333,7461978,-1.133,177.235,188.2356,1.3187,1.8498,2022,6,Jun,2,Wednesday,-39.5239
2022-06-09,MSFT,Technology,173.7001,174.2418,171.7413,172.6469,4444121,1.957,176.66,187.744,1.4218,2.5005,2022,6,Jun,2,Thursday,-38.3404
2022-06-10,MSFT,Technology,175.9876,177.4379,174.3913,175.3575,3476282,1.57,176.4214,187.3789,1.4095,3.0466,2022,6,Jun,2,Friday,-37.3723
2022-06-13,MSFT,Technology,166.3419,170.0905,164.2695,165.6056,1762069,-5.5612,175.6056,186.7867,1.8338,5.821,2022,6,Jun,2,Monday,-40.8551
2022-06-14,MSFT,Technology,161.307,162.1949,158.4044,161.6272,3873229,-2.4023,174.6917,186.0391,1.8804,3.7905,2022,6,Jun,2,Tuesday,-42.276
2022-06-15,MSFT,Technology,161.263,162.7342,159.6555,161.2004,7791066,-0.2641,173.78,185.2503,1.8804,3.0787,2022,6,Jun,2,Wednesday,-42.4284
2022-06-16,MSFT,Technology,161.4823,162.247,161.118,162.0592,12659428,0.5328,172.9717,184.4897,1.8944,1.129,2022,6,Jun,2,Thursday,-42.1217
2022-06-17,MSFT,Technology,161.3708,163.8581,161.1203,162.5953,16535221,0.3308,172.2983,183.7716,1.8935,2.7378,2022,6,Jun,2,Friday,-41.9302
2022-06-20,MSFT,Technology,157.9955,158.8402,157.5963,157.88,3224282,-2.9,171.3857,182.8915,1.9717,1.2439,2022,6,Jun,2,Monday,-43.6143
2022-06-21,MSFT,Technology,154.5955,158.7052,153.7093,155.7099,23709907,-1.3745,170.3905,182.0578,1.9798,4.9959,2022,6,Jun,2,Tuesday,-44.3893
2022-06-22,MSFT,Technology,154.9885,156.5082,154.3392,155.6281,4587213,-0.0525,169.3913,181.2819,1.979,2.169,2022,6,Jun,2,Wednesday,-44.4185
2022-06-23,MSFT,Technology,156.5043,158.75,155.5836,157.0413,2644076,0.9081,168.608,180.5569,1.9889,3.1664,2022,6,Jun,2,Thursday,-43.9138
2022-06-24,MSFT,Technology,151.9679,152.3455,150.1126,151.6017,4585256,-3.4638,167.5043,179.6447,2.0821,2.2329,2022,6,Jun,2,Friday,-45.8565
2022-06-27,MSFT,Technology,152.4461,152.8415,149.3499,151.2843,7215358,-0.2094,166.1506,178.7003,1.9318,3.4916,2022,6,Jun,2,Monday,-45.9699
2022-06-28,MSFT,Technology,150.5104,152.3803,150.4838,151.7062,7411991,0.2789,164.7936,177.8237,1.932,1.8965,2022,6,Jun,2,Tuesday,-45.8192
2022-06-29,MSFT,Technology,154.9973,155.1567,151.2538,153.8443,13881081,1.4094,163.3965,177.0074,1.917,3.9029,2022,6,Jun,2,Wednesday,-45.0556
2022-06-30,MSFT,Technology,156.7348,157.3251,155.3911,155.6267,2253435,1.1586,162.2861,176.263,1.9372,1.934,2022,6,Jun,2,Thursday,-44.419
2022-07-01,MSFT,Technology,157.0792,157.4195,154.2163,157.1551,2697112,0.9821,161.2253,175.5911,1.9606,3.2032,2022,7,Jul,3,Friday,-43.8732
2022-07-04,MSFT,Technology,154.8665,155.2396,153.2993,155.2222,6391512,-1.2299,160.2199,174.8189,1.9495,1.9403,2022,7,Jul,3,Monday,-44.5635
2022-07-05,MSFT,Technology,150.1719,151.752,149.2914,150.5612,6544698,-3.0028,159.1843,174.0366,1.9873,2.4606,2022,7,Jul,3,Tuesday,-46.2281
2022-07-06,MSFT,Technology,150.8102,151.0886,148.6101,149.6896,3954345,-0.5789,158.2021,173.1373,1.9837,2.4785,2022,7,Jul,3,Wednesday,-46.5394
2022-07-07,MSFT,Technology,151.5466,152.1998,148.8867,152.1634,3546922,1.6526,157.178,172.234,1.9641,3.3131,2022,7,Jul,3,Thursday,-45.6559
2022-07-08,MSFT,Technology,155.7746,156.8625,154.4335,155.632,3281960,2.2795,156.1917,171.3292,2.0114,2.429,2022,7,Jul,3,Friday,-44.4171
2022-07-11,MSFT,Technology,157.2617,157.6465,156.2185,157.4792,8541854,1.1869,155.7854,170.4891,1.6677,1.428,2022,7,Jul,3,Monday,-43.7574
2022-07-12,MSFT,Technology,159.8851,159.9037,156.3534,158.6397,3587070,0.7369,155.636,169.6797,1.5996,3.5503,2022,7,Jul,3,Tuesday,-43.343
2022-07-13,MSFT,Technology,160.5947,163.0298,158.7513,159.6827,5959702,0.6575,155.5601,168.9806,1.6073,4.2785,2022,7,Jul,3,Wednesday,-42.9705
2022-07-14,MSFT,Technology,157.5905,158.7543,156.6525,158.3417,5334359,-0.8398,155.3742,168.2853,1.6111,2.1018,2022,7,Jul,3,Thursday,-43.4494
2022-07-15,MSFT,Technology,159.2061,161.7174,157.9162,158.0913,4045045,-0.1581,155.149,167.5526,1.6078,3.8012,2022,7,Jul,3,Friday,-43.5388
2022-07-18,MSFT,Technology,163.3187,164.9691,161.822,162.3922,1931705,2.7205,155.3746,166.8233,1.5889,3.1471,2022,7,Jul,3,Monday,-42.0028
2022-07-19,MSFT,Technology,161.088,162.6881,159.9842,160.0244,11169949,-1.4581,155.5904,166.3139,1.5932,2.7039,2022,7,Jul,3,Tuesday,-42.8484
2022-07-20,MSFT,Technology,165.5222,166.4326,164.1673,164.2389,4018200,2.6337,156.0209,165.9086,1.6859,2.2653,2022,7,Jul,3,Wednesday,-41.3432
2022-07-21,MSFT,Technology,162.5774,165.601,161.7802,163.4748,2297337,-0.4652,156.3426,165.4951,1.6871,3.8208,2022,7,Jul,3,Thursday,-41.6161
2022-07-22,MSFT,Technology,167.6151,169.6778,166.9092,167.0233,11948741,2.1707,157.1137,165.233,1.5007,2.7686,2022,7,Jul,3,Friday,-40.3488
2022-07-25,MSFT,Technology,162.3404,166.032,162.23,163.3473,2929438,-2.2009,157.7168,164.8615,1.6119,3.802,2022,7,Jul,3,Monday,-41.6617
2022-07-26,MSFT,Technology,164.3502,165.0743,163.7905,164.9602,6394227,0.9874,158.3795,164.5626,1.6169,1.2838,2022,7,Jul,3,Tuesday,-41.0856
2022-07-27,MSFT,Technology,163.0569,163.1518,162.9466,163.0981,3499589,-1.1288,158.8422,164.2359,1.6357,0.2052,2022,7,Jul,3,Wednesday,-41.7507
2022-07-28,MSFT,Technology,160.3568,161.1568,159.1329,159.4864,6268078,-2.2144,159.0352,163.8611,1.715,2.0239,2022,7,Jul,3,Thursday,-43.0406
2022-07-29,MSFT,Technology,159.8823,161.6728,159.7348,160.1238,4205857,0.3997,159.1836,163.5423,1.7048,1.938,2022,7,Jul,3,Friday,-42.8129
2022-08-01,MSFT,Technology,162.1786,163.1979,162.0096,162.7901,7482901,1.6651,159.562,163.2755,1.7082,1.1883,2022,8,Aug,3,Monday,-41.8607
2022-08-02,MSFT,Technology,159.5277,161.4426,158.542,160.6708,5173109,-1.3019,160.0675,162.9766,1.5748,2.9006,2022,8,Aug,3,Tuesday,-42.6176
2022-08-03,MSFT,Technology,157.9871,158.8734,155.4029,156.8975,6366821,-2.3485,160.4279,162.6023,1.6754,3.4705,2022,8,Aug,3,Wednesday,-43.9652
2022-08-04,MSFT,Technology,157.9215,159.2522,156.2435,156.7454,5530423,-0.0969,160.657,162.2831,1.6437,3.0087,2022,8,Aug,3,Thursday,-44.0195
2022-08-05,MSFT,Technology,156.6474,156.7419,155.3204,156.6045,5656461,-0.0899,160.7056,161.9417,1.5665,1.4215,2022,8,Aug,3,Friday,-44.0698
2022-08-08,MSFT,Technology,158.0124,159.3152,157.962,158.0567,2477668,0.9273,160.7345,161.5356,1.5576,1.3532,2022,8,Aug,3,Monday,-43.5512
2022-08-09,MSFT,Technology,161.6943,163.2787,158.0989,160.5372,7271371,1.5694,160.8294,161.1694,1.5883,5.1798,2022,8,Aug,3,Tuesday,-42.6653
2022-08-10,MSFT,Technology,159.9486,162.4538,158.1763,160.4648,4020314,-0.0451,160.8685,160.743,1.5824,4.2775,2022,8,Aug,3,Wednesday,-42.6911
2022-08-11,MSFT,Technology,166.5416,166.9716,164.0696,165.309,3612066,3.0189,161.2168,160.4925,1.7008,2.902,2022,8,Aug,3,Thursday,-40.9611
2022-08-12,MSFT,Technology,164.8695,166.7952,164.506,165.9847,4964451,0.4087,161.6115,160.2448,1.6987,2.2892,2022,8,Aug,3,Friday,-40.7197
2022-08-15,MSFT,Technology,164.0505,165.9252,163.1694,165.1477,4224534,-0.5043,161.7493,160.0411,1.603,2.7558,2022,8,Aug,3,Monday,-41.0187
2022-08-16,MSFT,Technology,161.7004,161.878,160.4663,160.9719,6272849,-2.5285,161.7967,159.8351,1.6739,1.4117,2022,8,Aug,3,Tuesday,-42.51
2022-08-17,MSFT,Technology,160.3976,161.1452,159.7977,160.3759,4003237,-0.3703,161.6035,159.656,1.5601,1.3475,2022,8,Aug,3,Wednesday,-42.7229
2022-08-18,MSFT,Technology,158.857,160.3054,158.124,159.5929,6538088,-0.4882,161.4094,159.3949,1.5604,2.1814,2022,8,Aug,3,Thursday,-43.0025
2022-08-19,MSFT,Technology,161.0007,162.6759,159.6285,162.1248,5502782,1.5865,161.1645,159.1302,1.5204,3.0474,2022,8,Aug,3,Friday,-42.0983
2022-08-22,MSFT,Technology,164.4556,166.0224,163.2431,163.4056,4498508,0.79,161.1674,159.0862,1.4524,2.7793,2022,8,Aug,3,Monday,-41.6409
2022-08-23,MSFT,Technology,160.8384,160.9694,159.1335,160.4038,2713800,-1.837,160.9396,159.0618,1.4894,1.8359,2022,8,Aug,3,Tuesday,-42.7129
2022-08-24,MSFT,Technology,161.7113,162.2517,159.807,160.9261,4972905,0.3256,160.831,159.0563,1.4734,2.4447,2022,8,Aug,3,Wednesday,-42.5264
2022-08-25,MSFT,Technology,162.8896,164.4098,162.7237,162.7356,1904103,1.1244,160.9934,159.0698,1.4036,1.6861,2022,8,Aug,3,Thursday,-41.8801
2022-08-26,MSFT,Technology,166.8539,167.7537,166.673,166.7957,5040224,2.4949,161.327,159.1538,1.5011,1.0807,2022,8,Aug,3,Friday,-40.4301
2022-08-29,MSFT,Technology,169.9544,171.1478,167.3463,169.2476,3044741,1.47,161.6499,159.3812,1.4918,3.8015,2022,8,Aug,3,Monday,-39.5544
2022-08-30,MSFT,Technology,171.6035,172.3627,170.824,171.3925,3039979,1.2673,162.186,159.6948,1.4656,1.5387,2022,8,Aug,3,Tuesday,-38.7884
2022-08-31,MSFT,Technology,172.1841,175.0133,170.1449,171.643,10873603,0.1462,162.9233,160.0151,1.3247,4.8684,2022,8,Aug,3,Wednesday,-38.6989
2022-09-01,MSFT,Technology,171.4291,175.5532,171.1268,172.7952,3999933,0.6713,163.7258,160.3302,1.3189,4.4264,2022,9,Sep,3,Thursday,-38.2874
2022-09-02,MSFT,Technology,177.5213,178.6321,174.3692,176.3362,8209672,2.0492,164.7123,160.8249,1.355,4.2629,2022,9,Sep,3,Friday,-37.0228
2022-09-05,MSFT,Technology,173.8849,174.1322,172.1544,172.6641,5564139,-2.0824,165.4427,161.2525,1.4787,1.9778,2022,9,Sep,3,Monday,-38.3342
2022-09-06,MSFT,Technology,172.25,173.352,168.4112,171.785,4461227,-0.5091,166.0051,161.6541,1.4691,4.9408,2022,9,Sep,3,Tuesday,-38.6482
2022-09-07,MSFT,Technology,169.2088,171.7014,167.8108,169.7475,4224877,-1.1861,166.4692,161.9721,1.5069,3.8906,2022,9,Sep,3,Wednesday,-39.3759
2022-09-08,MSFT,Technology,171.5428,172.3437,170.3854,170.8621,4829527,0.6566,166.7469,162.2768,1.3682,1.9583,2022,9,Sep,3,Thursday,-38.9778
2022-09-09,MSFT,Technology,174.5383,174.7552,170.9894,174.3107,7561397,2.0184,167.1632,162.6199,1.4287,3.7658,2022,9,Sep,3,Friday,-37.7462
2022-09-12,MSFT,Technology,172.3627,172.8784,170.4444,172.7329,7182267,-0.9052,167.5425,162.9702,1.4426,2.434,2022,9,Sep,3,Monday,-38.3097
2022-09-13,MSFT,Technology,165.7035,166.2945,165.2243,166.2131,6433906,-3.7745,167.8045,163.2832,1.5878,1.0702,2022,9,Sep,3,Tuesday,-40.6382
2022-09-14,MSFT,Technology,164.5334,166.3159,163.6844,165.2,5077462,-0.6095,168.0457,163.5934,1.593,2.6315,2022,9,Sep,3,Wednesday,-41.0
2022-09-15,MSFT,Technology,168.302,171.4272,167.3954,167.6971,3142572,1.5116,168.4509,163.9041,1.6128,4.0318,2022,9,Sep,3,Thursday,-40.1082
2022-09-16,MSFT,Technology,169.1831,171.0115,168.9538,169.2235,6242043,0.9102,168.8059,164.1759,1.5905,2.0577,2022,9,Sep,3,Friday,-39.563
2022-09-19,MSFT,Technology,170.9935,171.6389,168.0023,170.4674,6439924,0.7351,169.159,164.4357,1.5895,3.6366,2022,9,Sep,3,Monday,-39.1188
2022-09-20,MSFT,Technology,169.55,170.3304,168.369,169.789,15114177,-0.398,169.6282,164.6587,1.5225,1.9614,2022,9,Sep,3,Tuesday,-39.3611
2022-09-21,MSFT,Technology,165.9679,166.9206,165.7284,166.3992,7601557,-1.9965,169.9019,164.793,1.6063,1.1922,2022,9,Sep,3,Wednesday,-40.5717
2022-09-22,MSFT,Technology,166.7409,169.978,166.3251,167.8544,4933567,0.8745,170.1578,164.9832,1.5995,3.6529,2022,9,Sep,3,Thursday,-40.052
2022-09-23,MSFT,Technology,166.7442,168.6747,164.9026,165.6977,2293420,-1.2849,170.1029,165.1354,1.5319,3.7721,2022,9,Sep,3,Friday,-40.8222
2022-09-26,MSFT,Technology,172.6651,173.0904,170.6635,171.5709,4091780,3.5445,170.2191,165.3189,1.6993,2.4269,2022,9,Sep,3,Monday,-38.7247
2022-09-27,MSFT,Technology,172.3313,174.3533,171.6845,173.2228,2382012,0.9628,170.3106,165.5829,1.6895,2.6688,2022,9,Sep,3,Tuesday,-38.1347
2022-09-28,MSFT,Technology,171.0166,172.8203,170.466,171.7001,6789886,-0.879,170.3134,165.7321,1.7024,2.3543,2022,9,Sep,3,Wednesday,-38.6785
2022-09-29,MSFT,Technology,169.9481,172.4548,168.2436,170.1064,3386944,-0.9282,170.179,165.8648,1.7076,4.2112,2022,9,Sep,3,Thursday,-39.2477
2022-09-30,MSFT,Technology,171.0084,172.0485,168.3486,169.9385,3597477,-0.0987,169.8591,165.9231,1.6336,3.6999,2022,9,Sep,3,Friday,-39.3077
2022-10-03,MSFT,Technology,168.3704,169.9988,166.8906,169.3722,3801840,-0.3332,169.6945,166.0436,1.5715,3.1082,2022,10,Oct,4,Monday,-39.5099
2022-10-04,MSFT,Technology,171.7835,172.9816,170.4476,172.4835,5989038,1.837,169.7294,166.194,1.6248,2.534,2022,10,Oct,4,Tuesday,-38.3987
2022-10-05,MSFT,Technology,173.1606,175.3915,171.423,173.0842,7091506,0.3483,169.8963,166.3938,1.6003,3.9685,2022,10,Oct,4,Wednesday,-38.1842
2022-10-06,MSFT,Technology,172.1424,173.6665,169.6479,171.1446,6782545,-1.1206,169.9104,166.6269,1.6176,4.0186,2022,10,Oct,4,Thursday,-38.8769
2022-10-07,MSFT,Technology,175.2008,179.3417,174.2961,176.4068,6951552,3.0747,170.0152,166.9526,1.7013,5.0456,2022,10,Oct,4,Friday,-36.9976
2022-10-10,MSFT,Technology,177.1345,177.5259,174.7161,176.4068,7544332,0.0,170.1989,167.2249,1.6859,2.8098,2022,10,Oct,4,Monday,-36.9976
2022-10-11,MSFT,Technology,178.4818,180.6476,177.6157,178.8953,7882516,1.4107,170.833,167.5894,1.4358,3.0319,2022,10,Oct,4,Tuesday,-36.1088
2022-10-12,MSFT,Technology,177.4458,178.4198,175.2691,177.2438,4124395,-0.9232,171.4352,167.9963,1.4488,3.1507,2022,10,Oct,4,Wednesday,-36.6986
2022-10-13,MSFT,Technology,188.1769,190.9748,187.1052,187.2244,7307126,5.631,172.4116,168.6059,1.8563,3.8696,2022,10,Oct,4,Thursday,-33.1341
2022-10-14,MSFT,Technology,188.7363,189.8876,186.7734,188.25,5763046,0.5478,173.3629,169.2388,1.8545,3.1142,2022,10,Oct,4,Friday,-32.7679
2022-10-17,MSFT,Technology,182.4044,183.0288,182.2158,182.6525,4829527,-2.9734,173.9722,169.7307,2.0137,0.813,2022,10,Oct,4,Monday,-34.767
2022-10-18,MSFT,Technology,187.8206,190.1029,186.6936,188.6333,12975809,3.2744,174.9144,170.2927,2.1058,3.4093,2022,10,Oct,4,Tuesday,-32.631
2022-10-19,MSFT,Technology,191.3583,194.836,190.3463,192.623,4389798,2.1151,176.2256,170.9358,2.044,4.4897,2022,10,Oct,4,Wednesday,-31.2061
2022-10-20,MSFT,Technology,192.9093,193.1853,189.3941,191.4951,3056315,-0.5855,177.4076,171.4595,2.0655,3.7912,2022,10,Oct,4,Thursday,-31.6089
2022-10-21,MSFT,Technology,188.4038,189.0833,186.5811,188.2136,5554394,-1.7136,178.5334,171.9041,2.089,2.5022,2022,10,Oct,4,Friday,-32.7809
2022-10-24,MSFT,Technology,189.285,191.7925,188.2287,189.3544,2017112,0.6061,179.4226,172.3883,1.9757,3.5638,2022,10,Oct,4,Monday,-32.3734
2022-10-25,MSFT,Technology,188.4565,190.5267,188.0677,189.7117,9080174,0.1887,180.247,172.963,1.974,2.459,2022,10,Oct,4,Tuesday,-32.2458
2022-10-26,MSFT,Technology,192.4108,193.9464,189.3954,190.8862,4309876,0.6191,181.2063,173.5733,1.9482,4.551,2022,10,Oct,4,Wednesday,-31.8264
2022-10-27,MSFT,Technology,190.9083,192.0278,190.3762,191.5667,7351019,0.3565,182.2793,174.2127,1.9179,1.6516,2022,10,Oct,4,Thursday,-31.5833
2022-10-28,MSFT,Technology,192.0173,193.7344,190.6031,193.2142,4408133,0.86,183.4431,174.8345,1.9112,3.1313,2022,10,Oct,4,Friday,-30.9949
2022-10-31,MSFT,Technology,197.1118,199.69,196.5904,197.785,11552105,2.3657,184.8638,175.5221,1.9324,3.0996,2022,10,Oct,4,Monday,-29.3625
2022-11-01,MSFT,Technology,201.2449,201.4982,198.9038,199.6817,6817632,0.959,186.2237,176.3077,1.9174,2.5944,2022,11,Nov,4,Tuesday,-28.6851
2022-11-02,MSFT,Technology,195.8495,202.0569,194.885,196.428,6032526,-1.6294,187.3909,177.0177,1.989,7.1719,2022,11,Nov,4,Wednesday,-29.8471
2022-11-03,MSFT,Technology,202.2181,202.8735,200.2382,200.8085,9458621,2.2301,188.874,177.7792,1.9728,2.6353,2022,11,Nov,4,Thursday,-28.2827
2022-11-04,MSFT,Technology,205.5319,206.5063,202.84,206.1801,3180263,2.675,190.3627,178.5669,1.9507,3.6663,2022,11,Nov,4,Friday,-26.3642
2022-11-07,MSFT,Technology,216.5684,217.7709,216.0612,216.6815,3541250,5.0933,192.3764,179.5155,2.1617,1.7097,2022,11,Nov,4,Monday,-22.6137
2022-11-08,MSFT,Technology,211.5682,212.9659,211.2442,212.8948,2364849,-1.7476,194.0764,180.3456,2.248,1.7217,2022,11,Nov,4,Tuesday,-23.9661
2022-11-09,MSFT,Technology,213.6002,214.9279,212.2244,213.8286,1993814,0.4386,195.9057,181.1893,2.2103,2.7035,2022,11,Nov,4,Wednesday,-23.6326
2022-11-10,MSFT,Technology,206.2048,208.16,204.3911,206.8121,4833168,-3.2814,196.885,181.8696,2.1166,3.7689,2022,11,Nov,4,Thursday,-26.1385
2022-11-11,MSFT,Technology,207.8627,209.0081,204.7675,208.7459,6249733,0.9351,197.9098,182.5178,2.1186,4.2406,2022,11,Nov,4,Friday,-25.4479
2022-11-14,MSFT,Technology,208.5621,208.5937,206.0111,207.0193,3784344,-0.8271,199.1282,183.2049,1.9812,2.5826,2022,11,Nov,4,Monday,-26.0645
2022-11-15,MSFT,Technology,212.4596,214.6206,210.6267,213.4938,7048057,3.1275,200.3712,184.0391,1.9712,3.9939,2022,11,Nov,4,Tuesday,-23.7522
2022-11-16,MSFT,Technology,209.5674,211.2097,208.1459,210.9546,5058327,-1.1894,201.2878,184.8632,1.9795,3.0638,2022,11,Nov,4,Wednesday,-24.6591
2022-11-17,MSFT,Technology,206.6864,207.3435,203.6662,205.3586,2916338,-2.6527,201.981,185.5532,2.0887,3.6773,2022,11,Nov,4,Thursday,-26.6576
2022-11-18,MSFT,Technology,205.4398,206.0549,201.742,203.9128,1682791,-0.704,202.7659,186.1452,2.0474,4.3129,2022,11,Nov,4,Friday,-27.174
2022-11-21,MSFT,Technology,197.8825,199.6087,195.2359,197.5695,6282004,-3.1108,203.1767,186.6419,2.1933,4.3728,2022,11,Nov,4,Monday,-29.4395
2022-11-22,MSFT,Technology,200.4712,200.8722,197.0136,200.0426,5842643,1.2518,203.6932,187.3185,2.2049,3.8586,2022,11,Nov,4,Tuesday,-28.5562
2022-11-23,MSFT,Technology,193.2012,194.0061,191.2599,193.533,5009947,-3.2541,203.8256,187.8852,2.3403,2.7462,2022,11,Nov,4,Wednesday,-30.8811
2022-11-24,MSFT,Technology,192.4251,194.6361,190.0516,193.7179,8886840,0.0955,203.9331,188.4056,2.3395,4.5845,2022,11,Nov,4,Thursday,-30.815
2022-11-25,MSFT,Technology,188.4416,190.4415,186.9493,187.3746,6704886,-3.2745,203.6411,188.7686,2.4473,3.4922,2022,11,Nov,4,Friday,-33.0805
2022-11-28,MSFT,Technology,185.8085,187.5143,184.75,186.508,6901478,-0.4625,203.0773,189.0894,2.3765,2.7643,2022,11,Nov,4,Monday,-33.39
2022-11-29,MSFT,Technology,190.959,192.5528,190.8774,191.5053,3063496,2.6794,202.6685,189.5238,2.4531,1.6754,2022,11,Nov,4,Tuesday,-31.6052
2022-11-30,MSFT,Technology,192.7369,193.3477,191.2786,192.7061,4777416,0.627,202.4824,190.0499,2.4347,2.0691,2022,11,Nov,4,Wednesday,-31.1764
2022-12-01,MSFT,Technology,191.4483,191.708,186.4799,190.1401,2413546,-1.3316,201.949,190.4956,2.3876,5.2281,2022,12,Dec,4,Thursday,-32.0928
2022-12-02,MSFT,Technology,189.2262,190.7815,189.0634,190.1402,4207482,0.0001,201.147,190.9845,2.2883,1.7181,2022,12,Dec,4,Friday,-32.0928
2022-12-05,MSFT,Technology,189.567,190.9273,189.0197,190.2901,1359700,0.0788,199.8274,191.3589,1.8986,1.9076,2022,12,Dec,4,Monday,-32.0392
2022-12-06,MSFT,Technology,193.2909,194.0972,190.9005,191.8242,3643053,0.8062,198.7739,191.7309,1.9054,3.1967,2022,12,Dec,4,Tuesday,-31.4914
2022-12-07,MSFT,Technology,187.0999,188.3485,185.4085,187.725,5568068,-2.137,197.4687,192.0514,1.9254,2.94,2022,12,Dec,4,Wednesday,-32.9554
2022-12-08,MSFT,Technology,189.3316,190.7614,188.8463,189.5987,2474321,0.9981,196.608,192.4412,1.8517,1.9151,2022,12,Dec,4,Thursday,-32.2862
2022-12-09,MSFT,Technology,181.8251,181.9725,180.7893,181.4895,9761552,-4.277,195.2452,192.6722,2.0113,1.1832,2022,12,Dec,4,Friday,-35.1823
2022-12-12,MSFT,Technology,180.1485,181.5974,178.8472,179.7512,4352198,-0.9578,193.8818,192.8798,2.012,2.7502,2022,12,Dec,4,Monday,-35.8031
2022-12-13,MSFT,Technology,178.2287,181.2621,177.8448,178.4368,4969524,-0.7312,192.1289,192.9989,1.8012,3.4173,2022,12,Dec,4,Tuesday,-36.2726
2022-12-14,MSFT,Technology,179.786,182.6241,179.3625,180.3341,5664092,1.0633,190.5979,193.1439,1.8504,3.2616,2022,12,Dec,4,Wednesday,-35.595
2022-12-15,MSFT,Technology,180.9892,181.1133,179.6418,180.4896,3831865,0.0862,189.3545,193.3308,1.8041,1.4715,2022,12,Dec,4,Thursday,-35.5394
2022-12-16,MSFT,Technology,175.7545,177.0652,175.5146,176.5208,11334009,-2.1989,187.9849,193.3331,1.8381,1.5506,2022,12,Dec,4,Friday,-36.9569
2022-12-19,MSFT,Technology,173.6791,174.6889,170.7159,173.8271,9038818,-1.526,186.7977,193.2815,1.7614,3.973,2022,12,Dec,4,Monday,-37.9189
2022-12-20,MSFT,Technology,175.7395,177.1857,171.1388,174.4666,7257339,0.3679,185.5189,193.1929,1.7225,6.0469,2022,12,Dec,4,Tuesday,-37.6905
2022-12-21,MSFT,Technology,175.5987,177.5148,172.9841,174.3331,10105228,-0.0765,184.559,193.1347,1.6145,4.5307,2022,12,Dec,4,Wednesday,-37.7382
2022-12-22,MSFT,Technology,172.7242,174.4757,172.1286,172.8049,2642159,-0.8766,183.5133,192.8463,1.61,2.3471,2022,12,Dec,4,Thursday,-38.284
2022-12-23,MSFT,Technology,170.356,173.2198,167.2738,171.5619,11023990,-0.7193,182.7227,192.5125,1.4791,5.946,2022,12,Dec,4,Friday,-38.7279
2022-12-26,MSFT,Technology,174.4693,175.0339,173.329,173.5586,2505351,1.1638,182.0752,192.3307,1.5213,1.7049,2022,12,Dec,4,Monday,-38.0148
2022-12-27,MSFT,Technology,173.4059,173.8131,171.8096,172.2078,3648428,-0.7783,181.1103,192.0022,1.3454,2.0035,2022,12,Dec,4,Tuesday,-38.4972
2022-12-28,MSFT,Technology,171.9706,174.471,171.658,172.0512,4657874,-0.0909,180.0776,191.5907,1.3225,2.813,2022,12,Dec,4,Wednesday,-38.5531
2022-12-29,MSFT,Technology,179.3318,181.8955,176.8868,178.1107,4407906,3.5219,179.4761,191.323,1.591,5.0087,2022,12,Dec,4,Thursday,-36.389
2022-12-30,MSFT,Technology,174.4811,175.4173,173.4396,174.1426,6839448,-2.2279,178.6762,191.0416,1.6449,1.9777,2022,12,Dec,4,Friday,-37.8062
2023-01-02,MSFT,Technology,168.6658,169.9005,165.6163,169.0699,3580025,-2.913,177.6152,190.6359,1.7304,4.2842,2023,1,Jan,1,Monday,-39.6179
2023-01-03,MSFT,Technology,172.1124,173.1829,170.1007,171.2741,3682607,1.3037,176.5877,190.2672,1.7547,3.0822,2023,1,Jan,1,Tuesday,-38.8307
2023-01-04,MSFT,Technology,169.5116,170.0312,168.7654,169.5,4829527,-1.0358,175.6765,189.8394,1.7192,1.2658,2023,1,Jan,1,Wednesday,-39.4643
2023-01-05,MSFT,Technology,169.3902,170.2604,166.9461,168.7217,5554931,-0.4592,174.6326,189.3825,1.6831,3.3143,2023,1,Jan,1,Thursday,-39.7422
2023-01-06,MSFT,Technology,167.9231,168.5384,164.9624,166.6973,3745783,-1.1998,173.893,188.8522,1.4508,3.576,2023,1,Jan,1,Friday,-40.4652
2023-01-09,MSFT,Technology,167.3747,167.3859,164.6851,166.0877,4189557,-0.3657,173.2098,188.2183,1.4452,2.7008,2023,1,Jan,1,Monday,-40.683
2023-01-10,MSFT,Technology,170.8733,171.7558,168.1993,170.4187,2563977,2.6077,172.8089,187.633,1.5888,3.5565,2023,1,Jan,1,Tuesday,-39.1362
2023-01-11,MSFT,Technology,173.6198,176.5702,172.1865,172.6911,2168103,1.3334,172.4268,187.1583,1.6013,4.3837,2023,1,Jan,1,Wednesday,-38.3246
2023-01-12,MSFT,Technology,175.2654,176.8436,174.2504,175.1598,11354754,1.4295,172.1603,186.6453,1.6418,2.5932,2023,1,Jan,1,Thursday,-37.4429
2023-01-13,MSFT,Technology,170.3208,172.8973,170.0843,171.2783,6881085,-2.216,171.8982,185.9472,1.6429,2.813,2023,1,Jan,1,Friday,-38.8292
2023-01-16,MSFT,Technology,168.827,170.2464,168.1608,168.2093,7350896,-1.7918,171.6173,184.9778,1.6558,2.0856,2023,1,Jan,1,Monday,-39.9252
2023-01-17,MSFT,Technology,160.6108,160.7152,159.267,160.6524,4934777,-4.4926,170.9266,183.933,1.9124,1.4482,2023,1,Jan,1,Tuesday,-42.6241
2023-01-18,MSFT,Technology,159.4206,159.926,158.3323,158.6523,13714814,-1.245,170.1425,182.8294,1.92,1.5937,2023,1,Jan,1,Wednesday,-43.3385
2023-01-19,MSFT,Technology,161.8783,162.1756,160.808,161.1602,3035365,1.5808,169.5603,181.9164,1.9694,1.3676,2023,1,Jan,1,Thursday,-42.4428
2023-01-20,MSFT,Technology,161.3623,164.1572,161.3512,162.5737,3937364,0.8771,169.1109,180.9929,1.9851,2.806,2023,1,Jan,1,Friday,-41.938
2023-01-23,MSFT,Technology,161.9036,163.5346,161.0373,162.0788,5507592,-0.3044,168.5369,180.0941,1.957,2.4973,2023,1,Jan,1,Monday,-42.1147
2023-01-24,MSFT,Technology,162.1116,162.4968,160.4494,162.102,7611165,0.0143,168.0316,179.0663,1.9554,2.0474,2023,1,Jan,1,Tuesday,-42.1064
2023-01-25,MSFT,Technology,161.0079,163.6206,158.8982,160.3963,3481473,-1.0522,167.4488,178.0551,1.9622,4.7224,2023,1,Jan,1,Wednesday,-42.7156
2023-01-26,MSFT,Technology,160.8288,163.8208,160.5278,161.002,2338021,0.3776,166.5934,177.168,1.7518,3.293,2023,1,Jan,1,Thursday,-42.4993
2023-01-27,MSFT,Technology,161.9748,164.2922,160.9915,163.0555,6054275,1.2754,166.0391,176.3509,1.744,3.3007,2023,1,Jan,1,Friday,-41.7659
2023-01-30,MSFT,Technology,158.557,160.3965,158.1504,163.0555,2429436,0.0,165.7383,175.6606,1.6336,2.2461,2023,1,Jan,1,Monday,-41.7659
2023-01-31,MSFT,Technology,158.6558,160.6406,158.3825,159.7627,8122159,-2.0194,165.1628,174.855,1.645,2.2581,2023,1,Jan,1,Tuesday,-42.9419
2023-02-01,MSFT,Technology,162.798,163.0173,161.2285,162.2261,5195637,1.5419,164.7991,174.2288,1.6876,1.7888,2023,2,Feb,1,Wednesday,-42.0621
2023-02-02,MSFT,Technology,162.2825,164.0682,160.3791,161.2297,12093810,-0.6142,164.4245,173.5791,1.6891,3.6891,2023,2,Feb,1,Thursday,-42.418
2023-02-03,MSFT,Technology,164.1814,164.3047,161.75,163.1179,4456774,1.1711,164.2455,173.0939,1.6994,2.5547,2023,2,Feb,1,Friday,-41.7436
2023-02-06,MSFT,Technology,170.4963,171.869,170.2666,170.5454,4247929,4.5535,164.4684,172.7747,1.9894,1.6024,2023,2,Feb,1,Monday,-39.0909
2023-02-07,MSFT,Technology,169.8677,170.4616,169.6308,170.346,13549767,-0.1169,164.4648,172.3515,1.9037,0.8308,2023,2,Feb,1,Tuesday,-39.1621
2023-02-08,MSFT,Technology,170.5761,172.128,168.2219,171.5031,4762035,0.6793,164.4054,171.9274,1.8854,3.9061,2023,2,Feb,1,Wednesday,-38.7489
2023-02-09,MSFT,Technology,170.5589,172.5779,168.0557,169.5636,5960421,-1.1309,164.1255,171.5159,1.8689,4.5222,2023,2,Feb,1,Thursday,-39.4416
2023-02-10,MSFT,Technology,169.4999,170.78,169.2938,170.1401,5804676,0.34,164.0686,171.1159,1.8062,1.4862,2023,2,Feb,1,Friday,-39.2357
2023-02-13,MSFT,Technology,172.1746,172.5812,169.4726,171.4782,9738932,0.7865,164.2321,170.7397,1.7644,3.1086,2023,2,Feb,1,Monday,-38.7578
2023-02-14,MSFT,Technology,171.008,172.8996,169.9253,172.0985,3779776,0.3617,164.8044,170.3452,1.3925,2.9743,2023,2,Feb,1,Tuesday,-38.5362
2023-02-15,MSFT,Technology,169.4264,172.0413,168.8385,169.3767,11122445,-1.5815,165.3406,169.9782,1.4147,3.2028,2023,2,Feb,1,Wednesday,-39.5083
2023-02-16,MSFT,Technology,169.7784,170.7867,167.8091,170.0207,7994532,0.3802,165.7836,169.5866,1.3843,2.9776,2023,2,Feb,1,Thursday,-39.2783
2023-02-17,MSFT,Technology,174.6714,177.0135,173.6718,174.0833,4740645,2.3895,166.3591,169.4385,1.4581,3.3417,2023,2,Feb,1,Friday,-37.8274
2023-02-20,MSFT,Technology,176.5057,178.7785,173.4855,175.42,3573987,0.7679,167.0262,169.3519,1.4524,5.293,2023,2,Feb,1,Monday,-37.35
2023-02-21,MSFT,Technology,177.0581,178.5632,177.0408,178.2077,3514322,1.5892,167.8315,169.3473,1.4726,1.5224,2023,2,Feb,1,Tuesday,-36.3544
2023-02-22,MSFT,Technology,177.6251,178.5613,176.9281,177.621,2438324,-0.3292,168.6927,169.293,1.4414,1.6332,2023,2,Feb,1,Wednesday,-36.5639
2023-02-23,MSFT,Technology,180.6469,181.6933,178.7972,177.621,5425737,0.0,169.5236,169.2357,1.4458,2.8961,2023,2,Feb,1,Thursday,-36.5639
2023-02-24,MSFT,Technology,180.3873,181.8123,176.7763,180.7345,5116349,1.7529,170.4076,169.3199,1.4631,5.036,2023,2,Feb,1,Friday,-35.452
2023-02-27,MSFT,Technology,178.2457,180.075,173.0336,178.0751,6265021,-1.4714,171.1586,169.4049,1.5266,7.0414,2023,2,Feb,1,Monday,-36.4017
2023-02-28,MSFT,Technology,179.1913,179.8599,178.5563,179.0716,3896664,0.5596,172.124,169.497,1.4114,1.3036,2023,2,Feb,1,Tuesday,-36.0459
2023-03-01,MSFT,Technology,177.5398,177.7499,175.6023,176.3198,5143470,-1.5367,172.8287,169.5367,1.4679,2.1476,2023,3,Mar,1,Wednesday,-37.0286
2023-03-02,MSFT,Technology,173.5402,176.1883,172.752,174.6226,2368884,-0.9626,173.4983,169.5731,1.4829,3.4363,2023,3,Mar,1,Thursday,-37.6348
2023-03-03,MSFT,Technology,174.9113,175.5347,172.9153,175.2388,3825385,0.3529,174.1044,169.6466,1.472,2.6194,2023,3,Mar,1,Friday,-37.4147
2023-03-06,MSFT,Technology,176.1856,177.253,175.6925,176.1599,2961983,0.5256,174.3851,169.6987,1.0972,1.5605,2023,3,Mar,1,Monday,-37.0857
2023-03-07,MSFT,Technology,173.0779,173.4727,172.7024,172.896,3810274,-1.8528,174.5126,169.7124,1.186,0.7703,2023,3,Mar,1,Tuesday,-38.2514
2023-03-08,MSFT,Technology,175.3417,176.4281,175.194,175.8982,6792596,1.7364,174.7324,169.7894,1.2366,1.2341,2023,3,Mar,1,Wednesday,-37.1792
2023-03-09,MSFT,Technology,176.2016,178.4354,176.0951,177.5959,1821635,0.9652,175.134,169.7791,1.2123,2.3403,2023,3,Mar,1,Thursday,-36.5729
2023-03-10,MSFT,Technology,168.5067,169.3186,167.1936,168.5784,5805680,-5.0775,175.0559,169.6678,1.6969,2.125,2023,3,Mar,1,Friday,-39.7934
2023-03-13,MSFT,Technology,164.9416,166.6265,164.1676,164.5154,2029479,-2.4102,174.7078,169.5767,1.7649,2.4589,2023,3,Mar,1,Monday,-41.2445
2023-03-14,MSFT,Technology,163.0262,164.5673,161.9007,164.2163,6101056,-0.1818,174.3136,169.4355,1.7601,2.6666,2023,3,Mar,1,Tuesday,-41.3513
2023-03-15,MSFT,Technology,162.2468,163.5988,161.8295,163.1267,4484356,-0.6635,174.0011,169.3081,1.7345,1.7693,2023,3,Mar,1,Wednesday,-41.7405
2023-03-16,MSFT,Technology,164.5603,165.0629,162.7763,163.5035,1928930,0.231,173.6753,169.2037,1.7323,2.2866,2023,3,Mar,1,Thursday,-41.6059
2023-03-17,MSFT,Technology,161.4657,164.748,160.9844,162.6354,6640466,-0.5309,173.1029,169.1225,1.6239,3.7636,2023,3,Mar,1,Friday,-41.9159
2023-03-20,MSFT,Technology,156.234,158.7954,155.6696,157.4929,2723818,-3.162,172.2065,168.9506,1.7194,3.1258,2023,3,Mar,1,Monday,-43.7525
2023-03-21,MSFT,Technology,156.5552,158.3069,155.169,156.5931,5260959,-0.5713,171.1258,168.6741,1.646,3.1379,2023,3,Mar,1,Tuesday,-44.0739
2023-03-22,MSFT,Technology,154.7169,156.3215,153.4411,155.9057,4545850,-0.439,170.04,168.3384,1.6452,2.8804,2023,3,Mar,1,Wednesday,-44.3194
2023-03-23,MSFT,Technology,157.0637,157.8325,156.6428,157.5643,9545670,1.0638,169.0372,167.9864,1.6836,1.1897,2023,3,Mar,1,Thursday,-43.727
2023-03-24,MSFT,Technology,154.7694,158.3146,154.3475,155.8829,3043928,-1.0671,167.7946,167.6785,1.5933,3.9671,2023,3,Mar,1,Friday,-44.3275
2023-03-27,MSFT,Technology,159.399,164.1064,159.04,160.1476,5297098,2.7358,166.8983,167.5173,1.7586,5.0664,2023,3,Mar,1,Monday,-42.8044
2023-03-28,MSFT,Technology,156.1805,156.2498,154.8524,155.3294,5532158,-3.0086,165.7111,167.4108,1.8238,1.3974,2023,3,Mar,1,Tuesday,-44.5252
2023-03-29,MSFT,Technology,157.6658,160.2457,157.6322,158.6657,1607514,2.1479,164.8284,167.4111,1.9177,2.6135,2023,3,Mar,1,Wednesday,-43.3337
2023-03-30,MSFT,Technology,158.5283,158.7932,157.9278,158.1755,2969228,-0.309,164.0061,167.3514,1.9151,0.8654,2023,3,Mar,1,Thursday,-43.5087
2023-03-31,MSFT,Technology,159.8518,161.6706,158.9837,160.4301,1928938,1.4254,163.2656,167.3085,1.9542,2.6869,2023,3,Mar,1,Friday,-42.7035
2023-04-03,MSFT,Technology,160.3618,161.0462,160.2239,160.7151,4263177,0.1776,162.4934,167.2813,1.9468,0.8223,2023,4,Apr,2,Monday,-42.6017
2023-04-04,MSFT,Technology,163.5758,165.7666,159.8644,163.7258,4112864,1.8733,162.0349,167.3137,1.9824,5.9022,2023,4,Apr,2,Tuesday,-41.5265
2023-04-05,MSFT,Technology,161.9953,163.0318,161.0868,162.7929,3291660,-0.5698,161.3796,167.3617,1.9269,1.945,2023,4,Apr,2,Wednesday,-41.8597
2023-04-06,MSFT,Technology,159.2169,161.8187,158.7508,160.0127,1677310,-1.7078,160.5005,167.3419,1.9222,3.0679,2023,4,Apr,2,Thursday,-42.8526
2023-04-07,MSFT,Technology,163.0329,164.0878,162.4338,163.7295,14275555,2.3228,160.258,167.3554,1.6938,1.654,2023,4,Apr,2,Friday,-41.5252
2023-04-10,MSFT,Technology,164.6758,166.7668,162.3954,163.5141,20438714,-0.1316,160.208,167.3645,1.6069,4.3714,2023,4,Apr,2,Monday,-41.6021
2023-04-11,MSFT,Technology,163.5655,167.3156,161.4305,164.1755,1427824,0.4045,160.2059,167.4528,1.6091,5.8851,2023,4,Apr,2,Tuesday,-41.3659
2023-04-12,MSFT,Technology,168.0549,168.2849,166.9071,167.5011,4988001,2.0256,160.4246,167.5583,1.6613,1.3778,2023,4,Apr,2,Wednesday,-40.1782
2023-04-13,MSFT,Technology,164.9364,165.7193,164.1465,164.8192,3613784,-1.6011,160.4904,167.6301,1.7062,1.5728,2023,4,Apr,2,Thursday,-41.136
2023-04-14,MSFT,Technology,167.7636,168.2681,165.5459,166.4719,13011080,1.0027,160.6822,167.6972,1.713,2.7222,2023,4,Apr,2,Friday,-40.5457
2023-04-17,MSFT,Technology,165.9068,168.7759,161.9427,164.984,4174244,-0.8938,161.0568,167.5859,1.551,6.8332,2023,4,Apr,2,Monday,-41.0771
2023-04-18,MSFT,Technology,164.6998,166.4188,164.2668,164.7176,5786551,-0.1615,161.463,167.4734,1.5423,2.152,2023,4,Apr,2,Tuesday,-41.1723
2023-04-19,MSFT,Technology,165.3422,166.2299,164.7014,164.9904,3282243,0.1656,161.9173,167.3431,1.5337,1.5285,2023,4,Apr,2,Wednesday,-41.0749
2023-04-20,MSFT,Technology,160.1355,161.1811,159.0775,161.1125,10897459,-2.3504,162.0947,167.1741,1.6306,2.1036,2023,4,Apr,2,Thursday,-42.4598
2023-04-21,MSFT,Technology,158.1392,161.3575,156.5476,159.1854,4378994,-1.1961,162.2598,166.955,1.6358,4.8099,2023,4,Apr,2,Friday,-43.1481
2023-04-24,MSFT,Technology,163.9742,166.3617,161.9272,162.7061,3613882,2.2117,162.3877,166.7796,1.5953,4.4345,2023,4,Apr,2,Monday,-41.8907
2023-04-25,MSFT,Technology,166.3515,166.721,164.3062,165.0945,2164529,1.4679,162.876,166.6395,1.4444,2.4148,2023,4,Apr,2,Tuesday,-41.0377
2023-04-26,MSFT,Technology,165.4073,167.7365,164.6274,165.0116,5848926,-0.0502,163.1933,166.5522,1.3798,3.1091,2023,4,Apr,2,Wednesday,-41.0673
2023-04-27,MSFT,Technology,165.0728,166.6191,164.8284,165.736,4052865,0.439,163.5713,166.4665,1.3752,1.7907,2023,4,Apr,2,Thursday,-40.8086
2023-04-28,MSFT,Technology,165.2298,167.4983,163.4505,165.0386,6962506,-0.4208,163.8017,166.2856,1.3534,4.0478,2023,4,Apr,2,Friday,-41.0576
2023-05-01,MSFT,Technology,169.9738,171.466,168.2197,168.7033,2748784,2.2205,164.2011,166.1513,1.4305,3.2463,2023,5,May,2,Monday,-39.7488
2023-05-02,MSFT,Technology,168.0428,170.4273,167.57,168.2469,4853762,-0.2705,164.4272,165.952,1.3822,2.8573,2023,5,May,2,Tuesday,-39.9118
2023-05-03,MSFT,Technology,169.0725,170.8419,167.7097,168.9551,3768742,0.4209,164.7353,165.7787,1.3729,3.1322,2023,5,May,2,Wednesday,-39.6589
2023-05-04,MSFT,Technology,170.9972,173.3638,170.1329,172.1376,3177307,1.8836,165.3415,165.6691,1.3455,3.2309,2023,5,May,2,Thursday,-38.5223
2023-05-05,MSFT,Technology,169.8535,172.222,166.8279,170.0827,3858981,-1.1938,165.6592,165.456,1.3068,5.3941,2023,5,May,2,Friday,-39.2562
2023-05-08,MSFT,Technology,173.2952,175.9199,171.5394,174.4097,2691543,2.5441,166.204,165.3827,1.4045,4.3805,2023,5,May,2,Monday,-37.7108
2023-05-09,MSFT,Technology,170.1174,171.5342,169.3456,170.2261,3704421,-2.3987,166.5065,165.2058,1.5311,2.1886,2023,5,May,2,Tuesday,-39.205
2023-05-10,MSFT,Technology,173.4161,174.9715,173.112,174.7497,3436707,2.6574,166.8689,165.1744,1.5767,1.8595,2023,5,May,2,Wednesday,-37.5894
2023-05-11,MSFT,Technology,172.759,175.0839,171.8754,173.7951,5548896,-0.5463,167.3177,165.1578,1.5294,3.2085,2023,5,May,2,Thursday,-37.9303
2023-05-12,MSFT,Technology,172.1933,175.0915,170.492,173.2071,6382026,-0.3383,167.6545,165.1172,1.5253,4.5995,2023,5,May,2,Friday,-38.1403
2023-05-15,MSFT,Technology,167.3998,170.4322,166.3009,168.0559,5871344,-2.974,167.8081,164.9551,1.6687,4.1313,2023,5,May,2,Monday,-39.98
2023-05-16,MSFT,Technology,167.0142,169.2197,166.3198,166.917,8167838,-0.6777,167.9181,164.8356,1.677,2.8999,2023,5,May,2,Tuesday,-40.3868
2023-05-17,MSFT,Technology,165.5344,165.8956,162.2807,164.2235,11537133,-1.6137,167.8797,164.6021,1.7189,3.6149,2023,5,May,2,Wednesday,-41.3487
2023-05-18,MSFT,Technology,161.9936,162.8949,159.7949,162.709,7142223,-0.9222,167.9595,164.3043,1.6445,3.1,2023,5,May,2,Thursday,-41.8896
2023-05-19,MSFT,Technology,162.0906,162.7301,160.2725,162.4328,2337996,-0.1698,168.1219,164.1814,1.619,2.4576,2023,5,May,2,Friday,-41.9883
2023-05-22,MSFT,Technology,165.892,167.4633,162.928,165.0033,8336654,1.5825,168.2368,164.1912,1.5818,4.5353,2023,5,May,2,Monday,-41.0702
2023-05-23,MSFT,Technology,164.4105,166.3407,164.3607,165.6339,8630829,0.3822,168.2637,164.2195,1.55,1.98,2023,5,May,2,Tuesday,-40.845
2023-05-24,MSFT,Technology,166.261,169.3186,166.2138,166.5321,1848787,0.5423,168.3398,164.2876,1.5541,3.1048,2023,5,May,2,Wednesday,-40.5242
2023-05-25,MSFT,Technology,172.6829,174.626,172.4382,173.6882,1173136,4.2971,168.7374,164.4913,1.8206,2.1878,2023,5,May,2,Thursday,-37.9685
2023-05-26,MSFT,Technology,171.0633,172.4032,168.6336,171.3275,5259072,-1.3592,169.0518,164.6652,1.8506,3.7696,2023,5,May,2,Friday,-38.8116
2023-05-29,MSFT,Technology,177.2114,177.8739,176.0124,176.3439,3198494,2.928,169.4339,165.0422,1.8974,1.8615,2023,5,May,2,Monday,-37.02
2023-05-30,MSFT,Technology,173.9025,175.8761,173.6103,174.3577,4096710,-1.1263,169.7394,165.3975,1.919,2.2658,2023,5,May,2,Tuesday,-37.7294
2023-05-31,MSFT,Technology,179.5487,180.2451,177.2713,179.0652,5419955,2.6999,170.2449,165.8607,1.9991,2.9738,2023,5,May,2,Wednesday,-36.0481
2023-06-01,MSFT,Technology,177.3879,178.6912,175.871,178.4584,4718965,-0.3389,170.5609,166.2785,1.9685,2.8202,2023,6,Jun,2,Thursday,-36.2649
2023-06-02,MSFT,Technology,178.0597,179.422,177.0993,178.5541,5434490,0.0536,170.9845,166.732,1.9417,2.3227,2023,6,Jun,2,Friday,-36.2307
2023-06-05,MSFT,Technology,182.6808,183.0496,180.397,181.7013,3766408,1.7626,171.3491,167.163,1.9007,2.6526,2023,6,Jun,2,Monday,-35.1067
2023-06-06,MSFT,Technology,184.7158,186.745,184.5631,185.4898,1572105,2.085,172.1123,167.7663,1.8388,2.1819,2023,6,Jun,2,Tuesday,-33.7536
2023-06-07,MSFT,Technology,185.4326,186.6767,183.2942,185.2537,9856869,-0.1273,172.6375,168.298,1.7665,3.3825,2023,6,Jun,2,Wednesday,-33.838
2023-06-08,MSFT,Technology,184.3359,186.976,182.2491,184.1955,7353223,-0.5712,173.1575,168.8184,1.7672,4.7269,2023,6,Jun,2,Thursday,-34.2159
2023-06-09,MSFT,Technology,182.8992,184.553,182.3045,184.1228,9294346,-0.0395,173.7033,169.2923,1.7627,2.2485,2023,6,Jun,2,Friday,-34.2419
2023-06-12,MSFT,Technology,185.807,185.8081,184.3198,185.2105,8956649,0.5907,174.561,169.7822,1.5831,1.4883,2023,6,Jun,2,Monday,-33.8534
2023-06-13,MSFT,Technology,187.6576,189.8038,187.0161,187.9444,5347354,1.4761,175.6124,170.2665,1.5721,2.7877,2023,6,Jun,2,Tuesday,-32.877
2023-06-14,MSFT,Technology,189.523,190.4983,186.973,188.0511,7494992,0.0568,176.8038,170.7717,1.4901,3.5253,2023,6,Jun,2,Wednesday,-32.8389
2023-06-15,MSFT,Technology,191.0093,191.3999,189.8285,190.0072,11901381,1.0402,178.1687,171.3716,1.4422,1.5714,2023,6,Jun,2,Thursday,-32.1403
2023-06-16,MSFT,Technology,194.9733,196.605,193.7052,195.083,14326151,2.6714,179.8012,171.9987,1.4822,2.8998,2023,6,Jun,2,Friday,-30.3275
2023-06-19,MSFT,Technology,195.3924,201.4609,193.9861,196.3707,4829527,0.6601,181.3696,172.6558,1.4752,7.4748,2023,6,Jun,2,Monday,-29.8676
2023-06-20,MSFT,Technology,197.9656,199.2216,196.9143,197.4481,3718489,0.5487,182.9603,173.3213,1.4727,2.3073,2023,6,Jun,2,Tuesday,-29.4828
2023-06-21,MSFT,Technology,192.7493,192.9169,192.165,192.7483,2792781,-2.3803,184.2711,173.8262,1.6443,0.7519,2023,6,Jun,2,Wednesday,-31.1613
2023-06-22,MSFT,Technology,185.4596,185.6666,182.2883,184.7316,6827657,-4.1592,184.8232,174.2244,1.7659,3.3783,2023,6,Jun,2,Thursday,-34.0244
2023-06-23,MSFT,Technology,187.2116,188.7194,184.1682,185.9719,5241341,0.6714,185.5555,174.6144,1.7219,4.5512,2023,6,Jun,2,Friday,-33.5815
2023-06-26,MSFT,Technology,186.3033,187.8436,183.419,185.7827,3761673,-0.1017,186.0274,175.0304,1.6204,4.4246,2023,6,Jun,2,Monday,-33.649
2023-06-27,MSFT,Technology,184.4099,185.1452,183.2338,184.3454,7994867,-0.7736,186.5268,175.423,1.6062,1.9114,2023,6,Jun,2,Tuesday,-34.1624
2023-06-28,MSFT,Technology,184.1981,186.9677,182.919,185.1559,5447585,0.4397,186.8313,175.8263,1.5041,4.0487,2023,6,Jun,2,Wednesday,-33.8729
2023-06-29,MSFT,Technology,184.5371,186.5876,183.7089,185.0695,2363759,-0.0467,187.1619,176.3054,1.5002,2.8787,2023,6,Jun,2,Thursday,-33.9037
2023-06-30,MSFT,Technology,187.6305,190.2257,186.2099,188.5015,3801668,1.8544,187.6592,176.8918,1.5448,4.0158,2023,6,Jun,2,Friday,-32.678
2023-07-03,MSFT,Technology,190.07,192.2386,187.9802,188.8555,1926359,0.1878,188.017,177.4147,1.505,4.2584,2023,7,Jul,3,Monday,-32.5516
2023-07-04,MSFT,Technology,187.4231,188.2421,186.6053,186.693,6250779,-1.1451,188.0771,177.8467,1.4654,1.6368,2023,7,Jul,3,Tuesday,-33.3239
2023-07-05,MSFT,Technology,190.8401,192.6275,189.4006,189.744,5356901,1.6342,188.3016,178.3414,1.507,3.2269,2023,7,Jul,3,Wednesday,-32.2343
2023-07-06,MSFT,Technology,189.6356,192.5968,188.9567,189.1797,8096247,-0.2974,188.5508,178.8102,1.5015,3.6401,2023,7,Jul,3,Thursday,-32.4358
2023-07-07,MSFT,Technology,192.0932,192.2084,188.3349,190.8681,2207031,0.8925,188.8881,179.3268,1.5099,3.8735,2023,7,Jul,3,Friday,-31.8328
2023-07-10,MSFT,Technology,190.9718,192.4393,189.0238,189.5055,5300107,-0.7139,189.1029,179.7429,1.5199,3.4155,2023,7,Jul,3,Monday,-32.3195
2023-07-11,MSFT,Technology,187.1095,188.4599,186.8788,187.63,4892352,-0.9897,189.0871,180.1305,1.5045,1.5811,2023,7,Jul,3,Tuesday,-32.9893
2023-07-12,MSFT,Technology,187.4732,188.6001,185.0161,187.9764,4043142,0.1846,189.0834,180.511,1.505,3.584,2023,7,Jul,3,Wednesday,-32.8656
2023-07-13,MSFT,Technology,187.0999,188.3366,184.1457,188.109,3674657,0.0705,188.9885,180.8304,1.4855,4.1909,2023,7,Jul,3,Thursday,-32.8182
2023-07-14,MSFT,Technology,189.9258,191.479,188.4028,189.6472,7523948,0.8177,188.7167,181.2217,1.36,3.0762,2023,7,Jul,3,Friday,-32.2689
2023-07-17,MSFT,Technology,189.5808,190.0023,185.8237,188.9269,4187289,-0.3798,188.3445,181.512,1.348,4.1786,2023,7,Jul,3,Monday,-32.5261
2023-07-18,MSFT,Technology,183.8269,183.9874,183.4674,183.4703,10760420,-2.8882,187.6456,181.7769,1.4637,0.52,2023,7,Jul,3,Tuesday,-34.4749
2023-07-19,MSFT,Technology,181.8761,183.5487,179.9168,182.2917,7277477,-0.6424,187.1228,181.9277,1.3868,3.6319,2023,7,Jul,3,Wednesday,-34.8958
2023-07-20,MSFT,Technology,184.2322,185.2746,183.728,184.6981,10586453,1.3201,187.1211,182.1458,1.0866,1.5466,2023,7,Jul,3,Thursday,-34.0364
2023-07-21,MSFT,Technology,185.0382,187.6366,179.8126,183.9117,10789820,-0.4258,187.0181,182.3599,1.0789,7.824,2023,7,Jul,3,Friday,-34.3172
2023-07-24,MSFT,Technology,184.6413,185.3459,183.2063,183.9117,7175420,0.0,186.9246,182.677,1.0788,2.1396,2023,7,Jul,3,Monday,-34.3172
2023-07-25,MSFT,Technology,186.6052,187.9581,186.2042,186.2628,7317538,1.2784,187.0204,183.0639,1.1032,1.7539,2023,7,Jul,3,Tuesday,-33.4776
2023-07-26,MSFT,Technology,183.679,185.4514,182.4009,184.2341,3899158,-1.0892,186.9743,183.4641,1.128,3.0505,2023,7,Jul,3,Wednesday,-34.2021
2023-07-27,MSFT,Technology,178.5483,180.2693,177.7795,179.7784,6963757,-2.4185,186.7098,183.8055,1.2493,2.4898,2023,7,Jul,3,Thursday,-35.7934
2023-07-28,MSFT,Technology,179.9175,180.1203,176.9558,179.4062,3400860,-0.207,186.255,184.145,1.158,3.1645,2023,7,Jul,3,Friday,-35.9264
2023-07-31,MSFT,Technology,177.6615,179.1588,175.8372,178.1061,4003709,-0.7247,185.7175,184.407,1.1582,3.3216,2023,7,Jul,3,Monday,-36.3907
2023-08-01,MSFT,Technology,174.1253,175.6419,171.9517,175.4417,5868189,-1.496,185.155,184.6032,1.1744,3.6902,2023,8,Aug,3,Tuesday,-37.3422
2023-08-02,MSFT,Technology,175.1418,176.9577,174.1168,175.0371,3409498,-0.2306,184.4196,184.7733,1.0829,2.8409,2023,8,Aug,3,Wednesday,-37.4867
2023-08-03,MSFT,Technology,177.7836,177.9169,176.128,176.5011,4829527,0.8364,183.7857,184.8296,1.1175,1.7889,2023,8,Aug,3,Thursday,-36.9639
2023-08-04,MSFT,Technology,176.7158,177.2787,176.2165,176.5631,7107101,0.0351,183.0705,184.9343,1.0837,1.0622,2023,8,Aug,3,Friday,-36.9417
2023-08-07,MSFT,Technology,177.639,177.8127,175.8949,177.5186,5223537,0.5412,182.4711,184.9578,1.0997,1.9178,2023,8,Aug,3,Monday,-36.6005
2023-08-08,MSFT,Technology,181.2983,183.7906,180.9649,182.758,6832762,2.9515,182.2275,185.1258,1.3071,2.8257,2023,8,Aug,3,Tuesday,-34.7293
2023-08-09,MSFT,Technology,180.621,183.4485,178.9721,181.8468,5956003,-0.4986,181.921,185.1814,1.3075,4.4764,2023,8,Aug,3,Wednesday,-35.0547
2023-08-10,MSFT,Technology,183.4375,183.9415,180.0108,182.7476,2781012,0.4954,181.653,185.2672,1.3148,3.9307,2023,8,Aug,3,Thursday,-34.733
2023-08-11,MSFT,Technology,182.0512,182.566,179.8398,181.35,2655966,-0.7648,181.2381,185.3231,1.302,2.7262,2023,8,Aug,3,Friday,-35.2321
2023-08-14,MSFT,Technology,178.0063,180.0758,177.4544,178.9849,2321107,-1.3042,180.741,185.2688,1.3243,2.6214,2023,8,Aug,3,Monday,-36.0768
2023-08-15,MSFT,Technology,178.1043,178.7475,176.616,177.3994,4209689,-0.8858,180.4375,185.107,1.1835,2.1315,2023,8,Aug,3,Tuesday,-36.6431
2023-08-16,MSFT,Technology,177.2333,177.8847,174.3924,176.1291,4516997,-0.7161,180.1293,184.9245,1.1852,3.4923,2023,8,Aug,3,Wednesday,-37.0967
2023-08-17,MSFT,Technology,177.8352,178.9302,175.5688,177.2302,10574936,0.6252,179.7559,184.7852,1.149,3.3614,2023,8,Aug,3,Thursday,-36.7035
2023-08-18,MSFT,Technology,183.34,185.1919,182.9677,183.9801,5081289,3.8085,179.7593,184.7823,1.4546,2.2242,2023,8,Aug,3,Friday,-34.2928
2023-08-21,MSFT,Technology,182.5721,185.2165,180.7965,181.9643,2817523,-1.0957,179.662,184.7174,1.4756,4.42,2023,8,Aug,3,Monday,-35.0127
2023-08-22,MSFT,Technology,180.3626,180.8835,180.3312,180.8423,1213220,-0.6166,179.391,184.5754,1.4468,0.5523,2023,8,Aug,3,Tuesday,-35.4135
2023-08-23,MSFT,Technology,179.3932,182.4268,179.3692,180.7501,7036424,-0.051,179.2168,184.4293,1.4294,3.0576,2023,8,Aug,3,Wednesday,-35.4464
2023-08-24,MSFT,Technology,181.5248,183.9179,178.3085,181.9851,4169987,0.6833,179.3271,184.2689,1.3277,5.6094,2023,8,Aug,3,Thursday,-35.0053
2023-08-25,MSFT,Technology,183.2889,185.385,181.7127,182.8435,3235145,0.4717,179.499,184.0241,1.3289,3.6723,2023,8,Aug,3,Friday,-34.6987
2023-08-28,MSFT,Technology,185.311,187.763,184.7963,186.6915,5856030,2.1045,179.9282,183.8305,1.3855,2.9667,2023,8,Aug,3,Monday,-33.3245
2023-08-29,MSFT,Technology,180.5556,181.3686,179.3094,179.5371,3159546,-3.8322,180.133,183.4723,1.6188,2.0592,2023,8,Aug,3,Tuesday,-35.8796
2023-08-30,MSFT,Technology,172.0236,175.0866,171.8737,172.7702,1895978,-3.7691,180.0197,183.0727,1.8385,3.2129,2023,8,Aug,3,Wednesday,-38.2964
2023-08-31,MSFT,Technology,171.1597,172.7068,168.9929,171.4858,3682375,-0.7434,179.7689,182.8078,1.8324,3.7139,2023,8,Aug,3,Thursday,-38.7551
2023-09-01,MSFT,Technology,174.4472,175.5756,171.7624,174.5823,2554547,1.8057,179.6698,182.58,1.8828,3.8132,2023,9,Sep,3,Friday,-37.6492
2023-09-04,MSFT,Technology,171.3222,171.8612,170.0823,170.2962,2730152,-2.4551,179.3087,182.2703,1.9521,1.7789,2023,9,Sep,3,Monday,-39.1799
2023-09-05,MSFT,Technology,162.4606,163.6684,160.2045,162.1863,5511801,-4.7622,178.2801,181.8271,2.058,3.4639,2023,9,Sep,3,Tuesday,-42.0763
2023-09-06,MSFT,Technology,163.5911,165.1291,163.5111,163.7496,3438509,0.9639,177.3753,181.399,2.0867,1.618,2023,9,Sep,3,Wednesday,-41.518
2023-09-07,MSFT,Technology,165.3139,166.7916,163.9603,164.4699,2973154,0.4399,176.4614,180.987,2.0853,2.8313,2023,9,Sep,3,Thursday,-41.2607
2023-09-08,MSFT,Technology,160.425,161.7043,159.0242,161.6832,2919018,-1.6944,175.4781,180.4506,2.1017,2.6801,2023,9,Sep,3,Friday,-42.256
2023-09-11,MSFT,Technology,159.954,160.0052,156.805,159.2145,2036926,-1.5269,174.4895,179.8578,2.1065,3.2002,2023,9,Sep,3,Monday,-43.1377
2023-09-12,MSFT,Technology,156.1497,158.8102,155.7748,156.8238,4180018,-1.5016,173.4608,179.2604,2.1159,3.0354,2023,9,Sep,3,Tuesday,-43.9915
2023-09-13,MSFT,Technology,156.0613,159.0348,154.7755,157.1796,2657945,0.2269,172.5133,178.6091,2.1235,4.2593,2023,9,Sep,3,Wednesday,-43.8644
2023-09-14,MSFT,Technology,154.4586,157.39,151.6041,155.683,12719915,-0.9522,171.4359,177.9392,2.107,5.7859,2023,9,Sep,3,Thursday,-44.3989
2023-09-15,MSFT,Technology,157.3778,159.362,155.4693,156.9916,14721478,0.8406,170.0865,177.2617,1.8694,3.8927,2023,9,Sep,3,Friday,-43.9316
2023-09-18,MSFT,Technology,150.8298,153.062,149.3281,149.8996,2604246,-4.5174,168.4833,176.4696,2.0485,3.7339,2023,9,Sep,3,Monday,-46.4644
2023-09-19,MSFT,Technology,147.4855,149.2045,147.1183,147.9195,10178008,-1.321,166.8371,175.6753,2.0486,2.0862,2023,9,Sep,3,Tuesday,-47.1716
2023-09-20,MSFT,Technology,145.1925,145.348,143.7981,145.3284,4919955,-1.7517,165.066,174.8224,2.0433,1.5499,2023,9,Sep,3,Wednesday,-48.097
2023-09-21,MSFT,Technology,145.2824,147.2518,144.7274,144.805,5506570,-0.3601,163.207,173.9563,2.0094,2.5244,2023,9,Sep,3,Thursday,-48.2839
2023-09-22,MSFT,Technology,142.99,144.7392,142.0371,143.6308,3645932,-0.8109,161.2464,173.036,1.9762,2.7021,2023,9,Sep,3,Friday,-48.7033
2023-09-25,MSFT,Technology,144.4747,146.0677,142.9792,145.5362,8426324,1.3266,159.1886,172.1682,1.9149,3.0885,2023,9,Sep,3,Monday,-48.0228
2023-09-26,MSFT,Technology,141.0825,141.3034,140.3688,141.2793,5133055,-2.925,157.2757,171.3243,1.8597,0.9346,2023,9,Sep,3,Tuesday,-49.5431
2023-09-27,MSFT,Technology,140.3265,142.3486,139.0605,141.4528,12096911,0.1228,155.7099,170.5076,1.7756,3.2881,2023,9,Sep,3,Wednesday,-49.4811
2023-09-28,MSFT,Technology,143.2717,144.4874,142.0962,142.7872,6413031,0.9434,154.2749,169.6693,1.8267,2.3912,2023,9,Sep,3,Thursday,-49.0046
2023-09-29,MSFT,Technology,147.8576,148.4522,145.4452,147.1003,2709309,3.0206,152.9008,168.9331,1.9381,3.007,2023,9,Sep,3,Friday,-47.4642
2023-10-02,MSFT,Technology,145.1564,147.0214,142.0745,146.0399,5814615,-0.7209,151.688,168.1757,1.9002,4.9469,2023,10,Oct,4,Monday,-47.8429
2023-10-03,MSFT,Technology,146.5405,149.4898,146.0677,146.8711,7307564,0.5692,150.9223,167.3878,1.6671,3.4221,2023,10,Oct,4,Tuesday,-47.546
2023-10-04,MSFT,Technology,141.9382,143.01,140.7926,142.7055,4236602,-2.8362,149.8701,166.5573,1.7097,2.2174,2023,10,Oct,4,Wednesday,-49.0337
2023-10-05,MSFT,Technology,137.5899,137.882,137.1606,137.3154,5392204,-3.7771,148.5123,165.708,1.8218,0.7214,2023,10,Oct,4,Thursday,-50.9588
2023-10-06,MSFT,Technology,138.2534,139.9533,138.1717,139.24,8115881,1.4016,147.3902,164.9047,1.8798,1.7816,2023,10,Oct,4,Friday,-50.2714
2023-10-09,MSFT,Technology,139.6747,139.9853,139.0028,139.2973,3394671,0.0412,146.3943,164.1285,1.8774,0.9825,2023,10,Oct,4,Monday,-50.251
2023-10-10,MSFT,Technology,141.9219,142.4324,141.4638,141.9935,5215846,1.9356,145.6528,163.4596,1.9511,0.9686,2023,10,Oct,4,Tuesday,-49.288
2023-10-11,MSFT,Technology,138.4439,139.0308,137.9369,138.9443,2973146,-2.1474,144.741,162.7377,1.9781,1.0939,2023,10,Oct,4,Wednesday,-50.377
2023-10-12,MSFT,Technology,141.0798,141.552,138.8136,140.1696,5143885,0.8819,143.9654,162.0111,2.003,2.7384,2023,10,Oct,4,Thursday,-49.9394
2023-10-13,MSFT,Technology,145.4055,146.342,143.3902,144.4309,3159254,3.0401,143.3373,161.3684,2.1367,2.9518,2023,10,Oct,4,Friday,-48.4175
2023-10-16,MSFT,Technology,144.8003,146.2189,143.5898,145.473,7091137,0.7215,143.116,160.7275,1.9141,2.6291,2023,10,Oct,4,Monday,-48.0454
2023-10-17,MSFT,Technology,146.046,146.9726,145.2683,146.1895,10222787,0.4925,143.0295,159.9961,1.8977,1.7043,2023,10,Oct,4,Tuesday,-47.7895
2023-10-18,MSFT,Technology,147.0752,147.3429,144.8889,146.2826,7020271,0.0637,143.0772,159.2849,1.8546,2.454,2023,10,Oct,4,Wednesday,-47.7562
2023-10-19,MSFT,Technology,142.1632,143.5042,141.7645,142.6791,3235426,-2.4634,142.9709,158.4835,1.9368,1.7397,2023,10,Oct,4,Thursday,-49.0432
2023-10-20,MSFT,Technology,145.7408,146.6382,144.622,145.845,8787067,2.2189,143.0816,157.7734,1.9923,2.0162,2023,10,Oct,4,Friday,-47.9125
2023-10-23,MSFT,Technology,143.5579,144.6382,142.6586,144.4925,9585335,-0.9274,143.0294,157.0835,1.9828,1.9796,2023,10,Oct,4,Monday,-48.3955
2023-10-24,MSFT,Technology,145.1653,146.5371,145.0855,145.731,5072458,0.8571,143.252,156.4502,1.8679,1.4516,2023,10,Oct,4,Tuesday,-47.9532
2023-10-25,MSFT,Technology,142.9314,145.2898,141.2651,142.1594,7062175,-2.4508,143.2874,155.7708,1.9579,4.0247,2023,10,Oct,4,Wednesday,-49.2288
2023-10-26,MSFT,Technology,140.1555,141.3693,136.9525,139.5477,3838050,-1.8372,143.1254,155.0171,1.9891,4.4168,2023,10,Oct,4,Thursday,-50.1615
2023-10-27,MSFT,Technology,142.7219,142.8277,141.6071,142.8217,6116011,2.3462,142.9114,154.194,1.9386,1.2206,2023,10,Oct,4,Friday,-48.9922
2023-10-30,MSFT,Technology,141.896,142.619,141.3372,142.0995,2467178,-0.5057,142.7144,153.3967,1.9357,1.2818,2023,10,Oct,4,Monday,-49.2502
2023-10-31,MSFT,Technology,146.234,146.3955,143.6738,145.4747,3821524,2.3752,142.6446,152.6893,2.0102,2.7217,2023,10,Oct,4,Tuesday,-48.0447
2023-11-01,MSFT,Technology,151.5283,152.8866,150.6482,151.1843,4328193,3.9248,143.0686,152.098,2.0804,2.2384,2023,11,Nov,4,Wednesday,-46.0056
2023-11-02,MSFT,Technology,147.4959,147.8247,146.2278,146.8044,4089621,-2.8971,143.543,151.3944,1.9971,1.5969,2023,11,Nov,4,Thursday,-47.5699
2023-11-03,MSFT,Technology,150.1007,151.2088,147.8697,148.9732,4723757,1.4773,144.0297,150.717,1.9992,3.3391,2023,11,Nov,4,Friday,-46.7953
2023-11-06,MSFT,Technology,148.1318,149.2815,146.9047,147.6416,2186604,-0.8939,144.4469,149.936,2.0179,2.3768,2023,11,Nov,4,Monday,-47.2709
2023-11-07,MSFT,Technology,148.7314,150.6021,145.4095,149.3659,2975589,1.1679,144.8155,149.3326,1.9925,5.1926,2023,11,Nov,4,Tuesday,-46.655
2023-11-08,MSFT,Technology,149.8161,149.832,149.091,149.5009,3704714,0.0904,145.3433,148.8672,1.9106,0.741,2023,11,Nov,4,Wednesday,-46.6068
2023-11-09,MSFT,Technology,146.0494,148.3416,143.5714,145.8845,2362799,-2.419,145.6291,148.3551,2.0055,4.7702,2023,11,Nov,4,Thursday,-47.8984
2023-11-10,MSFT,Technology,146.8858,147.9488,145.748,146.3409,6831757,0.3129,145.7246,147.7903,1.8932,2.2008,2023,11,Nov,4,Friday,-47.7354
2023-11-13,MSFT,Technology,151.763,153.491,151.2577,151.5564,1582019,3.5639,146.0287,147.4155,2.0443,2.2333,2023,11,Nov,4,Monday,-45.8727
2023-11-14,MSFT,Technology,152.3723,153.2772,151.8097,152.8276,5851296,0.8388,146.3606,147.2283,2.0482,1.4675,2023,11,Nov,4,Tuesday,-45.4187
2023-11-15,MSFT,Technology,153.1563,153.9843,152.5536,152.7634,8659702,-0.042,146.6847,147.0086,2.0488,1.4307,2023,11,Nov,4,Wednesday,-45.4416
2023-11-16,MSFT,Technology,155.6817,155.7181,154.9317,155.4682,4398381,1.7706,147.3241,146.8286,1.9724,0.7864,2023,11,Nov,4,Thursday,-44.4756
2023-11-17,MSFT,Technology,156.2816,157.951,155.4267,156.0699,4693499,0.387,147.8354,146.7163,1.9279,2.5243,2023,11,Nov,4,Friday,-44.2607
2023-11-20,MSFT,Technology,157.4262,159.014,156.1214,156.6712,11707397,0.3853,148.4443,146.6655,1.9041,2.8926,2023,11,Nov,4,Monday,-44.046
2023-11-21,MSFT,Technology,154.6795,154.7242,151.6205,154.0131,4990498,-1.6966,148.8584,146.6092,1.9583,3.1037,2023,11,Nov,4,Tuesday,-44.9953
2023-11-22,MSFT,Technology,155.8387,157.0394,152.5288,154.6664,8132703,0.4242,149.4838,146.559,1.8486,4.5106,2023,11,Nov,4,Wednesday,-44.762
2023-11-23,MSFT,Technology,156.6572,158.4692,156.5102,157.3061,2629102,1.7067,150.3717,146.5914,1.7878,1.959,2023,11,Nov,4,Thursday,-43.8192
2023-11-24,MSFT,Technology,154.7587,156.3723,154.3903,155.2804,2622075,-1.2877,150.9946,146.5572,1.7873,1.982,2023,11,Nov,4,Friday,-44.5427
2023-11-27,MSFT,Technology,157.6267,160.0705,157.1618,158.8972,6433851,2.3292,151.8345,146.7372,1.821,2.9087,2023,11,Nov,4,Monday,-43.251
2023-11-28,MSFT,Technology,159.4506,159.9073,158.6382,158.7435,10491733,-0.0967,152.498,146.9536,1.7758,1.2691,2023,11,Nov,4,Tuesday,-43.3059
2023-11-29,MSFT,Technology,155.4747,157.8613,154.9242,156.5681,4760168,-1.3704,152.7671,147.1784,1.6186,2.9371,2023,11,Nov,4,Wednesday,-44.0828
2023-11-30,MSFT,Technology,159.2448,160.0746,158.6819,159.1455,8104814,1.6462,153.3842,147.4652,1.4753,1.3927,2023,11,Nov,4,Thursday,-43.1623
2023-12-01,MSFT,Technology,158.1751,160.2158,157.552,158.4948,4458879,-0.4089,153.8603,147.7625,1.4641,2.6638,2023,12,Dec,4,Friday,-43.3947
2023-12-04,MSFT,Technology,160.0403,160.7926,157.923,160.5001,6656744,1.2652,154.5032,148.0618,1.4494,2.8696,2023,12,Dec,4,Monday,-42.6785
2023-12-05,MSFT,Technology,159.5369,160.9315,157.8072,159.8311,3959631,-0.4168,155.0265,148.4328,1.4501,3.1243,2023,12,Dec,4,Tuesday,-42.9175
2023-12-06,MSFT,Technology,160.941,161.2172,158.4589,159.758,1562453,-0.0457,155.5393,148.7989,1.4517,2.7583,2023,12,Dec,4,Wednesday,-42.9436
2023-12-07,MSFT,Technology,160.7469,161.5615,160.5727,161.0995,4247459,0.8397,156.3001,149.1652,1.3005,0.9888,2023,12,Dec,4,Thursday,-42.4645
2023-12-08,MSFT,Technology,161.7646,162.6001,161.1174,161.9299,4843436,0.5155,157.0795,149.4618,1.2997,1.4827,2023,12,Dec,4,Friday,-42.1679
2023-12-11,MSFT,Technology,156.3349,158.6157,154.5992,156.8407,7848341,-3.1428,157.3437,149.6778,1.3364,4.0165,2023,12,Dec,4,Monday,-43.9855
2023-12-12,MSFT,Technology,153.4545,154.6475,152.7204,154.1054,5085750,-1.744,157.4076,149.8225,1.393,1.9271,2023,12,Dec,4,Tuesday,-44.9624
2023-12-13,MSFT,Technology,156.1356,157.395,155.7941,156.4741,8121585,1.5371,157.5932,150.0979,1.4317,1.6009,2023,12,Dec,4,Wednesday,-44.1164
2023-12-14,MSFT,Technology,155.8091,156.8711,154.2531,156.2215,8845133,-0.1614,157.6308,150.476,1.3794,2.618,2023,12,Dec,4,Thursday,-44.2066
2023-12-15,MSFT,Technology,154.4687,156.4531,153.6029,154.9905,5320279,-0.788,157.5769,150.791,1.3885,2.8502,2023,12,Dec,4,Friday,-44.6462
2023-12-18,MSFT,Technology,150.9497,152.4965,150.7806,151.699,10651527,-2.1237,157.3282,151.039,1.4609,1.7159,2023,12,Dec,4,Monday,-45.8218
2023-12-19,MSFT,Technology,148.5696,150.5043,147.5557,149.1541,3927275,-1.6776,157.0853,151.1822,1.4598,2.9486,2023,12,Dec,4,Tuesday,-46.7307
2023-12-20,MSFT,Technology,143.6505,146.7964,142.503,144.4037,20905372,-3.1849,156.5722,151.2914,1.6013,4.2934,2023,12,Dec,4,Wednesday,-48.4272
2023-12-21,MSFT,Technology,143.8112,144.5861,142.6143,144.2419,3171467,-0.112,155.919,151.3729,1.5296,1.9718,2023,12,Dec,4,Thursday,-48.485
2023-12-22,MSFT,Technology,143.782,144.1071,142.0714,142.9329,1781570,-0.9075,155.3016,151.3429,1.5206,2.0357,2023,12,Dec,4,Friday,-48.9525
2023-12-25,MSFT,Technology,139.9509,141.6432,139.1589,140.7939,17438024,-1.4965,154.3964,151.2493,1.3943,2.4843,2023,12,Dec,4,Monday,-49.7165
2023-12-26,MSFT,Technology,140.0421,142.2949,139.7854,140.7108,3264463,-0.059,153.4948,151.1398,1.395,2.5095,2023,12,Dec,4,Tuesday,-49.7461
2023-12-27,MSFT,Technology,141.7094,141.9261,140.5154,141.6006,6967181,0.6324,152.7464,151.0461,1.408,1.4107,2023,12,Dec,4,Wednesday,-49.4284
2023-12-28,MSFT,Technology,146.7162,147.2697,145.499,146.4138,2089981,3.3991,152.1098,151.1208,1.5908,1.7707,2023,12,Dec,4,Thursday,-47.7094
2023-12-29,MSFT,Technology,143.3327,144.3866,142.4437,142.9452,2520417,-2.369,151.3323,151.0628,1.6503,1.9429,2023,12,Dec,4,Friday,-48.9481
2024-01-01,MSFT,Technology,146.6314,148.1098,143.5863,145.6683,4060608,1.905,150.5907,151.0863,1.6921,4.5235,2024,1,Jan,1,Monday,-47.9756
2024-01-02,MSFT,Technology,149.1483,149.8629,146.5071,148.0092,6392620,1.607,149.9996,151.1319,1.7548,3.3558,2024,1,Jan,1,Tuesday,-47.1396
2024-01-03,MSFT,Technology,145.2685,146.9029,144.4543,146.2382,9603610,-1.1965,149.3237,151.2135,1.7625,2.4486,2024,1,Jan,1,Wednesday,-47.7721
2024-01-04,MSFT,Technology,147.2472,149.102,145.8925,146.7868,4290618,0.3751,148.608,151.3583,1.7479,3.2095,2024,1,Jan,1,Thursday,-47.5761
2024-01-05,MSFT,Technology,144.7816,146.4735,141.8188,145.7854,5173829,-0.6822,147.8008,151.4175,1.7336,4.6547,2024,1,Jan,1,Friday,-47.9338
2024-01-08,MSFT,Technology,146.1099,148.2815,145.7024,146.2914,4816148,0.3471,147.2733,151.5014,1.6269,2.5791,2024,1,Jan,1,Monday,-47.7531
2024-01-09,MSFT,Technology,149.5026,150.9708,147.4155,149.8969,4530145,2.4646,147.0629,151.5898,1.7054,3.5553,2024,1,Jan,1,Tuesday,-46.4654
2024-01-10,MSFT,Technology,150.2565,152.8383,150.2327,151.4243,3347530,1.019,146.8104,151.5946,1.6826,2.6056,2024,1,Jan,1,Wednesday,-45.9199
2024-01-11,MSFT,Technology,153.8795,154.4282,152.4852,152.7323,6672950,0.8638,146.636,151.7132,1.6978,1.943,2024,1,Jan,1,Thursday,-45.4527
2024-01-12,MSFT,Technology,152.5862,153.3885,149.8869,151.7571,9366249,-0.6385,146.4743,151.7688,1.6949,3.5016,2024,1,Jan,1,Friday,-45.801
2024-01-15,MSFT,Technology,151.6293,153.3736,150.9554,152.7823,7757535,0.6756,146.5285,151.8717,1.6327,2.4182,2024,1,Jan,1,Monday,-45.4349
2024-01-16,MSFT,Technology,151.654,153.5854,151.0243,152.349,2997597,-0.2836,146.6882,151.9313,1.5842,2.5611,2024,1,Jan,1,Tuesday,-45.5896
2024-01-17,MSFT,Technology,155.1637,159.4115,153.6778,155.3664,2299039,1.9806,147.2363,152.0486,1.4311,5.7337,2024,1,Jan,1,Wednesday,-44.512
2024-01-18,MSFT,Technology,151.1593,153.5482,150.6847,151.6478,6688093,-2.3934,147.6066,152.1639,1.5574,2.8635,2024,1,Jan,1,Thursday,-45.8401
2024-01-19,MSFT,Technology,150.0174,151.3322,149.1457,149.1636,3063378,-1.6381,147.9182,152.2204,1.5944,2.1865,2024,1,Jan,1,Friday,-46.7273
2024-01-22,MSFT,Technology,149.3989,150.3221,149.2695,149.5395,8718857,0.252,148.3554,152.18,1.5421,1.0526,2024,1,Jan,1,Monday,-46.593
2024-01-23,MSFT,Technology,147.8341,149.2689,146.6929,147.2584,10161836,-1.5254,148.6828,152.0686,1.5946,2.576,2024,1,Jan,1,Tuesday,-47.4077
2024-01-24,MSFT,Technology,145.3773,145.8585,145.3519,145.4647,7121038,-1.2181,148.876,151.9227,1.6241,0.5066,2024,1,Jan,1,Wednesday,-48.0483
2024-01-25,MSFT,Technology,144.4651,145.225,143.8681,144.5515,2616792,-0.6278,148.7829,151.7043,1.4387,1.3569,2024,1,Jan,1,Thursday,-48.3745
2024-01-26,MSFT,Technology,141.3924,141.7148,138.9671,141.4654,3953319,-2.1349,148.7089,151.4122,1.4197,2.7477,2024,1,Jan,1,Friday,-49.4766
2024-01-29,MSFT,Technology,140.067,141.6068,139.085,139.3312,2812083,-1.5086,148.3921,151.0654,1.3779,2.5218,2024,1,Jan,1,Monday,-50.2389
2024-01-30,MSFT,Technology,141.0387,142.1264,140.6444,140.9691,5651704,1.1755,148.0401,150.8045,1.351,1.482,2024,1,Jan,1,Tuesday,-49.6539
2024-01-31,MSFT,Technology,137.5017,139.248,134.35,138.0908,4284908,-2.0418,147.6327,150.473,1.3952,4.898,2024,1,Jan,1,Wednesday,-50.6819
2024-02-01,MSFT,Technology,135.2538,136.9178,133.6816,134.6294,5720340,-2.5066,147.0248,150.0195,1.471,3.2362,2024,2,Feb,1,Thursday,-51.9181
2024-02-02,MSFT,Technology,132.6064,135.5095,131.2813,133.3396,6465381,-0.958,146.4025,149.5807,1.4749,4.2282,2024,2,Feb,1,Friday,-52.3787
2024-02-05,MSFT,Technology,134.7263,136.6421,134.1817,134.9678,3689629,1.2211,145.8364,149.1021,1.5118,2.4604,2024,2,Feb,1,Monday,-51.7972
2024-02-06,MSFT,Technology,134.7727,135.3345,131.7287,134.6101,6395263,-0.265,145.072,148.6194,1.3555,3.6058,2024,2,Feb,1,Tuesday,-51.925
2024-02-07,MSFT,Technology,134.4308,135.4949,133.613,133.6768,2135295,-0.6933,144.1846,148.1616,1.3059,1.8819,2024,2,Feb,1,Wednesday,-52.2583
2024-02-08,MSFT,Technology,134.8568,135.8943,132.0181,133.8385,5538064,0.121,143.24,147.6555,1.2718,3.8762,2024,2,Feb,1,Thursday,-52.2005
2024-02-09,MSFT,Technology,129.3125,130.99,128.6025,130.1671,8090490,-2.7432,142.1604,147.0889,1.3551,2.3875,2024,2,Feb,1,Friday,-53.5117
2024-02-12,MSFT,Technology,131.451,132.6337,131.0972,131.2625,4996831,0.8415,141.0845,146.5042,1.3648,1.5365,2024,2,Feb,1,Monday,-53.1205
2024-02-13,MSFT,Technology,133.0458,133.681,130.9817,132.1334,16315927,0.6635,140.0737,145.9502,1.3977,2.6993,2024,2,Feb,1,Tuesday,-52.8095
2024-02-14,MSFT,Technology,131.2385,131.3983,129.5338,131.3342,3166228,-0.6048,138.8721,145.3817,1.2484,1.8645,2024,2,Feb,1,Wednesday,-53.0949
2024-02-15,MSFT,Technology,134.5404,136.8148,132.8145,133.5136,1794417,1.6594,137.9654,144.83,1.3086,4.0003,2024,2,Feb,1,Thursday,-52.3166
2024-02-16,MSFT,Technology,130.4026,132.7613,129.9717,131.1718,5617396,-1.754,137.0658,144.2148,1.3135,2.7896,2024,2,Feb,1,Friday,-53.1529
2024-02-19,MSFT,Technology,133.078,134.8178,132.6575,133.6046,3415175,1.8547,136.269,143.7501,1.4153,2.1603,2024,2,Feb,1,Monday,-52.2841
2024-02-20,MSFT,Technology,133.1802,134.2975,132.8167,134.0017,3574323,0.2972,135.6062,143.3481,1.408,1.4808,2024,2,Feb,1,Tuesday,-52.1422
2024-02-21,MSFT,Technology,134.1203,134.2644,132.9234,133.3471,4897388,-0.4885,135.0003,142.8855,1.3967,1.341,2024,2,Feb,1,Wednesday,-52.376
2024-02-22,MSFT,Technology,133.6716,135.357,132.7404,133.3713,6739422,0.0181,134.4413,142.4285,1.3993,2.6166,2024,2,Feb,1,Thursday,-52.3674
2024-02-23,MSFT,Technology,133.0306,134.4202,132.4413,133.2091,3130340,-0.1216,134.0285,141.9929,1.3384,1.9789,2024,2,Feb,1,Friday,-52.4253
2024-02-26,MSFT,Technology,136.0181,136.7343,134.6974,135.8766,5946404,2.0025,133.8558,141.6764,1.3992,2.0369,2024,2,Feb,1,Monday,-51.4726
2024-02-27,MSFT,Technology,133.4788,134.3361,132.1222,133.6038,10778100,-1.6727,133.4875,141.3654,1.4058,2.2139,2024,2,Feb,1,Tuesday,-52.2844
2024-02-28,MSFT,Technology,133.0057,133.25,131.9507,132.0406,4352874,-1.17,133.185,141.1182,1.3604,1.2993,2024,2,Feb,1,Wednesday,-52.8426
2024-02-29,MSFT,Technology,134.9482,135.4689,133.3674,134.296,1291321,1.7081,133.1683,140.9192,1.3123,2.1015,2024,2,Feb,1,Thursday,-52.0371
2024-03-01,MSFT,Technology,132.6468,133.5596,130.8059,133.0835,5273558,-0.9029,133.1555,140.7223,1.3102,2.7537,2024,3,Mar,1,Friday,-52.4702
2024-03-04,MSFT,Technology,135.5104,135.6118,134.8073,135.0675,3584400,1.4908,133.1605,140.6077,1.3248,0.8045,2024,3,Mar,1,Monday,-51.7616
2024-03-05,MSFT,Technology,139.1489,139.3086,138.7136,138.8077,5410305,2.7691,133.3704,140.5697,1.4584,0.595,2024,3,Mar,1,Tuesday,-50.4258
2024-03-06,MSFT,Technology,138.5715,138.9126,137.9511,137.9847,3192522,-0.5929,133.5858,140.4974,1.4554,0.9615,2024,3,Mar,1,Wednesday,-50.7197
2024-03-07,MSFT,Technology,138.9587,140.0904,138.4118,139.558,4766925,1.1402,133.8717,140.3602,1.4714,1.6786,2024,3,Mar,1,Thursday,-50.1579
2024-03-08,MSFT,Technology,138.0134,139.2321,137.034,137.0517,5371413,-1.7959,134.216,140.2424,1.3837,2.1981,2024,3,Mar,1,Friday,-51.053
2024-03-11,MSFT,Technology,138.0428,139.5852,136.0702,138.7752,2867810,1.2576,134.5916,140.1045,1.3958,3.515,2024,3,Mar,1,Monday,-50.4374
2024-03-12,MSFT,Technology,140.3398,141.4166,138.7602,139.2874,3518315,0.3691,134.9493,139.9301,1.3932,2.6564,2024,3,Mar,1,Tuesday,-50.2545
2024-03-13,MSFT,Technology,139.2889,141.2813,139.0877,140.4112,3233731,0.8068,135.4032,139.8135,1.3821,2.1936,2024,3,Mar,1,Wednesday,-49.8531
2024-03-14,MSFT,Technology,139.3685,140.0223,137.9221,139.0311,8785590,-0.9829,135.679,139.6584,1.376,2.1002,2024,3,Mar,1,Thursday,-50.346
2024-03-15,MSFT,Technology,135.0141,135.4929,134.1479,135.4056,4607953,-2.6077,135.8907,139.4508,1.4514,1.345,2024,3,Mar,1,Friday,-51.6409
2024-03-18,MSFT,Technology,136.3983,137.8591,136.1259,136.5636,2795236,0.8552,136.0387,139.2563,1.4068,1.7332,2024,3,Mar,1,Monday,-51.2273
2024-03-19,MSFT,Technology,132.2024,132.2511,131.7073,132.1233,7041129,-3.2515,135.9448,138.9008,1.5944,0.5438,2024,3,Mar,1,Tuesday,-52.8131
2024-03-20,MSFT,Technology,131.8029,132.9286,130.0094,131.5185,5765057,-0.4578,135.8533,138.5027,1.594,2.9192,2024,3,Mar,1,Wednesday,-53.0291
2024-03-21,MSFT,Technology,133.6531,134.5405,133.1351,133.5647,4814744,1.5558,135.863,138.1193,1.6344,1.4054,2024,3,Mar,1,Thursday,-52.2983
2024-03-22,MSFT,Technology,134.8525,135.9259,132.1708,134.0416,7685647,0.3571,135.9046,137.765,1.6357,3.7551,2024,3,Mar,1,Friday,-52.128
2024-03-25,MSFT,Technology,138.9604,140.1375,136.4495,138.2872,10131285,3.1674,136.0251,137.4751,1.7273,3.688,2024,3,Mar,1,Monday,-50.6117
2024-03-26,MSFT,Technology,140.3402,140.696,139.4317,140.6245,4471400,1.6902,136.3762,137.2406,1.709,1.2643,2024,3,Mar,1,Tuesday,-49.777
2024-03-27,MSFT,Technology,140.147,140.4303,138.4419,139.2235,2118786,-0.9963,136.7353,136.9178,1.7017,1.9884,2024,3,Mar,1,Wednesday,-50.2773
2024-03-28,MSFT,Technology,139.7543,141.515,139.1898,139.354,3557972,0.0937,136.9882,136.6719,1.6683,2.3252,2024,3,Mar,1,Thursday,-50.2307
2024-03-29,MSFT,Technology,139.9244,140.3495,138.8946,139.318,5781838,-0.0258,137.3,136.475,1.6493,1.4549,2024,3,Mar,1,Friday,-50.2436
2024-04-01,MSFT,Technology,136.6909,137.4947,132.6704,135.8609,2990605,-2.4814,137.3396,136.2014,1.7283,4.8243,2024,4,Apr,2,Monday,-51.4782
2024-04-02,MSFT,Technology,134.7822,134.9099,132.8995,133.8846,3499782,-1.4546,137.0935,135.9339,1.6331,2.0104,2024,4,Apr,2,Tuesday,-52.1841
2024-04-03,MSFT,Technology,132.5119,134.3503,131.4485,132.7503,3152965,-0.8472,136.8317,135.6796,1.6376,2.9018,2024,4,Apr,2,Wednesday,-52.5892
2024-04-04,MSFT,Technology,129.234,129.4443,127.9826,128.4917,3918697,-3.208,136.2784,135.3584,1.7386,1.4617,2024,4,Apr,2,Thursday,-54.1101
2024-04-05,MSFT,Technology,127.7511,129.7091,126.8307,128.6536,3408514,0.126,135.8585,135.1022,1.7101,2.8784,2024,4,Apr,2,Friday,-54.0523
2024-04-08,MSFT,Technology,128.995,129.1972,126.6605,128.2052,8539715,-0.3485,135.33,134.8797,1.6703,2.5367,2024,4,Apr,2,Monday,-54.2124
2024-04-09,MSFT,Technology,125.3627,125.4476,122.7762,124.8378,5411278,-2.6266,134.6075,134.5571,1.7325,2.6714,2024,4,Apr,2,Tuesday,-55.4151
2024-04-10,MSFT,Technology,126.4062,126.4085,125.6958,125.7076,5637807,0.6967,133.8724,134.3094,1.7282,0.7127,2024,4,Apr,2,Wednesday,-55.1044
2024-04-11,MSFT,Technology,127.2975,127.7116,125.0487,127.2103,4829527,1.1954,133.2813,134.161,1.7669,2.6629,2024,4,Apr,2,Thursday,-54.5677
2024-04-12,MSFT,Technology,127.7779,128.7505,125.8848,127.736,7161820,0.4133,132.8978,134.0489,1.6986,2.8657,2024,4,Apr,2,Friday,-54.38
2024-04-15,MSFT,Technology,126.4351,127.5708,124.1796,127.1375,2788068,-0.4685,132.4265,133.8923,1.6778,3.3912,2024,4,Apr,2,Monday,-54.5937
2024-04-16,MSFT,Technology,128.7893,129.5385,127.0681,128.4042,4489599,0.9963,132.2406,133.7682,1.5546,2.4704,2024,4,Apr,2,Tuesday,-54.1414
2024-04-17,MSFT,Technology,130.7199,131.7515,128.6172,129.8659,5022019,1.1384,132.158,133.692,1.5778,3.1343,2024,4,Apr,2,Wednesday,-53.6193
2024-04-18,MSFT,Technology,129.5676,132.1616,128.8216,130.5696,4048445,0.5419,132.0082,133.6266,1.5392,3.34,2024,4,Apr,2,Thursday,-53.368
2024-04-19,MSFT,Technology,129.2973,130.0259,127.7788,128.9121,7050871,-1.2694,131.7517,133.6015,1.5566,2.2471,2024,4,Apr,2,Friday,-53.96
2024-04-22,MSFT,Technology,128.5829,131.2271,127.8596,129.5471,6541919,0.4926,131.3147,133.5672,1.3554,3.3675,2024,4,Apr,2,Monday,-53.7332
2024-04-23,MSFT,Technology,131.999,132.6742,130.3726,132.0898,10975187,1.9628,130.888,133.5663,1.3779,2.3016,2024,4,Apr,2,Tuesday,-52.8251
2024-04-24,MSFT,Technology,131.5801,133.2977,130.3213,130.8949,5701343,-0.9046,130.4716,133.5576,1.3756,2.9764,2024,4,Apr,2,Wednesday,-53.2518
2024-04-25,MSFT,Technology,135.244,137.1997,134.3085,135.3541,4693467,3.4067,130.2716,133.5944,1.6056,2.8912,2024,4,Apr,2,Thursday,-51.6592
2024-04-26,MSFT,Technology,134.7531,135.4191,133.6543,134.2835,2453159,-0.791,130.0198,133.6566,1.612,1.7648,2024,4,Apr,2,Friday,-52.0416
2024-04-29,MSFT,Technology,134.6006,135.0914,133.5197,134.4202,1743672,0.1018,129.9478,133.6729,1.5179,1.5717,2024,4,Apr,2,Monday,-51.9928
2024-04-30,MSFT,Technology,133.1202,133.6195,132.6111,133.0411,4582275,-1.026,129.9056,133.6537,1.4999,1.0084,2024,4,Apr,2,Tuesday,-52.4853
2024-05-01,MSFT,Technology,133.395,134.6532,133.3925,133.5829,3810020,0.4072,129.9473,133.6584,1.4897,1.2607,2024,5,May,2,Wednesday,-52.2918
2024-05-02,MSFT,Technology,130.0386,131.8744,129.4042,129.926,3790824,-2.7376,130.019,133.5895,1.4385,2.4702,2024,5,May,2,Thursday,-53.5979
2024-05-03,MSFT,Technology,129.4965,130.2394,127.3142,128.8558,4969348,-0.8237,130.0291,133.5024,1.452,2.9252,2024,5,May,2,Friday,-53.9801
2024-05-06,MSFT,Technology,125.777,127.544,125.3483,126.6686,5789869,-1.6974,129.9522,133.3183,1.5004,2.1957,2024,5,May,2,Monday,-54.7612
2024-05-07,MSFT,Technology,126.2825,128.8616,125.8903,127.0063,2776289,0.2666,130.0607,133.1863,1.373,2.9713,2024,5,May,2,Tuesday,-54.6406
2024-05-08,MSFT,Technology,128.7538,130.8686,127.9292,129.0906,4801725,1.6411,130.2298,133.1273,1.4105,2.9394,2024,5,May,2,Wednesday,-53.8962
2024-05-09,MSFT,Technology,129.8381,130.6154,127.8849,130.4894,3267404,1.0836,130.3938,133.0512,1.4063,2.7305,2024,5,May,2,Thursday,-53.3966
2024-05-10,MSFT,Technology,125.1284,125.615,124.8193,125.603,6240977,-3.7447,130.2871,132.9016,1.6496,0.7957,2024,5,May,2,Friday,-55.1418
2024-05-13,MSFT,Technology,129.9555,130.0606,127.1432,129.7697,3042383,3.3174,130.4187,132.7956,1.8109,2.9174,2024,5,May,2,Monday,-53.6537
2024-05-14,MSFT,Technology,131.3408,131.8768,129.4534,130.4477,3372498,0.5225,130.5209,132.6284,1.8019,2.4234,2024,5,May,2,Tuesday,-53.4115
2024-05-15,MSFT,Technology,128.9013,129.8003,128.8692,128.8922,11660551,-1.1924,130.4722,132.4466,1.8062,0.9311,2024,5,May,2,Wednesday,-53.9671
2024-05-16,MSFT,Technology,128.3867,130.16,127.7442,129.2807,8138200,0.3014,130.4078,132.241,1.803,2.4158,2024,5,May,2,Thursday,-53.8283
2024-05-17,MSFT,Technology,129.5574,131.0064,127.5512,129.7098,5684898,0.3319,130.4477,132.0942,1.7807,3.4552,2024,5,May,2,Friday,-53.6751
2024-05-20,MSFT,Technology,129.1782,131.216,128.344,128.3907,3377379,-1.017,130.3898,131.8865,1.7927,2.872,2024,5,May,2,Monday,-54.1462
2024-05-21,MSFT,Technology,128.6316,129.5945,128.2099,128.8615,6977926,0.3667,130.2284,131.678,1.7339,1.3846,2024,5,May,2,Tuesday,-53.978
2024-05-22,MSFT,Technology,127.4769,128.2895,126.2568,127.6734,3297294,-0.922,130.0674,131.4232,1.7343,2.0327,2024,5,May,2,Wednesday,-54.4024
2024-05-23,MSFT,Technology,127.4053,127.9688,126.6058,126.9112,2216173,-0.597,129.6452,131.1808,1.5255,1.363,2024,5,May,2,Thursday,-54.6746
2024-05-24,MSFT,Technology,125.3518,125.6289,125.1406,125.5811,11650572,-1.0481,129.2101,130.9844,1.5309,0.4883,2024,5,May,2,Friday,-55.1496
2024-05-27,MSFT,Technology,122.6057,124.2829,121.9837,122.7653,4763858,-2.2422,128.6274,130.7084,1.5854,2.2992,2024,5,May,2,Monday,-56.1552
2024-05-28,MSFT,Technology,123.1457,124.3197,123.0972,123.1131,5611323,0.2833,128.131,130.5282,1.587,1.2225,2024,5,May,2,Tuesday,-56.031
2024-05-29,MSFT,Technology,123.7238,125.1621,123.0201,124.3276,3819206,0.9865,127.6682,130.3844,1.6071,2.142,2024,5,May,2,Wednesday,-55.5973
2024-05-30,MSFT,Technology,126.3327,126.7455,124.8708,125.414,2916793,0.8738,127.4426,130.2213,1.5251,1.8747,2024,5,May,2,Thursday,-55.2093
2024-05-31,MSFT,Technology,127.1055,127.7735,126.1426,127.122,5139415,1.3619,127.3559,130.083,1.5535,1.6309,2024,5,May,2,Friday,-54.5993
2024-06-03,MSFT,Technology,127.1587,128.4304,126.5492,127.8452,4375983,0.5689,127.4147,129.8741,1.5095,1.8812,2024,6,Jun,2,Monday,-54.341
2024-06-04,MSFT,Technology,126.1502,127.8136,125.278,126.8195,3203210,-0.8023,127.4054,129.598,1.5206,2.5356,2024,6,Jun,2,Tuesday,-54.7073
2024-06-05,MSFT,Technology,128.7023,129.3119,128.466,128.5866,4829527,1.3934,127.3802,129.3853,1.5075,0.8459,2024,6,Jun,2,Wednesday,-54.0762
2024-06-06,MSFT,Technology,125.5337,126.5869,124.4576,125.858,2628564,-2.122,127.1486,129.1154,1.5549,2.1293,2024,6,Jun,2,Thursday,-55.0507
2024-06-07,MSFT,Technology,124.2391,124.7311,120.7836,124.1072,4074412,-1.3911,127.0738,128.8111,1.3449,3.9475,2024,6,Jun,2,Friday,-55.676
2024-06-10,MSFT,Technology,122.5836,122.8092,121.8318,122.2546,3493300,-1.4927,126.6981,128.539,1.1225,0.9774,2024,6,Jun,2,Monday,-56.3376
2024-06-11,MSFT,Technology,124.3036,125.4574,124.0302,124.4284,2913872,1.7781,126.3971,128.3499,1.2027,1.4272,2024,6,Jun,2,Tuesday,-55.5613
2024-06-12,MSFT,Technology,126.3203,126.3874,125.5294,126.3676,7660065,1.5585,126.2709,128.2222,1.2433,0.858,2024,6,Jun,2,Wednesday,-54.8687
2024-06-13,MSFT,Technology,127.3769,127.7086,126.2042,127.4161,4411963,0.8297,126.1776,128.2007,1.2577,1.5044,2024,6,Jun,2,Thursday,-54.4942
2024-06-14,MSFT,Technology,129.4617,129.9947,129.0167,129.6651,8099666,1.7651,126.1754,128.221,1.3207,0.978,2024,6,Jun,2,Friday,-53.691
2024-06-17,MSFT,Technology,128.2221,128.9157,126.2211,127.9057,8276054,-1.3569,126.1512,128.215,1.3367,2.6946,2024,6,Jun,2,Monday,-54.3194
2024-06-18,MSFT,Technology,128.3583,130.6053,127.9797,128.6831,7104330,0.6078,126.1422,128.2919,1.3413,2.6256,2024,6,Jun,2,Tuesday,-54.0417
2024-06-19,MSFT,Technology,128.7987,129.846,126.8397,128.4897,3308641,-0.1503,126.1831,128.3475,1.3244,3.0063,2024,6,Jun,2,Wednesday,-54.1108
2024-06-20,MSFT,Technology,130.1088,131.5996,130.0103,130.295,12335514,1.405,126.3522,128.4092,1.3491,1.5893,2024,6,Jun,2,Thursday,-53.4661
2024-06-21,MSFT,Technology,131.0434,131.0475,129.5042,130.1199,7348154,-0.1344,126.5792,128.4569,1.3219,1.5433,2024,6,Jun,2,Friday,-53.5286
2024-06-24,MSFT,Technology,128.4502,129.5433,127.2944,129.3835,4829527,-0.5659,126.9101,128.5018,1.2081,2.2489,2024,6,Jun,2,Monday,-53.7916
2024-06-25,MSFT,Technology,130.0288,130.8083,129.8999,130.568,3429507,0.9155,127.2828,128.5451,1.2167,0.9084,2024,6,Jun,2,Tuesday,-53.3686
2024-06-26,MSFT,Technology,131.4991,134.5239,131.4372,132.4637,7558249,1.4519,127.6896,128.597,1.2348,3.0867,2024,6,Jun,2,Wednesday,-52.6915
2024-06-27,MSFT,Technology,130.1253,131.3096,128.075,131.1134,4323350,-1.0194,127.9746,128.6079,1.2628,3.2346,2024,6,Jun,2,Thursday,-53.1738
2024-06-28,MSFT,Technology,130.1376,131.4517,128.1331,131.0508,8948339,-0.0477,128.1711,128.6507,1.2353,3.3186,2024,6,Jun,2,Friday,-53.1961
2024-07-01,MSFT,Technology,128.9088,129.2179,128.6255,128.897,3492037,-1.6435,128.2236,128.6377,1.2944,0.5924,2024,7,Jul,3,Monday,-53.9654
2024-07-02,MSFT,Technology,123.9394,125.6324,122.5067,123.8096,4829527,-3.9469,128.0732,128.4721,1.5657,3.1257,2024,7,Jul,3,Tuesday,-55.7823
2024-07-03,MSFT,Technology,125.0979,125.4869,123.4383,124.2686,2847327,0.3707,127.8572,128.3396,1.5304,2.0486,2024,7,Jul,3,Wednesday,-55.6184
2024-07-04,MSFT,Technology,124.9675,127.0352,123.5591,125.5414,14224773,1.0242,127.8414,128.1433,1.4789,3.4761,2024,7,Jul,3,Thursday,-55.1638
2024-07-05,MSFT,Technology,125.1905,127.1349,124.607,126.1306,8723967,0.4693,127.9426,127.9802,1.4451,2.5279,2024,7,Jul,3,Friday,-54.9534
2024-07-08,MSFT,Technology,122.6468,123.5654,121.6422,122.2592,4308132,-3.0694,127.9428,127.737,1.5733,1.9232,2024,7,Jul,3,Monday,-56.336
2024-07-09,MSFT,Technology,121.1912,121.9059,121.1878,121.6341,4062975,-0.5113,127.8031,127.5089,1.5205,0.7181,2024,7,Jul,3,Tuesday,-56.5592
2024-07-10,MSFT,Technology,117.5252,118.3137,116.7065,117.3776,4448539,-3.4994,127.3536,127.1848,1.6452,1.6072,2024,7,Jul,3,Wednesday,-58.0794
2024-07-11,MSFT,Technology,117.0102,117.5626,115.1651,116.4874,10370332,-0.7584,126.8072,126.916,1.6232,2.3975,2024,7,Jul,3,Thursday,-58.3974
2024-07-12,MSFT,Technology,114.7573,115.9853,114.2545,114.5214,5081113,-1.6877,126.05,126.6293,1.5592,1.7308,2024,7,Jul,3,Friday,-59.0995
2024-07-15,MSFT,Technology,117.3134,117.7228,116.5746,116.879,15354345,2.0587,125.4986,126.4335,1.6568,1.1482,2024,7,Jul,3,Monday,-58.2575
2024-07-16,MSFT,Technology,119.3315,121.9202,116.7607,118.7063,2218190,1.5634,124.9998,126.2675,1.7017,5.1595,2024,7,Jul,3,Tuesday,-57.6049
2024-07-17,MSFT,Technology,117.1058,117.2065,116.6517,117.0551,4235051,-1.391,124.4281,126.0268,1.7151,0.5548,2024,7,Jul,3,Wednesday,-58.1946
2024-07-18,MSFT,Technology,115.1657,115.4583,113.9278,114.9921,5874907,-1.7624,123.6629,125.7169,1.6806,1.5305,2024,7,Jul,3,Thursday,-58.9314
2024-07-19,MSFT,Technology,114.9972,115.7461,114.7631,115.6942,3682666,0.6106,122.9416,125.5187,1.6998,0.983,2024,7,Jul,3,Friday,-58.6806
2024-07-22,MSFT,Technology,114.4954,114.9587,112.7226,114.1891,9220286,-1.3009,122.1819,125.2071,1.7076,2.2361,2024,7,Jul,3,Monday,-59.2182
2024-07-23,MSFT,Technology,113.6792,114.656,112.8883,114.4335,4117227,0.214,121.3752,124.8868,1.6817,1.7677,2024,7,Jul,3,Tuesday,-59.1309
2024-07-24,MSFT,Technology,113.4068,115.3575,112.7103,113.6067,4065311,-0.7225,120.4324,124.5811,1.6077,2.6472,2024,7,Jul,3,Wednesday,-59.4262
2024-07-25,MSFT,Technology,110.9233,112.363,109.9344,110.4259,1924968,-2.7998,119.398,124.204,1.6713,2.4286,2024,7,Jul,3,Thursday,-60.5622
2024-07-26,MSFT,Technology,106.238,107.1962,105.4131,106.5402,6103937,-3.5188,118.1724,123.7406,1.7623,1.7831,2024,7,Jul,3,Friday,-61.9499
2024-07-29,MSFT,Technology,107.1668,107.5511,106.4034,106.9799,1242014,0.4127,117.0766,123.3124,1.7836,1.1477,2024,7,Jul,3,Monday,-61.7929
2024-07-30,MSFT,Technology,105.2434,107.0041,103.586,106.0722,7049214,-0.8485,116.1897,122.8566,1.6344,3.4181,2024,7,Jul,3,Tuesday,-62.1171
2024-07-31,MSFT,Technology,105.3413,105.75,103.8329,105.1866,2299740,-0.8349,115.2356,122.4069,1.6127,1.9171,2024,7,Jul,3,Wednesday,-62.4334
2024-08-01,MSFT,Technology,105.6946,106.9772,104.3278,106.4103,1766619,1.1634,114.2791,121.9968,1.6214,2.6494,2024,8,Aug,3,Thursday,-61.9963
2024-08-02,MSFT,Technology,108.1642,109.2208,106.9997,108.4614,9004127,1.9275,113.3956,121.6544,1.7122,2.2211,2024,8,Aug,3,Friday,-61.2638
2024-08-05,MSFT,Technology,108.2997,108.9667,107.3505,108.0426,14004243,-0.3861,112.6848,121.36,1.6227,1.6162,2024,8,Aug,3,Monday,-61.4134
2024-08-06,MSFT,Technology,106.6674,108.3113,105.3937,107.5079,2347954,-0.4949,111.9785,121.0479,1.6227,2.9176,2024,8,Aug,3,Tuesday,-61.6043
2024-08-07,MSFT,Technology,107.9079,108.8859,107.64,108.4219,1745684,0.8502,111.5307,120.7298,1.501,1.2459,2024,8,Aug,3,Wednesday,-61.2779
2024-08-08,MSFT,Technology,105.7759,107.1958,105.728,106.1222,12110908,-2.1211,111.0124,120.3439,1.549,1.4678,2024,8,Aug,3,Thursday,-62.0992
2024-08-09,MSFT,Technology,106.4451,106.7242,105.2001,106.5542,9070870,0.4071,110.6141,119.9326,1.5318,1.5241,2024,8,Aug,3,Friday,-61.9449
2024-08-12,MSFT,Technology,107.2062,107.6043,104.8634,107.5483,2177942,0.933,110.1475,119.5266,1.4576,2.7409,2024,8,Aug,3,Monday,-61.5899
2024-08-13,MSFT,Technology,108.5411,109.3118,108.3496,108.7726,4691416,1.1384,109.6508,119.1657,1.4302,0.9622,2024,8,Aug,3,Tuesday,-61.1526
2024-08-14,MSFT,Technology,104.7878,106.5177,104.0461,105.4564,4891384,-3.0487,109.0709,118.7031,1.5334,2.4716,2024,8,Aug,3,Wednesday,-62.337
2024-08-15,MSFT,Technology,103.9002,105.1312,101.9262,104.2244,5967471,-1.1683,108.5325,118.2704,1.5135,3.205,2024,8,Aug,3,Thursday,-62.777
2024-08-16,MSFT,Technology,102.9177,104.4557,102.0576,102.812,3182000,-1.3552,107.8884,117.8445,1.5028,2.3981,2024,8,Aug,3,Friday,-63.2814
2024-08-19,MSFT,Technology,103.5771,104.7277,101.5827,103.0277,4165605,0.2098,107.3303,117.46,1.5025,3.145,2024,8,Aug,3,Monday,-63.2044
2024-08-20,MSFT,Technology,103.2193,104.2656,102.6409,103.8717,3962895,0.8192,106.8023,117.0489,1.5236,1.6247,2024,8,Aug,3,Tuesday,-62.903
2024-08-21,MSFT,Technology,106.0983,106.7327,105.6915,106.4111,4889718,2.4447,106.4425,116.6497,1.6551,1.0412,2024,8,Aug,3,Wednesday,-61.996
2024-08-22,MSFT,Technology,105.4479,106.1117,105.3707,105.6216,9753525,-0.7419,106.2023,116.2138,1.5532,0.741,2024,8,Aug,3,Thursday,-62.278
2024-08-23,MSFT,Technology,104.9126,104.9713,104.7712,104.8335,4559268,-0.7462,106.1169,115.7172,1.3533,0.2001,2024,8,Aug,3,Friday,-62.5595
2024-08-26,MSFT,Technology,106.9434,107.5546,106.2211,106.8143,6140664,1.8895,106.1086,115.2954,1.4198,1.3335,2024,8,Aug,3,Monday,-61.852
2024-08-27,MSFT,Technology,107.1903,107.8275,104.4235,107.3746,6093589,0.5246,106.1738,114.8692,1.4096,3.404,2024,8,Aug,3,Tuesday,-61.6519
2024-08-28,MSFT,Technology,109.1736,110.0458,109.1689,109.6061,3954043,2.0782,106.3947,114.4915,1.4607,0.8769,2024,8,Aug,3,Wednesday,-60.855
2024-08-29,MSFT,Technology,110.1975,111.5473,108.963,110.1672,3457582,0.5119,106.5826,114.089,1.4457,2.5843,2024,8,Aug,3,Thursday,-60.6546
2024-08-30,MSFT,Technology,108.6746,109.3559,107.3768,108.1827,3696727,-1.8014,106.5686,113.6502,1.4494,1.9791,2024,8,Aug,3,Friday,-61.3633
2024-09-02,MSFT,Technology,105.8781,106.8627,104.8885,105.9292,3393681,-2.0831,106.463,113.1812,1.5209,1.9742,2024,9,Sep,3,Monday,-62.1681
2024-09-03,MSFT,Technology,103.0704,103.5903,102.2184,103.3526,2759833,-2.4324,106.2552,112.6368,1.6075,1.3719,2024,9,Sep,3,Tuesday,-63.0884
2024-09-04,MSFT,Technology,103.7818,106.1617,102.1952,104.4991,4723413,1.1093,106.0591,112.0775,1.6173,3.9665,2024,9,Sep,3,Wednesday,-62.6789
2024-09-05,MSFT,Technology,106.5612,106.8933,105.9531,106.5386,9049128,1.9517,106.0799,111.5861,1.6153,0.9402,2024,9,Sep,3,Thursday,-61.9505
2024-09-06,MSFT,Technology,110.2571,111.9177,108.7022,109.7444,3086516,3.0091,106.2394,111.1599,1.7465,3.2155,2024,9,Sep,3,Friday,-60.8056
2024-09-09,MSFT,Technology,110.6305,111.9549,110.2339,111.2796,3765030,1.3989,106.426,110.8076,1.7604,1.721,2024,9,Sep,3,Monday,-60.2573
2024-09-10,MSFT,Technology,113.8002,114.3778,113.3666,113.4057,7048866,1.9106,106.6576,110.5995,1.7906,1.0112,2024,9,Sep,3,Tuesday,-59.498
2024-09-11,MSFT,Technology,112.4819,114.2636,112.0112,112.41,16821700,-0.878,107.0053,110.3623,1.6414,2.2524,2024,9,Sep,3,Wednesday,-59.8536
2024-09-12,MSFT,Technology,111.2446,111.752,110.314,110.3863,8207377,-1.8003,107.3134,110.0592,1.6775,1.438,2024,9,Sep,3,Thursday,-60.5763
2024-09-13,MSFT,Technology,112.2249,112.4344,111.1695,111.9429,4779492,1.4101,107.7699,109.7755,1.6475,1.2649,2024,9,Sep,3,Friday,-60.0204
2024-09-16,MSFT,Technology,112.9293,113.3754,112.621,112.7469,5165233,0.7182,108.2559,109.5852,1.6477,0.7544,2024,9,Sep,3,Monday,-59.7332
2024-09-17,MSFT,Technology,112.5354,113.1251,111.0226,112.9971,7750688,0.2219,108.7122,109.4125,1.6463,2.1025,2024,9,Sep,3,Tuesday,-59.6439
2024-09-18,MSFT,Technology,113.849,114.5166,112.5979,113.754,8906530,0.6698,109.0793,109.34,1.5787,1.9187,2024,9,Sep,3,Wednesday,-59.3736
2024-09-19,MSFT,Technology,114.3648,115.6598,112.8089,114.3991,11932556,0.5671,109.5182,109.2982,1.5582,2.8509,2024,9,Sep,3,Thursday,-59.1432
2024-09-20,MSFT,Technology,116.6399,116.8859,115.5984,116.8062,2095590,2.1041,110.1168,109.3439,1.577,1.2875,2024,9,Sep,3,Friday,-58.2835
2024-09-23,MSFT,Technology,119.1115,121.2189,117.1457,119.2848,2854835,2.122,110.7404,109.3921,1.5882,4.0732,2024,9,Sep,3,Monday,-57.3983
2024-09-24,MSFT,Technology,120.3755,120.3915,120.3202,120.3831,4874597,0.9207,111.3908,109.4256,1.5901,0.0713,2024,9,Sep,3,Tuesday,-57.006
2024-09-25,MSFT,Technology,122.9174,124.5183,121.0189,122.0724,7491501,1.4033,112.0141,109.5259,1.5637,3.4994,2024,9,Sep,3,Wednesday,-56.4027
2024-09-26,MSFT,Technology,123.4092,123.6005,122.5187,123.1375,9512711,0.8725,112.6626,109.6888,1.5653,1.0818,2024,9,Sep,3,Thursday,-56.0223
2024-09-27,MSFT,Technology,123.1905,123.502,122.0084,122.2904,3814166,-0.6879,113.368,109.8208,1.4948,1.4936,2024,9,Sep,3,Friday,-56.3249
2024-09-30,MSFT,Technology,123.4072,124.5996,122.7254,123.8319,4005364,1.2605,114.2631,110.0136,1.3565,1.8742,2024,9,Sep,3,Monday,-55.7743
2024-10-01,MSFT,Technology,120.2237,121.3132,119.8819,121.1309,3665889,-2.1812,115.152,110.1476,1.3259,1.4313,2024,10,Oct,4,Tuesday,-56.739
2024-10-02,MSFT,Technology,123.8215,124.5064,123.118,123.234,5037710,1.7362,116.0888,110.3401,1.3408,1.3884,2024,10,Oct,4,Wednesday,-55.9879
2024-10-03,MSFT,Technology,120.8036,121.8449,120.5878,120.9403,9066679,-1.8613,116.8089,110.5504,1.4412,1.2571,2024,10,Oct,4,Thursday,-56.807
2024-10-04,MSFT,Technology,121.9835,122.9923,120.8545,121.5539,12420195,0.5074,117.3994,110.8507,1.3295,2.1378,2024,10,Oct,4,Friday,-56.5879
2024-10-07,MSFT,Technology,120.8263,122.8468,118.8098,119.9709,7291255,-1.3023,117.8339,111.1105,1.3721,4.037,2024,10,Oct,4,Monday,-57.1532
2024-10-08,MSFT,Technology,120.2718,121.1331,118.3502,121.0932,5029789,0.9355,118.2183,111.4109,1.3318,2.7829,2024,10,Oct,4,Tuesday,-56.7524
2024-10-09,MSFT,Technology,121.6535,122.4611,120.924,121.088,4250303,-0.0043,118.6522,111.729,1.3039,1.5371,2024,10,Oct,4,Wednesday,-56.7543
2024-10-10,MSFT,Technology,117.7366,118.1217,116.9111,118.0588,5199994,-2.5017,119.0358,111.9619,1.3732,1.2106,2024,10,Oct,4,Thursday,-57.8361
2024-10-11,MSFT,Technology,119.5719,120.4023,116.6045,118.9125,6357310,0.7231,119.3843,112.1709,1.3537,3.7978,2024,10,Oct,4,Friday,-57.5312
2024-10-14,MSFT,Technology,118.6784,118.9433,117.0191,117.8724,4466184,-0.8747,119.6406,112.3675,1.3751,1.9242,2024,10,Oct,4,Monday,-57.9027
2024-10-15,MSFT,Technology,119.3711,119.7598,117.7311,119.5932,11620095,1.4599,119.9704,112.6092,1.4023,2.0287,2024,10,Oct,4,Tuesday,-57.2881
2024-10-16,MSFT,Technology,119.4012,119.9716,117.5184,119.6555,4903091,0.0521,120.2655,112.8339,1.4003,2.4532,2024,10,Oct,4,Wednesday,-57.2659
2024-10-17,MSFT,Technology,120.1538,121.5227,119.1201,120.4724,4829527,0.6827,120.5691,113.1209,1.4019,2.4026,2024,10,Oct,4,Thursday,-56.9741
2024-10-18,MSFT,Technology,119.4747,121.2712,115.8818,118.6868,3627611,-1.4822,120.6631,113.3636,1.384,5.3894,2024,10,Oct,4,Friday,-57.6119
2024-10-21,MSFT,Technology,117.0613,117.7737,116.9996,117.627,2577161,-0.8929,120.5803,113.5652,1.3133,0.7741,2024,10,Oct,4,Monday,-57.9904
2024-10-22,MSFT,Technology,116.4566,117.4805,115.7879,116.8227,8759926,-0.6838,120.4022,113.7262,1.299,1.6926,2024,10,Oct,4,Tuesday,-58.2776
2024-10-23,MSFT,Technology,117.9937,118.9521,117.4282,118.4824,4675823,1.4207,120.2227,113.9867,1.3001,1.5239,2024,10,Oct,4,Wednesday,-57.6849
2024-10-24,MSFT,Technology,121.735,122.7803,120.7266,121.7215,10253528,2.7338,120.1519,114.3366,1.436,2.0537,2024,10,Oct,4,Thursday,-56.528
2024-10-25,MSFT,Technology,120.8119,120.8522,120.1242,120.2142,3479247,-1.2383,120.0481,114.6847,1.4541,0.728,2024,10,Oct,4,Friday,-57.0664
2024-10-28,MSFT,Technology,121.9329,122.7865,121.7137,122.3456,1889241,1.773,119.9738,115.071,1.4831,1.0728,2024,10,Oct,4,Monday,-56.3051
2024-10-29,MSFT,Technology,118.469,119.8546,117.4089,118.1596,2674162,-3.4215,119.8252,115.3568,1.5984,2.4457,2024,10,Oct,4,Tuesday,-57.8001
2024-10-30,MSFT,Technology,116.0374,116.9444,115.3716,115.961,4714318,-1.8607,119.4616,115.5478,1.5817,1.5728,2024,10,Oct,4,Wednesday,-58.5854
2024-10-31,MSFT,Technology,114.6449,115.2868,112.8962,114.24,4168228,-1.4841,119.1266,115.7201,1.5642,2.3906,2024,10,Oct,4,Thursday,-59.2
2024-11-01,MSFT,Technology,111.3267,112.9124,108.6938,111.825,7182758,-2.114,118.6401,115.86,1.6047,4.2186,2024,11,Nov,4,Friday,-60.0625
2024-11-04,MSFT,Technology,109.1144,109.6545,108.9692,109.0475,4365511,-2.4838,118.094,115.9046,1.6603,0.6853,2024,11,Nov,4,Monday,-61.0545
2024-11-05,MSFT,Technology,109.814,110.2303,109.7981,109.8227,9159349,0.7109,117.5304,115.9536,1.651,0.4322,2024,11,Nov,4,Tuesday,-60.7776
2024-11-06,MSFT,Technology,115.4489,115.8282,114.4394,114.9925,3447260,4.7074,117.2257,116.0613,2.0172,1.3888,2024,11,Nov,4,Wednesday,-58.9312
2024-11-07,MSFT,Technology,115.4728,116.2242,114.7115,115.7481,2626455,0.6571,117.1101,116.1729,1.9533,1.5127,2024,11,Nov,4,Thursday,-58.6614
2024-11-08,MSFT,Technology,117.475,118.2831,115.1523,117.0847,10324104,1.1547,117.0187,116.351,1.965,3.1308,2024,11,Nov,4,Friday,-58.184
2024-11-11,MSFT,Technology,118.0651,119.2605,117.3527,117.6408,4454470,0.475,117.0072,116.5852,1.9587,1.9078,2024,11,Nov,4,Monday,-57.9854
2024-11-12,MSFT,Technology,119.1589,120.3752,118.6649,118.9377,3672596,1.1024,116.9744,116.8969,1.9464,1.7103,2024,11,Nov,4,Tuesday,-57.5222
2024-11-13,MSFT,Technology,119.4538,120.5095,117.8778,118.8649,7326841,-0.0612,116.9349,117.1842,1.9463,2.6317,2024,11,Nov,4,Wednesday,-57.5482
2024-11-14,MSFT,Technology,116.5571,117.4002,115.1585,116.6669,6623059,-1.8492,116.7446,117.3868,1.9806,2.2417,2024,11,Nov,4,Thursday,-58.3332
2024-11-15,MSFT,Technology,119.6038,120.7657,118.3262,118.6998,1924832,1.7425,116.7452,117.5659,1.9969,2.4395,2024,11,Nov,4,Friday,-57.6072
2024-11-18,MSFT,Technology,117.9678,119.102,117.5032,117.6403,6029466,-0.8926,116.7459,117.6931,1.9969,1.5988,2024,11,Nov,4,Monday,-57.9856
2024-11-19,MSFT,Technology,116.599,117.4349,115.6481,115.9381,3358328,-1.447,116.7017,117.7438,2.0182,1.7868,2024,11,Nov,4,Tuesday,-58.5935
2024-11-20,MSFT,Technology,116.3626,116.8546,115.2435,115.666,5563450,-0.2347,116.5608,117.8089,1.9898,1.6111,2024,11,Nov,4,Wednesday,-58.6907
2024-11-21,MSFT,Technology,114.3753,114.5608,112.8643,114.0346,5198871,-1.4104,116.1765,117.8819,1.8924,1.6965,2024,11,Nov,4,Thursday,-59.2734
2024-11-22,MSFT,Technology,113.1835,113.8917,112.3845,113.3299,25729484,-0.618,115.8323,117.9096,1.8815,1.5072,2024,11,Nov,4,Friday,-59.525
2024-11-25,MSFT,Technology,114.5679,115.0605,113.6627,114.0105,9896697,0.6005,115.4155,117.9349,1.8318,1.3978,2024,11,Nov,4,Monday,-59.282
2024-11-26,MSFT,Technology,115.2182,115.9672,113.7316,114.7029,8177607,0.6073,115.2427,117.969,1.6908,2.2356,2024,11,Nov,4,Tuesday,-59.0347
2024-11-27,MSFT,Technology,112.7469,113.3268,111.0502,113.1125,9019890,-1.3865,115.1003,117.9562,1.6685,2.2766,2024,11,Nov,4,Wednesday,-59.6027
2024-11-28,MSFT,Technology,112.3491,112.5969,110.7544,112.2864,6861707,-0.7303,115.0026,117.9139,1.6442,1.8425,2024,11,Nov,4,Thursday,-59.8977
2024-11-29,MSFT,Technology,115.1844,115.2477,113.5578,114.2727,3169675,1.769,115.125,117.8632,1.6196,1.6899,2024,11,Nov,4,Friday,-59.1883
2024-12-02,MSFT,Technology,115.0126,116.0641,112.2181,115.2374,6464045,0.8442,115.4345,117.7823,1.5048,3.846,2024,12,Dec,4,Monday,-58.8438
2024-12-03,MSFT,Technology,118.7416,120.8046,118.4305,119.1211,2784241,3.3702,115.8994,117.757,1.6543,2.3741,2024,12,Dec,4,Tuesday,-57.4567
2024-12-04,MSFT,Technology,120.9097,122.795,120.752,121.4299,2704900,1.9382,116.2213,117.7442,1.3676,2.043,2024,12,Dec,4,Wednesday,-56.6322
2024-12-05,MSFT,Technology,124.0522,124.0821,123.2675,123.7138,5791623,1.8808,116.6195,117.7557,1.412,0.8146,2024,12,Dec,4,Thursday,-55.8165
2024-12-06,MSFT,Technology,120.9661,121.1826,120.2925,121.0285,5528959,-2.1706,116.8167,117.7305,1.5041,0.8901,2024,12,Dec,4,Friday,-56.7755
2024-12-09,MSFT,Technology,122.6024,124.2843,122.4788,122.5682,7415259,1.2722,117.0631,117.7052,1.5229,1.8055,2024,12,Dec,4,Monday,-56.2256
2024-12-10,MSFT,Technology,122.688,123.243,122.4038,122.5253,3471669,-0.035,117.2425,117.7331,1.5092,0.8392,2024,12,Dec,4,Tuesday,-56.241
2024-12-11,MSFT,Technology,122.1756,123.0917,120.3038,121.5064,4402620,-0.8316,117.3746,117.6985,1.5249,2.7879,2024,12,Dec,4,Wednesday,-56.6049
2024-12-12,MSFT,Technology,122.5236,123.1033,120.9971,121.8938,2999272,0.3188,117.6359,117.7176,1.4528,2.1062,2024,12,Dec,4,Thursday,-56.4665
2024-12-13,MSFT,Technology,123.3948,124.8448,122.4939,123.7982,7309595,1.5623,117.8908,117.7625,1.4435,2.3509,2024,12,Dec,4,Friday,-55.7864
2024-12-16,MSFT,Technology,123.8552,125.6723,123.3183,124.8522,4407965,0.8514,118.2514,117.8601,1.4253,2.354,2024,12,Dec,4,Monday,-55.4099
2024-12-17,MSFT,Technology,122.9231,123.5339,122.3263,123.1597,4920532,-1.3556,118.6125,117.9015,1.4195,1.2076,2024,12,Dec,4,Tuesday,-56.0144
2024-12-18,MSFT,Technology,125.6231,126.5876,123.5058,124.6844,3818046,1.238,119.0634,117.9734,1.4278,3.0818,2024,12,Dec,4,Wednesday,-55.4699
2024-12-19,MSFT,Technology,123.7241,125.6014,123.1556,123.4747,4161266,-0.9702,119.5354,118.0817,1.4018,2.4458,2024,12,Dec,4,Thursday,-55.9019
2024-12-20,MSFT,Technology,124.6775,125.361,122.574,123.9646,6010635,0.3968,120.0672,118.1827,1.381,2.787,2024,12,Dec,4,Friday,-55.7269
2024-12-23,MSFT,Technology,123.1123,124.2522,123.0181,123.4249,11876941,-0.4354,120.5379,118.2938,1.3947,1.2341,2024,12,Dec,4,Monday,-55.9197
2024-12-24,MSFT,Technology,123.671,123.6971,122.1747,123.0544,3815077,-0.3002,120.9555,118.363,1.4026,1.5224,2024,12,Dec,4,Tuesday,-56.052
2024-12-25,MSFT,Technology,125.0032,127.1605,124.3997,124.6245,5796149,1.2759,121.5311,118.4624,1.3534,2.7608,2024,12,Dec,4,Wednesday,-55.4912
2024-12-26,MSFT,Technology,123.4331,123.7865,122.0021,122.6127,7560290,-1.6143,122.0474,118.5052,1.4088,1.7844,2024,12,Dec,4,Thursday,-56.2097
2024-12-27,MSFT,Technology,127.106,128.636,126.2365,126.4901,7491158,3.1623,122.6582,118.6613,1.5084,2.3995,2024,12,Dec,4,Friday,-54.825
2024-12-30,MSFT,Technology,121.8959,122.8899,119.6572,122.8677,4700135,-2.8638,123.0398,118.7661,1.6841,3.2327,2024,12,Dec,4,Monday,-56.1187
2024-12-31,MSFT,Technology,121.1293,122.1173,120.6265,121.7542,14464769,-0.9063,123.1714,118.8647,1.5441,1.4908,2024,12,Dec,4,Tuesday,-56.5164
2022-01-03,XOM,Energy,85.3174,86.4243,83.6902,85.0,5114326,,85.0,85.0,,2.7341,2022,1,Jan,1,Monday,
2022-01-04,XOM,Energy,85.1688,85.2099,84.0058,84.6922,3579493,-0.3621,84.8461,84.8461,,1.2041,2022,1,Jan,1,Tuesday,-0.3621
2022-01-05,XOM,Energy,83.0439,86.5637,82.0395,82.7187,7954969,-2.3302,84.137,84.137,1.3916,4.5242,2022,1,Jan,1,Wednesday,-2.6839
2022-01-06,XOM,Energy,81.9343,82.9326,80.4672,82.0754,12503329,-0.7777,83.6216,83.6216,1.0373,2.4654,2022,1,Jan,1,Thursday,-3.4407
2022-01-07,XOM,Energy,79.5261,80.6342,78.7562,78.856,4280691,-3.9225,82.6685,82.6685,1.6217,1.878,2022,1,Jan,1,Friday,-7.2282
2022-01-10,XOM,Energy,81.4077,82.4697,81.1566,81.7368,3766085,3.6532,82.5132,82.5132,2.8329,1.3131,2022,1,Jan,1,Monday,-3.8391
2022-01-11,XOM,Energy,80.9578,82.5389,80.2953,80.2973,9509435,-1.7611,82.1966,82.1966,2.5674,2.2436,2022,1,Jan,1,Tuesday,-5.5326
2022-01-12,XOM,Energy,83.0505,84.5874,81.5636,82.7332,3991170,3.0336,82.2637,82.2637,2.7789,3.0238,2022,1,Jan,1,Wednesday,-2.6668
2022-01-13,XOM,Energy,82.1459,84.3903,81.0634,82.8096,3029088,0.0923,82.3244,82.3244,2.5775,3.3269,2022,1,Jan,1,Thursday,-2.5769
2022-01-14,XOM,Energy,84.4358,84.4859,83.2985,83.7149,2726931,1.0932,82.4634,82.4634,2.4552,1.1874,2022,1,Jan,1,Friday,-1.5119
2022-01-17,XOM,Energy,83.262,83.5862,82.8126,82.9542,4179739,-0.9087,82.508,82.508,2.3274,0.7736,2022,1,Jan,1,Monday,-2.4068
2022-01-18,XOM,Energy,83.565,83.7876,83.2047,83.2985,3866321,0.415,82.5739,82.5739,2.2162,0.5829,2022,1,Jan,1,Tuesday,-2.0018
2022-01-19,XOM,Energy,83.6445,85.0657,83.5444,84.3447,4492232,1.256,82.7101,82.7101,2.1524,1.5213,2022,1,Jan,1,Wednesday,-0.7709
2022-01-20,XOM,Energy,84.9039,86.0027,84.0177,85.4265,3908743,1.2826,82.9041,82.9041,2.0933,1.985,2022,1,Jan,1,Thursday,0.5018
2022-01-21,XOM,Energy,86.6894,87.0801,85.8067,86.7012,9702157,1.4922,83.1573,83.1573,2.0473,1.2734,2022,1,Jan,1,Friday,2.0014
2022-01-24,XOM,Energy,86.2772,87.1175,86.098,86.1117,6892899,-0.6799,83.3419,83.3419,1.9848,1.0195,2022,1,Jan,1,Monday,1.3079
2022-01-25,XOM,Energy,84.9537,86.3868,84.8071,85.343,2534067,-0.8927,83.4596,83.4596,1.9336,1.5797,2022,1,Jan,1,Tuesday,0.4035
2022-01-26,XOM,Energy,82.9538,83.6045,81.9542,82.7751,6615026,-3.0089,83.4216,83.4216,2.0132,1.6503,2022,1,Jan,1,Wednesday,-2.6175
2022-01-27,XOM,Energy,83.8922,84.0054,83.1509,83.6146,9293400,1.0142,83.4318,83.4318,1.9718,0.8545,2022,1,Jan,1,Thursday,-1.6299
2022-01-28,XOM,Energy,84.9815,86.4579,84.8167,83.6146,9054246,0.0,83.4409,83.4409,1.9164,1.6412,2022,1,Jan,1,Friday,-1.6299
2022-01-31,XOM,Energy,88.8056,88.9307,87.6997,87.9885,2962396,5.231,83.5903,83.6575,2.2099,1.231,2022,1,Jan,1,Monday,3.5159
2022-02-01,XOM,Energy,87.8957,89.3303,87.4202,88.5163,5528412,0.5999,83.7815,83.8783,2.2076,1.9101,2022,2,Feb,1,Tuesday,4.1368
2022-02-02,XOM,Energy,87.9279,88.3519,87.2425,87.2449,6347113,-1.4363,84.0078,84.0247,2.1613,1.1094,2022,2,Feb,1,Wednesday,2.6411
2022-02-03,XOM,Energy,84.0228,84.9198,83.5026,84.4491,5342962,-3.2045,84.1265,84.0424,2.2887,1.4172,2022,2,Feb,1,Thursday,-0.6481
2022-02-04,XOM,Energy,86.3699,86.8203,85.2012,86.1374,10457743,1.9992,84.4906,84.1262,2.1076,1.6191,2022,2,Feb,1,Friday,1.3381
2022-02-07,XOM,Energy,83.6986,84.4595,83.15,83.2148,4637909,-3.393,84.5645,84.0911,2.1351,1.3095,2022,2,Feb,1,Monday,-2.1002
2022-02-08,XOM,Energy,82.6733,83.1712,81.945,82.693,3510953,-0.6271,84.6843,84.0393,2.0975,1.2262,2022,2,Feb,1,Tuesday,-2.7141
2022-02-09,XOM,Energy,82.6246,83.6099,82.0433,82.3571,3475384,-0.4062,84.6655,83.9793,1.9883,1.5666,2022,2,Feb,1,Wednesday,-3.1093
2022-02-10,XOM,Energy,82.7856,83.7394,81.2354,82.2649,3538983,-0.112,84.6382,83.9201,1.9883,2.504,2022,2,Feb,1,Thursday,-3.2178
2022-02-11,XOM,Energy,82.2425,82.7666,81.9343,82.3373,8930408,0.088,84.5694,83.8674,1.9715,0.8323,2022,2,Feb,1,Friday,-3.1326
2022-02-14,XOM,Energy,82.8077,83.1571,81.4278,82.5699,4078939,0.2825,84.5502,83.8255,1.9626,1.7293,2022,2,Feb,1,Monday,-2.8589
2022-02-15,XOM,Energy,78.1534,78.9913,78.1393,78.7971,3259818,-4.5692,84.3251,83.6684,2.2076,0.852,2022,2,Feb,1,Tuesday,-7.2975
2022-02-16,XOM,Energy,79.3249,80.2083,78.263,78.8348,8001797,0.0478,84.0496,83.5219,2.1805,1.9453,2022,2,Feb,1,Wednesday,-7.2532
2022-02-17,XOM,Energy,74.8141,75.875,74.2158,75.511,7888016,-4.2162,83.5538,83.2863,2.3112,1.6592,2022,2,Feb,1,Thursday,-11.1635
2022-02-18,XOM,Energy,77.2135,77.7,76.2068,76.5766,9789874,1.4112,83.0476,83.0946,2.3075,1.4932,2022,2,Feb,1,Friday,-9.9099
2022-02-21,XOM,Energy,75.4137,76.917,75.3042,75.7842,3998084,-1.0348,82.5312,82.8915,2.3095,1.6128,2022,2,Feb,1,Monday,-10.8421
2022-02-22,XOM,Energy,73.1544,73.9959,71.9035,72.6935,4057363,-4.0783,81.8987,82.6159,2.4363,2.0924,2022,2,Feb,1,Tuesday,-14.4782
2022-02-23,XOM,Energy,71.3567,72.9846,70.6304,71.5834,5786084,-1.5271,81.3392,82.3256,2.3867,2.3542,2022,2,Feb,1,Wednesday,-15.7842
2022-02-24,XOM,Energy,68.3973,70.1719,67.9153,67.9591,8722274,-5.063,80.5564,81.9572,2.5394,2.2566,2022,2,Feb,1,Thursday,-20.0481
2022-02-25,XOM,Energy,70.0744,71.2018,68.7624,69.5101,1836687,2.2823,79.8512,81.646,2.6362,2.4394,2022,2,Feb,1,Friday,-18.2234
2022-02-28,XOM,Energy,69.6574,70.06,69.4247,69.7837,9163269,0.3936,78.9409,81.3567,2.2371,0.6353,2022,2,Feb,1,Monday,-17.9015
2022-03-01,XOM,Energy,70.9182,71.3812,69.6675,70.2544,3267027,0.6745,78.0278,81.0924,2.2402,1.7137,2022,3,Mar,1,Tuesday,-17.3478
2022-03-02,XOM,Energy,72.3137,73.1479,71.6699,71.8452,7250022,2.2643,77.2578,80.8773,2.3625,1.478,2022,3,Mar,1,Wednesday,-15.4762
2022-03-03,XOM,Energy,71.356,72.0448,71.1109,71.7283,4322231,-0.1627,76.6218,80.6694,2.3063,0.9339,2022,3,Mar,1,Thursday,-15.6138
2022-03-04,XOM,Energy,72.6606,73.0957,72.3241,72.7705,6752226,1.453,75.9534,80.4939,2.2746,0.7716,2022,3,Mar,1,Friday,-14.3876
2022-03-07,XOM,Energy,74.1703,74.7862,73.703,73.7305,3168553,1.3192,75.4792,80.3468,2.2372,1.0832,2022,3,Mar,1,Monday,-13.2582
2022-03-08,XOM,Energy,72.2284,72.5445,71.1538,71.9431,5330928,-2.4242,74.9417,80.168,2.275,1.3907,2022,3,Mar,1,Tuesday,-15.3611
2022-03-09,XOM,Energy,73.3823,74.3111,72.8167,73.9709,4243590,2.8186,74.5224,80.0389,2.4051,1.4944,2022,3,Mar,1,Wednesday,-12.9754
2022-03-10,XOM,Energy,72.1395,72.215,71.4073,71.9896,10116694,-2.6785,74.0087,79.8746,2.4509,0.8077,2022,3,Mar,1,Thursday,-15.3064
2022-03-11,XOM,Energy,72.8626,74.133,72.7639,73.2587,2815156,1.7629,73.5547,79.7423,2.505,1.3691,2022,3,Mar,1,Friday,-13.8133
2022-03-14,XOM,Energy,70.8629,71.7154,70.7635,71.1618,6322355,-2.8623,72.9843,79.4656,2.5482,0.9519,2022,3,Mar,1,Monday,-16.2802
2022-03-15,XOM,Energy,71.3099,72.47,70.6299,71.9889,5044838,1.1623,72.6439,79.2115,2.4098,1.8401,2022,3,Mar,1,Tuesday,-15.3072
2022-03-16,XOM,Energy,74.3832,76.3031,74.2056,74.55,6077614,3.5576,72.4297,79.0481,2.5684,2.0975,2022,3,Mar,1,Wednesday,-12.2941
2022-03-17,XOM,Energy,73.961,74.4999,73.6161,74.2633,11545662,-0.3846,72.3673,78.8919,2.3938,0.8838,2022,3,Mar,1,Thursday,-12.6314
2022-03-18,XOM,Energy,73.521,74.946,72.6644,73.9164,7076577,-0.4671,72.2343,78.7931,2.3699,2.2816,2022,3,Mar,1,Friday,-13.0395
2022-03-21,XOM,Energy,74.5865,75.1885,73.7893,74.7885,6339119,1.1798,72.1845,78.6541,2.3781,1.3992,2022,3,Mar,1,Monday,-12.0135
2022-03-22,XOM,Energy,75.0151,75.0516,74.009,74.3354,2114378,-0.6058,72.2666,78.5349,2.1868,1.0426,2022,3,Mar,1,Tuesday,-12.5466
2022-03-23,XOM,Energy,76.2796,77.0569,75.5251,76.9183,3210960,3.4747,72.5333,78.4186,2.2711,1.5318,2022,3,Mar,1,Wednesday,-9.5079
2022-03-24,XOM,Energy,77.87,78.0628,75.8949,77.2146,5666996,0.3852,72.9961,78.3067,1.8756,2.1679,2022,3,Mar,1,Thursday,-9.1593
2022-03-25,XOM,Energy,76.5419,77.2518,75.4349,76.7603,9506043,-0.5884,73.3586,78.1676,1.8544,1.8169,2022,3,Mar,1,Friday,-9.6938
2022-03-28,XOM,Energy,75.8767,76.1003,75.1047,75.9877,2758101,-1.0065,73.6688,78.0283,1.8853,0.9956,2022,3,Mar,1,Monday,-10.6027
2022-03-29,XOM,Energy,75.3505,75.6194,74.2781,74.6559,5050325,-1.7527,73.8889,77.8554,1.9468,1.3413,2022,3,Mar,1,Tuesday,-12.1695
2022-03-30,XOM,Energy,73.083,74.2991,72.4814,73.7804,4355263,-1.1727,73.9857,77.6441,1.9178,1.8177,2022,3,Mar,1,Wednesday,-13.1995
2022-03-31,XOM,Energy,73.1869,73.5118,72.2016,73.3036,11611199,-0.6462,74.0644,77.4017,1.925,1.3102,2022,3,Mar,1,Thursday,-13.7605
2022-04-01,XOM,Energy,72.7518,74.1457,72.3382,72.6391,7498738,-0.9065,74.0578,77.1204,1.9117,1.8075,2022,4,Apr,2,Friday,-14.5422
2022-04-04,XOM,Energy,72.1837,73.3889,71.3469,71.7452,3123484,-1.2306,73.9586,76.8331,1.9047,2.042,2022,4,Apr,2,Monday,-15.5939
2022-04-05,XOM,Energy,74.7946,75.7787,74.5712,74.6206,4889482,4.0078,74.0925,76.6186,2.0336,1.2075,2022,4,Apr,2,Tuesday,-12.2111
2022-04-06,XOM,Energy,73.2793,73.7444,72.8825,73.1751,4826884,-1.9371,74.0527,76.4266,1.9892,0.8619,2022,4,Apr,2,Wednesday,-13.9116
2022-04-07,XOM,Energy,72.8603,73.7502,72.048,73.3936,4333915,0.2986,74.1229,76.2222,1.8899,1.7022,2022,4,Apr,2,Thursday,-13.6546
2022-04-08,XOM,Energy,74.4081,74.984,73.3309,74.2345,5292012,1.1457,74.1717,76.0346,1.8664,1.6531,2022,4,Apr,2,Friday,-12.6653
2022-04-11,XOM,Energy,75.0265,75.3102,74.46,75.1381,4663413,1.2172,74.3705,75.7776,1.7467,0.8502,2022,4,Apr,2,Monday,-11.6022
2022-04-12,XOM,Energy,75.1785,75.6573,73.8784,75.0695,7220367,-0.0913,74.5245,75.5087,1.7361,1.7789,2022,4,Apr,2,Tuesday,-11.6829
2022-04-13,XOM,Energy,74.8943,75.5393,73.0646,74.7412,5064329,-0.4373,74.5341,75.2586,1.5525,2.4747,2022,4,Apr,2,Wednesday,-12.0692
2022-04-14,XOM,Energy,74.9795,75.6285,74.4731,75.3974,9422257,0.878,74.5908,75.0776,1.5606,1.1554,2022,4,Apr,2,Thursday,-11.2972
2022-04-15,XOM,Energy,75.9312,76.2093,75.2356,75.7942,5222655,0.5263,74.6847,74.8707,1.5579,0.9737,2022,4,Apr,2,Friday,-10.8304
2022-04-18,XOM,Energy,75.4881,75.9113,75.4227,75.4365,5008770,-0.4719,74.7171,74.7151,1.5434,0.4886,2022,4,Apr,2,Monday,-11.2512
2022-04-19,XOM,Energy,73.1692,73.7672,72.9311,73.2129,8590810,-2.9476,74.6609,74.5255,1.679,0.8361,2022,4,Apr,2,Tuesday,-13.8672
2022-04-20,XOM,Energy,72.7277,73.3116,72.2209,72.5767,3682248,-0.869,74.4439,74.3299,1.4645,1.0907,2022,4,Apr,2,Wednesday,-14.6156
2022-04-21,XOM,Energy,70.7164,71.5582,69.9713,71.0101,6981001,-2.1585,74.1336,74.1048,1.5134,1.5869,2022,4,Apr,2,Thursday,-16.4587
2022-04-22,XOM,Energy,70.3596,70.9082,70.1128,70.1242,9740156,-1.2476,73.8018,73.8606,1.5247,0.7954,2022,4,Apr,2,Friday,-17.5009
2022-04-25,XOM,Energy,70.3492,71.1103,69.5028,70.1825,5970623,0.0831,73.5116,73.6128,1.5228,1.6075,2022,4,Apr,2,Monday,-17.4324
2022-04-26,XOM,Energy,70.7336,71.4403,69.2738,70.6749,2908405,0.7016,73.3125,73.4504,1.5057,2.1665,2022,4,Apr,2,Tuesday,-16.8531
2022-04-27,XOM,Energy,72.8848,73.1277,72.6475,73.0799,3817031,3.4029,73.2775,73.3353,1.6958,0.4802,2022,4,Apr,2,Wednesday,-14.0236
2022-04-28,XOM,Energy,72.8862,73.6572,72.3117,72.3483,5008770,-1.0011,73.2297,73.272,1.7044,1.3455,2022,4,Apr,2,Thursday,-14.8844
2022-04-29,XOM,Energy,73.0093,73.6165,72.9489,73.4276,3652637,1.4918,73.2692,73.209,1.7253,0.6676,2022,4,Apr,2,Friday,-13.6146
2022-05-02,XOM,Energy,74.2995,75.5423,72.8645,73.8691,3742617,0.6013,73.3753,73.1707,1.7012,2.6778,2022,5,May,2,Monday,-13.0952
2022-05-03,XOM,Energy,76.1994,76.9985,74.8023,75.7028,4850828,2.4824,73.4295,73.2309,1.5468,2.1962,2022,5,May,2,Tuesday,-10.9379
2022-05-04,XOM,Energy,76.2821,77.4256,75.7192,76.5468,3565885,1.1149,73.598,73.3302,1.4863,1.7064,2022,5,May,2,Wednesday,-9.9449
2022-05-05,XOM,Energy,75.7701,76.2785,73.9794,75.0954,6992212,-1.8961,73.6831,73.4729,1.5606,2.2991,2022,5,May,2,Thursday,-11.6525
2022-05-06,XOM,Energy,73.2881,73.5312,72.6033,72.6519,2286473,-3.2539,73.604,73.5358,1.7121,0.9279,2022,5,May,2,Friday,-14.5272
2022-05-09,XOM,Energy,73.003,73.6278,72.4877,73.0961,4951115,0.6114,73.5019,73.602,1.6929,1.1401,2022,5,May,2,Monday,-14.0046
2022-05-10,XOM,Energy,68.7037,69.8246,68.3215,68.722,2888150,-5.984,73.1845,73.5714,2.1405,1.5031,2022,5,May,2,Tuesday,-19.1506
2022-05-11,XOM,Energy,67.0791,67.7813,66.6177,67.4558,3781961,-1.8425,72.8203,73.4836,2.1641,1.1636,2022,5,May,2,Wednesday,-20.6402
2022-05-12,XOM,Energy,66.0413,66.9529,64.765,65.8446,6680462,-2.3885,72.3426,73.3659,2.1787,2.1879,2022,5,May,2,Thursday,-22.5358
2022-05-13,XOM,Energy,66.6479,66.8137,64.8898,66.0592,4928923,0.3259,71.8559,73.2317,2.1735,1.9239,2022,5,May,2,Friday,-22.2833
2022-05-16,XOM,Energy,68.3136,68.55,67.6376,67.9648,4549181,2.8847,71.4823,73.1164,2.314,0.9124,2022,5,May,2,Monday,-20.0414
2022-05-17,XOM,Energy,68.0618,68.1647,66.3959,67.4506,4936155,-0.7566,71.1942,73.0265,2.2425,1.7688,2022,5,May,2,Tuesday,-20.6464
2022-05-18,XOM,Energy,68.3269,69.2069,67.981,68.2206,12475298,1.1416,70.9764,72.9115,2.2646,1.2259,2022,5,May,2,Wednesday,-19.7405
2022-05-19,XOM,Energy,67.5465,68.6526,67.0721,68.1017,9579186,-0.1743,70.8309,72.8337,2.2212,1.5805,2022,5,May,2,Thursday,-19.8804
2022-05-20,XOM,Energy,65.8948,67.3312,65.607,66.4469,3345688,-2.4299,70.6471,72.6975,2.2663,1.7242,2022,5,May,2,Friday,-21.8272
2022-05-23,XOM,Energy,66.8052,69.1505,65.5037,67.3879,10017885,1.4162,70.5073,72.622,2.2958,3.6468,2022,5,May,2,Monday,-20.7201
2022-05-24,XOM,Energy,66.3419,67.3845,65.4539,65.9998,10221088,-2.0599,70.2736,72.5022,2.323,1.9306,2022,5,May,2,Tuesday,-22.3532
2022-05-25,XOM,Energy,66.1786,66.3048,64.9172,66.0401,7248535,0.0611,69.9216,72.3321,2.1556,1.3876,2022,5,May,2,Wednesday,-22.3058
2022-05-26,XOM,Energy,65.4248,66.5031,64.772,65.6248,3345891,-0.6289,69.5854,72.1593,2.1525,1.7311,2022,5,May,2,Thursday,-22.7944
2022-05-27,XOM,Energy,66.1338,67.0708,65.7432,66.7515,5346317,1.7169,69.2516,72.016,2.1638,1.3276,2022,5,May,2,Friday,-21.4688
2022-05-30,XOM,Energy,65.5588,65.9741,64.7427,65.4228,12421828,-1.9905,68.8293,71.8287,2.175,1.2314,2022,5,May,2,Monday,-23.032
2022-05-31,XOM,Energy,66.3277,66.341,65.4942,65.9217,2818250,0.7626,68.3402,71.6604,2.0793,0.8468,2022,5,May,2,Tuesday,-22.4451
2022-06-01,XOM,Energy,64.5425,65.4991,64.466,64.8831,2732840,-1.5755,67.7571,71.4197,2.0446,1.0331,2022,6,Jun,2,Wednesday,-23.6669
2022-06-02,XOM,Energy,64.706,65.6155,62.4735,64.2659,9450883,-0.9512,67.2156,71.1607,2.0289,3.142,2022,6,Jun,2,Thursday,-24.3931
2022-06-03,XOM,Energy,60.2502,61.3923,59.7804,59.84,4665309,-6.8869,66.575,70.8223,2.3941,1.6119,2022,6,Jun,2,Friday,-29.6
2022-06-06,XOM,Energy,62.7813,64.2992,62.1903,62.2306,4932620,3.995,66.0317,70.5472,2.6183,2.1089,2022,6,Jun,2,Monday,-26.7875
2022-06-07,XOM,Energy,63.1203,64.0548,62.398,62.894,6300090,1.066,65.7403,70.3119,2.3388,1.6568,2022,6,Jun,2,Tuesday,-26.0071
2022-06-08,XOM,Energy,61.8297,62.6062,61.2895,61.9897,5003774,-1.4378,65.467,70.0761,2.3276,1.3167,2022,6,Jun,2,Wednesday,-27.0709
2022-06-09,XOM,Energy,60.8291,61.3753,60.5309,60.6774,2805803,-2.117,65.2087,69.8236,2.3161,0.8444,2022,6,Jun,2,Thursday,-28.6148
2022-06-10,XOM,Energy,60.1165,61.586,59.974,60.1181,7930601,-0.9218,64.9116,69.5732,2.3128,1.612,2022,6,Jun,2,Friday,-29.2728
2022-06-13,XOM,Energy,57.5529,57.7459,57.2966,57.3419,6636114,-4.6179,64.3805,69.2851,2.3526,0.4493,2022,6,Jun,2,Monday,-32.5389
2022-06-14,XOM,Energy,55.6539,56.1618,54.7593,55.292,5748115,-3.5749,63.7725,68.8985,2.4317,1.4025,2022,6,Jun,2,Tuesday,-34.9506
2022-06-15,XOM,Energy,55.0403,55.1883,54.9328,55.1543,2741952,-0.249,63.1192,68.5381,2.3879,0.2555,2022,6,Jun,2,Wednesday,-35.1126
2022-06-16,XOM,Energy,56.535,57.7449,56.4342,57.0208,4454520,3.3841,62.5652,68.2107,2.5798,1.3107,2022,6,Jun,2,Thursday,-32.9167
2022-06-17,XOM,Energy,56.1619,56.2498,55.613,55.8037,10694593,-2.1345,62.033,67.842,2.5712,0.6368,2022,6,Jun,2,Friday,-34.3486
2022-06-20,XOM,Energy,55.7667,56.5702,55.4085,55.9001,3199193,0.1727,61.4586,67.4573,2.5285,1.1617,2022,6,Jun,2,Monday,-34.2352
2022-06-21,XOM,Energy,58.5958,58.6187,57.6219,58.2514,3554334,4.2063,61.0712,67.1209,2.7552,0.9968,2022,6,Jun,2,Tuesday,-31.4689
2022-06-22,XOM,Energy,59.2253,59.5147,58.1338,58.9627,5522108,1.2211,60.7173,66.8054,2.7816,1.3809,2022,6,Jun,2,Wednesday,-30.6321
2022-06-23,XOM,Energy,58.9022,59.1766,58.3228,59.1156,2425399,0.2593,60.3919,66.4797,2.787,0.8538,2022,6,Jun,2,Thursday,-30.4522
2022-06-24,XOM,Energy,59.2175,60.5209,58.3273,59.6965,2188542,0.9827,60.0391,66.1578,2.7612,2.1936,2022,6,Jun,2,Friday,-29.7688
2022-06-27,XOM,Energy,59.0141,59.3501,58.918,59.2537,3186847,-0.7418,59.7307,65.8341,2.7402,0.4321,2022,6,Jun,2,Monday,-30.2898
2022-06-28,XOM,Energy,60.6189,60.9128,60.3061,60.7288,1457453,2.4895,59.471,65.5844,2.8071,0.6067,2022,6,Jun,2,Tuesday,-28.5544
2022-06-29,XOM,Energy,60.3302,60.4341,59.2654,60.2801,1842114,-0.7389,59.2409,65.3385,2.7944,1.1687,2022,6,Jun,2,Wednesday,-29.0822
2022-06-30,XOM,Energy,58.4125,58.4664,56.9544,58.0483,6549057,-3.7024,58.93,65.0793,2.8926,1.512,2022,6,Jun,2,Thursday,-31.7079
2022-07-01,XOM,Energy,58.1181,58.638,56.8077,57.6283,7955500,-0.7235,58.8194,64.8293,2.4702,1.8303,2022,7,Jul,3,Friday,-32.202
2022-07-04,XOM,Energy,57.0982,57.7682,56.1051,56.5813,5792363,-1.8168,58.5369,64.5573,2.2911,1.6631,2022,7,Jul,3,Monday,-33.4338
2022-07-05,XOM,Energy,56.1076,56.7351,56.0057,56.2904,4344902,-0.5141,58.2068,64.2696,2.2632,0.7294,2022,7,Jul,3,Tuesday,-33.776
2022-07-06,XOM,Energy,56.0576,56.8554,55.9616,56.0245,7907582,-0.4724,57.9085,63.9285,2.2531,0.8938,2022,7,Jul,3,Wednesday,-34.0888
2022-07-07,XOM,Energy,57.044,57.6904,55.5443,57.3103,5671040,2.2951,57.7401,63.6278,2.2999,2.1461,2022,7,Jul,3,Thursday,-32.5761
2022-07-08,XOM,Energy,57.6478,58.3088,56.9419,58.0789,4095032,1.3411,57.6382,63.3208,2.3212,1.3669,2022,7,Jul,3,Friday,-31.6719
2022-07-11,XOM,Energy,58.3451,58.6286,57.8095,58.381,3341007,0.5202,57.6901,63.011,2.0711,0.8191,2022,7,Jul,3,Monday,-31.3165
2022-07-12,XOM,Energy,58.9272,59.3481,58.0334,58.3894,5008117,0.0144,57.845,62.6648,1.8819,1.3147,2022,7,Jul,3,Tuesday,-31.3066
2022-07-13,XOM,Energy,57.2319,58.6278,56.4545,57.2264,6159392,-1.9918,57.9486,62.2783,1.9474,2.1733,2022,7,Jul,3,Wednesday,-32.6748
2022-07-14,XOM,Energy,54.8168,55.9314,54.5993,54.8663,4248355,-4.1241,57.8409,61.8738,2.0239,1.3321,2022,7,Jul,3,Thursday,-35.4514
2022-07-15,XOM,Energy,55.0985,55.5993,54.6948,54.9952,3468795,0.2349,57.8005,61.5206,1.9717,0.9045,2022,7,Jul,3,Friday,-35.2998
2022-07-18,XOM,Energy,56.256,57.5404,54.9034,55.8365,6443851,1.5298,57.7973,61.1754,2.0031,2.637,2022,7,Jul,3,Monday,-34.31
2022-07-19,XOM,Energy,55.9897,56.6524,55.7213,55.7328,7569104,-0.1857,57.6714,60.9157,1.7431,0.9311,2022,7,Jul,3,Tuesday,-34.432
2022-07-20,XOM,Energy,55.5368,55.6179,54.2392,55.1776,9408233,-0.9962,57.4821,60.6701,1.7179,1.3787,2022,7,Jul,3,Wednesday,-35.0852
2022-07-21,XOM,Energy,55.2387,56.5401,55.1346,55.6756,2653207,0.9025,57.3101,60.4667,1.7352,1.4055,2022,7,Jul,3,Thursday,-34.4993
2022-07-22,XOM,Energy,56.0542,56.4078,55.3493,55.5985,8654043,-0.1385,57.1052,60.2575,1.71,1.0585,2022,7,Jul,3,Friday,-34.59
2022-07-25,XOM,Energy,56.9944,57.8789,56.8466,57.3904,3460473,3.2229,57.012,60.046,1.8822,1.0323,2022,7,Jul,3,Monday,-32.4819
2022-07-26,XOM,Energy,58.9824,60.1674,58.2972,58.7461,8598136,2.3622,56.9129,59.8719,1.873,1.8702,2022,7,Jul,3,Tuesday,-30.8869
2022-07-27,XOM,Energy,59.4119,60.6922,59.4055,59.8288,6182547,1.843,56.8903,59.7041,1.9187,1.2867,2022,7,Jul,3,Wednesday,-29.6132
2022-07-28,XOM,Energy,60.1866,60.8876,59.8787,60.7022,9580881,1.4598,57.023,59.5561,1.7357,1.0089,2022,7,Jul,3,Thursday,-28.5856
2022-07-29,XOM,Energy,59.0183,59.7374,58.6184,59.2263,4565213,-2.4314,57.1029,59.4117,1.8252,1.119,2022,7,Jul,3,Friday,-30.322
2022-08-01,XOM,Energy,60.1962,60.5364,59.6453,59.9842,16779711,1.2797,57.2731,59.2636,1.7801,0.8911,2022,8,Aug,3,Monday,-29.4304
2022-08-02,XOM,Energy,60.8733,61.6243,60.3357,60.4251,5684405,0.735,57.4798,59.1521,1.7717,1.2886,2022,8,Aug,3,Tuesday,-28.9116
2022-08-03,XOM,Energy,61.1077,61.5452,60.9874,61.1334,9707850,1.1722,57.7353,59.054,1.7687,0.5578,2022,8,Aug,3,Wednesday,-28.0784
2022-08-04,XOM,Energy,61.7866,62.0325,61.2496,61.7178,1926735,0.9559,57.9556,58.9758,1.7199,0.7829,2022,8,Aug,3,Thursday,-27.3908
2022-08-05,XOM,Energy,62.223,62.3804,60.8141,62.2611,5602268,0.8803,58.1647,58.886,1.7095,1.5663,2022,8,Aug,3,Friday,-26.7516
2022-08-08,XOM,Energy,65.223,65.5296,64.5831,65.4686,4029177,5.1517,58.5191,58.8869,2.0179,0.9465,2022,8,Aug,3,Monday,-22.9781
2022-08-09,XOM,Energy,65.1813,66.2144,64.4284,65.3869,3478220,-0.1248,58.869,58.8763,2.0202,1.786,2022,8,Aug,3,Tuesday,-23.0742
2022-08-10,XOM,Energy,66.6698,67.027,66.1654,66.5632,2334311,1.799,59.3358,58.9099,1.9419,0.8616,2022,8,Aug,3,Wednesday,-21.6904
2022-08-11,XOM,Energy,65.6796,66.0939,65.3891,65.9809,5287926,-0.8748,59.8916,58.9442,1.6195,0.7048,2022,8,Aug,3,Thursday,-22.3754
2022-08-12,XOM,Energy,67.5827,67.7125,66.5297,66.9852,1153213,1.5221,60.4911,59.0871,1.6156,1.1828,2022,8,Aug,3,Friday,-21.1939
2022-08-15,XOM,Energy,68.6893,69.5545,67.4683,68.1941,8049404,1.8047,61.1089,59.2063,1.6215,2.0862,2022,8,Aug,3,Monday,-19.7716
2022-08-16,XOM,Energy,68.6106,69.0284,68.5567,68.68,5080936,0.7125,61.7563,59.322,1.5987,0.4717,2022,8,Aug,3,Tuesday,-19.2
2022-08-17,XOM,Energy,71.087,71.8193,70.3755,70.8719,5278738,3.1915,62.541,59.4997,1.5891,1.4438,2022,8,Aug,3,Wednesday,-16.6213
2022-08-18,XOM,Energy,69.8223,69.947,69.4201,69.6954,8309223,-1.66,63.242,59.6801,1.7185,0.5269,2022,8,Aug,3,Thursday,-18.0054
2022-08-19,XOM,Energy,69.4074,70.37,68.3837,69.0641,5009424,-0.9058,63.9153,59.859,1.7567,1.9863,2022,8,Aug,3,Friday,-18.7481
2022-08-22,XOM,Energy,68.7508,69.5149,68.1373,69.3566,6398071,0.4235,64.5136,60.0993,1.6893,1.3776,2022,8,Aug,3,Monday,-18.404
2022-08-23,XOM,Energy,70.0969,71.1717,69.995,70.5312,5665512,1.6936,65.1028,60.404,1.6667,1.1767,2022,8,Aug,3,Tuesday,-17.0221
2022-08-24,XOM,Energy,70.4416,70.7994,69.4113,70.7858,4369146,0.361,65.6507,60.7167,1.6569,1.3881,2022,8,Aug,3,Wednesday,-16.7226
2022-08-25,XOM,Energy,72.5949,72.7691,72.0256,72.5292,6193445,2.4629,66.242,61.0268,1.691,0.7435,2022,8,Aug,3,Thursday,-14.6715
2022-08-26,XOM,Energy,72.2246,72.6501,70.8394,71.6318,5008770,-1.2373,66.8623,61.3434,1.5846,1.8107,2022,8,Aug,3,Friday,-15.7273
2022-08-29,XOM,Energy,70.3731,70.4831,70.0919,70.0938,4158487,-2.1471,67.3678,61.6273,1.7278,0.3912,2022,8,Aug,3,Monday,-17.5367
2022-08-30,XOM,Energy,70.6718,71.4197,69.8726,70.5182,2387820,0.6055,67.8725,61.8726,1.7283,1.5471,2022,8,Aug,3,Tuesday,-17.0374
2022-08-31,XOM,Energy,71.0206,71.2284,69.7342,70.4289,7369771,-0.1266,68.3372,62.1019,1.7375,1.4942,2022,8,Aug,3,Wednesday,-17.1425
2022-09-01,XOM,Energy,70.9292,71.4912,70.863,71.1694,9042449,1.0514,68.8098,62.343,1.7383,0.6282,2022,9,Sep,3,Thursday,-16.2713
2022-09-02,XOM,Energy,71.3275,72.5558,70.9563,71.1466,3366296,-0.032,69.2541,62.572,1.7461,1.5995,2022,9,Sep,3,Friday,-16.2981
2022-09-05,XOM,Energy,70.2376,70.8422,69.8128,70.7012,6672807,-0.626,69.5157,62.801,1.4144,1.0294,2022,9,Sep,3,Monday,-16.8221
2022-09-06,XOM,Energy,71.04,71.5234,69.7999,70.6147,7670686,-0.1223,69.7771,62.9987,1.4144,1.7235,2022,9,Sep,3,Tuesday,-16.9239
2022-09-07,XOM,Energy,70.3611,71.1345,69.7294,70.6675,6524054,0.0748,69.9823,63.2064,1.3763,1.4051,2022,9,Sep,3,Wednesday,-16.8618
2022-09-08,XOM,Energy,70.2989,71.1106,70.1721,70.2721,5995438,-0.5595,70.1969,63.4509,1.3638,0.9385,2022,9,Sep,3,Thursday,-17.3269
2022-09-09,XOM,Energy,69.7938,70.0674,69.7407,70.015,5028411,-0.3659,70.3484,63.6986,1.3417,0.3267,2022,9,Sep,3,Friday,-17.6294
2022-09-12,XOM,Energy,70.0551,70.5014,68.6669,69.4921,3117851,-0.7468,70.4133,63.9569,1.3049,1.8345,2022,9,Sep,3,Monday,-18.2446
2022-09-13,XOM,Energy,70.6141,70.6912,69.0433,70.6371,5962224,1.6477,70.5111,64.2438,1.344,1.6479,2022,9,Sep,3,Tuesday,-16.8975
2022-09-14,XOM,Energy,70.6341,71.0555,70.0917,70.9116,4390879,0.3886,70.5131,64.5415,1.1409,0.9638,2022,9,Sep,3,Wednesday,-16.5746
2022-09-15,XOM,Energy,74.5284,75.2251,73.3483,73.9663,6091217,4.3078,70.7267,64.8747,1.4262,1.8768,2022,9,Sep,3,Thursday,-12.9808
2022-09-16,XOM,Energy,74.7893,75.1603,72.8187,74.207,6589029,0.3254,70.9838,65.1972,1.3973,2.3416,2022,9,Sep,3,Friday,-12.6976
2022-09-19,XOM,Energy,73.4352,74.2656,73.3301,73.4452,3818208,-1.0266,71.1882,65.4985,1.4315,0.9355,2022,9,Sep,3,Monday,-13.5939
2022-09-20,XOM,Energy,77.1193,77.8734,76.0445,77.1867,4128051,5.0943,71.521,65.8745,1.7685,1.8289,2022,9,Sep,3,Tuesday,-9.1921
2022-09-21,XOM,Energy,77.7808,77.9756,76.7818,77.8087,2747948,0.8058,71.8722,66.2861,1.7699,1.1938,2022,9,Sep,3,Wednesday,-8.4604
2022-09-22,XOM,Energy,79.7785,81.0386,78.5908,79.288,2408737,1.9012,72.2101,66.7745,1.7412,2.4478,2022,9,Sep,3,Thursday,-6.72
2022-09-23,XOM,Energy,80.478,81.4487,79.4721,80.1959,2332370,1.1451,72.6383,67.2785,1.6999,1.9766,2022,9,Sep,3,Friday,-5.6519
2022-09-26,XOM,Energy,81.6951,81.7978,80.858,81.1612,9129416,1.2037,73.1917,67.785,1.5777,0.9398,2022,9,Sep,3,Monday,-4.5162
2022-09-27,XOM,Energy,82.1415,82.8112,81.1491,82.0035,7669915,1.0378,73.7659,68.3105,1.5787,1.6621,2022,9,Sep,3,Tuesday,-3.5253
2022-09-28,XOM,Energy,79.8715,80.6651,79.8432,80.3027,2499498,-2.0741,74.2596,68.813,1.6927,0.8219,2022,9,Sep,3,Wednesday,-5.5262
2022-09-29,XOM,Energy,80.4242,81.4732,79.8201,80.8796,6885831,0.7184,74.7451,69.317,1.6904,1.6531,2022,9,Sep,3,Thursday,-4.8475
2022-09-30,XOM,Energy,79.5884,80.8531,78.4084,78.8598,9967331,-2.4973,75.1308,69.7823,1.8275,2.4447,2022,9,Sep,3,Friday,-7.2238
2022-10-03,XOM,Energy,78.9926,80.1041,78.4649,78.6143,2454986,-0.3113,75.5264,70.2067,1.8183,1.6392,2022,10,Oct,4,Monday,-7.5126
2022-10-04,XOM,Energy,77.6578,79.4656,77.1397,77.5462,5155151,-1.3587,75.873,70.5827,1.8628,2.3259,2022,10,Oct,4,Tuesday,-8.7692
2022-10-05,XOM,Energy,78.1658,78.5067,77.4334,78.0884,2722815,0.6992,76.2441,70.9479,1.8607,1.0733,2022,10,Oct,4,Wednesday,-8.1313
2022-10-06,XOM,Energy,78.2693,80.4987,77.2461,78.5998,2167042,0.6549,76.6605,71.3059,1.8435,3.2526,2022,10,Oct,4,Thursday,-7.5296
2022-10-07,XOM,Energy,79.4549,80.5122,78.3605,79.334,8045640,0.9341,77.1264,71.708,1.8314,2.1517,2022,10,Oct,4,Friday,-6.6659
2022-10-10,XOM,Energy,79.2264,80.9727,79.1838,79.7829,4771324,0.5658,77.6409,72.104,1.8023,1.7889,2022,10,Oct,4,Monday,-6.1378
2022-10-11,XOM,Energy,78.1589,79.4395,77.2382,78.879,4758828,-1.1329,78.053,72.4731,1.833,2.2013,2022,10,Oct,4,Tuesday,-7.2012
2022-10-12,XOM,Energy,79.1198,79.6314,78.0094,78.5036,8211138,-0.4759,78.4326,72.8205,1.8476,1.622,2022,10,Oct,4,Wednesday,-7.6428
2022-10-13,XOM,Energy,84.4939,84.9201,83.6475,83.8174,13838565,6.7689,78.9252,73.2625,2.1671,1.2726,2022,10,Oct,4,Thursday,-1.3913
2022-10-14,XOM,Energy,85.813,86.1517,85.0863,85.5347,3774919,2.0489,79.4916,73.728,2.1877,1.0654,2022,10,Oct,4,Friday,0.6291
2022-10-17,XOM,Energy,83.6397,85.4622,83.3595,83.6881,4139202,-2.1589,80.0037,74.0924,2.2495,2.1027,2022,10,Oct,4,Monday,-1.5434
2022-10-18,XOM,Energy,81.1449,81.394,80.6124,81.2706,5344441,-2.8887,80.2079,74.41,2.1297,0.7816,2022,10,Oct,4,Tuesday,-4.3875
2022-10-19,XOM,Energy,79.6086,80.3746,78.019,80.1644,5332404,-1.3611,80.3257,74.682,2.1565,2.3556,2022,10,Oct,4,Wednesday,-5.6889
2022-10-20,XOM,Energy,82.4136,83.3733,81.5787,81.7724,2841800,2.0059,80.4499,74.9979,2.161,1.7946,2022,10,Oct,4,Thursday,-3.7972
2022-10-21,XOM,Energy,84.157,84.8141,82.5353,83.6763,2429240,2.3283,80.6239,75.3317,2.2047,2.2788,2022,10,Oct,4,Friday,-1.5573
2022-10-24,XOM,Energy,82.2451,82.6223,81.8298,82.2229,6262307,-1.7369,80.677,75.6123,2.2346,0.7925,2022,10,Oct,4,Monday,-3.2672
2022-10-25,XOM,Energy,83.264,84.1357,82.2399,82.7194,7053898,0.6038,80.7128,75.8931,2.227,1.8958,2022,10,Oct,4,Tuesday,-2.6831
2022-10-26,XOM,Energy,86.3485,87.0243,85.5908,85.6191,4339001,3.5055,80.9786,76.188,2.2932,1.4335,2022,10,Oct,4,Wednesday,0.7284
2022-10-27,XOM,Energy,86.5541,87.2777,85.8611,86.3118,5203503,0.809,81.2503,76.5203,2.294,1.4166,2022,10,Oct,4,Thursday,1.5433
2022-10-28,XOM,Energy,88.0948,88.9355,86.5,88.6602,9913328,2.7208,81.7403,76.9123,2.2495,2.4355,2022,10,Oct,4,Friday,4.3061
2022-10-31,XOM,Energy,90.6812,91.8478,89.9068,90.3604,6157677,1.9177,82.3276,77.3323,2.2566,1.941,2022,10,Oct,4,Monday,6.3064
2022-11-01,XOM,Energy,89.1301,89.2967,87.9071,88.8158,7116990,-1.7094,82.8911,77.698,2.2749,1.3896,2022,11,Nov,4,Tuesday,4.4892
2022-11-02,XOM,Energy,88.572,90.0685,88.0454,88.5129,3688498,-0.341,83.4123,78.0526,2.2869,2.0231,2022,11,Nov,4,Wednesday,4.1328
2022-11-03,XOM,Energy,88.7952,89.1373,88.1872,88.5891,1874894,0.0861,83.9118,78.3738,2.2904,0.9501,2022,11,Nov,4,Thursday,4.2225
2022-11-04,XOM,Energy,88.3024,88.9883,87.4263,88.7821,5273584,0.2179,84.3842,78.7168,2.2909,1.562,2022,11,Nov,4,Friday,4.4495
2022-11-07,XOM,Energy,89.7,90.8905,89.0876,90.3456,11440440,1.7611,84.9123,79.1218,2.3058,1.8029,2022,11,Nov,4,Monday,6.2889
2022-11-08,XOM,Energy,90.7316,91.2769,90.5161,91.0652,4625263,0.7965,85.5216,79.5327,2.2674,0.7608,2022,11,Nov,4,Tuesday,7.1355
2022-11-09,XOM,Energy,85.6867,86.2672,85.6621,86.003,2682348,-5.5589,85.8966,79.8442,2.662,0.6051,2022,11,Nov,4,Wednesday,1.18
2022-11-10,XOM,Energy,83.0968,84.1884,82.953,83.875,2988017,-2.4743,85.8994,80.0983,2.2912,1.2354,2022,11,Nov,4,Thursday,-1.3235
2022-11-11,XOM,Energy,80.3649,81.4738,79.3459,80.4059,5712916,-4.136,85.643,80.2835,2.418,2.1279,2022,11,Nov,4,Friday,-5.4048
2022-11-14,XOM,Energy,80.2151,80.9665,79.8158,80.6899,4007146,0.3532,85.4931,80.4833,2.3803,1.1507,2022,11,Nov,4,Monday,-5.0707
2022-11-15,XOM,Energy,80.3378,81.2585,79.5384,81.0747,5719031,0.4769,85.4833,80.6925,2.2943,1.7201,2022,11,Nov,4,Tuesday,-4.618
2022-11-16,XOM,Energy,81.658,81.6752,81.5152,81.5272,5008770,0.5581,85.5514,80.9097,2.2738,0.16,2022,11,Nov,4,Wednesday,-4.0856
2022-11-17,XOM,Energy,79.56,80.7893,79.5023,80.0581,4113925,-1.802,85.4657,81.1054,2.266,1.287,2022,11,Nov,4,Thursday,-5.814
2022-11-18,XOM,Energy,81.227,81.9244,80.6361,81.0996,3211094,1.3009,85.3369,81.3271,2.2197,1.2883,2022,11,Nov,4,Friday,-4.5887
2022-11-21,XOM,Energy,82.5047,82.7012,81.9152,82.2195,7209569,1.3809,85.3367,81.5817,2.2106,0.786,2022,11,Nov,4,Monday,-3.2712
2022-11-22,XOM,Energy,80.6577,80.9952,79.6107,80.2752,2926854,-2.3648,85.2145,81.7744,2.2685,1.3845,2022,11,Nov,4,Tuesday,-5.5586
2022-11-23,XOM,Energy,77.4765,78.1607,76.8609,78.0552,13362537,-2.7655,84.8363,81.9173,2.1715,1.2998,2022,11,Nov,4,Wednesday,-8.1704
2022-11-24,XOM,Energy,77.4691,78.6652,76.9916,78.0706,3250248,0.0197,84.4243,81.9994,2.1548,1.6736,2022,11,Nov,4,Thursday,-8.1522
2022-11-25,XOM,Energy,81.0352,81.5354,79.8675,80.744,4208085,3.4243,84.0284,82.1301,2.2147,1.6679,2022,11,Nov,4,Friday,-5.0071
2022-11-28,XOM,Energy,83.1942,83.8873,83.193,83.3678,4059602,3.2495,83.6788,82.3286,2.3075,0.6943,2022,11,Nov,4,Monday,-1.9202
2022-11-29,XOM,Energy,84.7396,85.0516,82.9786,84.2769,5648328,1.0905,83.4519,82.4704,2.3073,2.073,2022,11,Nov,4,Tuesday,-0.8507
2022-11-30,XOM,Energy,82.481,84.1918,81.8189,83.1249,6139180,-1.3669,83.1825,82.5767,2.3211,2.3729,2022,11,Nov,4,Wednesday,-2.206
2022-12-01,XOM,Energy,83.9387,84.5498,83.4403,84.5421,4563257,1.7049,82.9801,82.6818,2.3626,1.1095,2022,12,Dec,4,Thursday,-0.5387
2022-12-02,XOM,Energy,84.4326,85.6884,83.165,83.8323,5670256,-0.8396,82.7326,82.7545,2.3645,2.5234,2022,12,Dec,4,Friday,-1.3738
2022-12-05,XOM,Energy,83.3689,83.7519,82.5249,82.6266,24963419,-1.4382,82.3467,82.7838,2.3285,1.227,2022,12,Dec,4,Monday,-2.7922
2022-12-06,XOM,Energy,78.8063,80.1741,77.4797,79.2773,4685304,-4.0535,81.7573,82.7293,2.4449,2.6944,2022,12,Dec,4,Tuesday,-6.7326
2022-12-07,XOM,Energy,79.5209,79.5524,78.4463,79.4474,6200976,0.2146,81.4295,82.7122,2.1606,1.1061,2022,12,Dec,4,Wednesday,-6.5325
2022-12-08,XOM,Energy,78.0774,79.2259,77.3233,78.5125,8613246,-1.1768,81.1614,82.6648,2.1131,1.9026,2022,12,Dec,4,Thursday,-7.6324
2022-12-09,XOM,Energy,78.3666,78.9219,78.208,78.672,5982581,0.2032,81.0747,82.6611,1.9127,0.7139,2022,12,Dec,4,Friday,-7.4447
2022-12-12,XOM,Energy,75.1006,75.4271,74.8069,75.2508,4803617,-4.3487,80.8027,82.5938,2.1316,0.6202,2022,12,Dec,4,Monday,-11.4696
2022-12-13,XOM,Energy,75.2646,75.6471,74.8928,75.5086,3846999,0.3426,80.5244,82.5531,2.1291,0.7543,2022,12,Dec,4,Tuesday,-11.1664
2022-12-14,XOM,Energy,71.7288,72.6422,70.5273,72.0359,1869910,-4.5991,80.0499,82.432,2.3193,2.1149,2022,12,Dec,4,Wednesday,-15.2519
2022-12-15,XOM,Energy,73.5446,74.5718,73.21,73.5393,6306464,2.087,79.7239,82.3308,2.3748,1.3618,2022,12,Dec,4,Thursday,-13.4832
2022-12-16,XOM,Energy,74.7043,74.7439,74.2305,74.2832,8429193,1.0116,79.3831,82.2298,2.3648,0.5134,2022,12,Dec,4,Friday,-12.608
2022-12-19,XOM,Energy,74.592,74.6945,72.8286,73.9048,10596619,-0.5094,78.9674,82.1122,2.3268,1.8659,2022,12,Dec,4,Monday,-13.0532
2022-12-20,XOM,Energy,75.0709,75.5094,74.3569,74.7097,3475385,1.0891,78.6891,82.0288,2.3097,1.1525,2022,12,Dec,4,Tuesday,-12.1062
2022-12-21,XOM,Energy,72.8278,74.1846,72.0887,73.3363,2496269,-1.8383,78.4531,81.9255,2.2672,2.0959,2022,12,Dec,4,Wednesday,-13.722
2022-12-22,XOM,Energy,74.1011,74.3067,72.1331,73.4518,7892976,0.1575,78.2222,81.7182,2.2684,2.1736,2022,12,Dec,4,Thursday,-13.5861
2022-12-23,XOM,Energy,74.4401,74.5948,73.9166,74.5757,3444674,1.5301,77.9138,81.499,2.1416,0.6782,2022,12,Dec,4,Friday,-12.2639
2022-12-26,XOM,Energy,70.4227,71.8507,70.1966,70.2062,5123624,-5.8591,77.2557,81.2294,2.2935,1.6541,2022,12,Dec,4,Monday,-17.4045
2022-12-27,XOM,Energy,69.215,70.0646,68.6719,69.6237,14183819,-0.8297,76.5231,80.9964,2.2487,1.3927,2022,12,Dec,4,Tuesday,-18.0898
2022-12-28,XOM,Energy,69.7211,70.372,68.6882,69.6077,5540831,-0.023,75.8472,80.7853,2.2549,1.6838,2022,12,Dec,4,Wednesday,-18.1086
2022-12-29,XOM,Energy,68.9579,70.1587,68.6754,69.362,5464814,-0.353,75.0882,80.5371,2.1773,1.4833,2022,12,Dec,4,Thursday,-18.3976
2022-12-30,XOM,Energy,70.9058,71.7364,70.5997,71.2961,3697729,2.7884,74.4614,80.2895,2.3336,1.1367,2022,12,Dec,4,Friday,-16.1222
2023-01-02,XOM,Energy,69.2081,70.8015,69.1021,69.7879,8404819,-2.1154,73.8194,80.0408,2.3485,1.6994,2023,1,Jan,1,Monday,-17.8966
2023-01-03,XOM,Energy,68.7569,69.8251,68.127,68.9782,1830467,-1.1602,73.3045,79.766,2.2243,1.6981,2023,1,Jan,1,Tuesday,-18.8492
2023-01-04,XOM,Energy,66.5417,66.8884,66.0344,66.4811,8705383,-3.6201,72.6562,79.3832,2.3078,0.854,2023,1,Jan,1,Wednesday,-21.7869
2023-01-05,XOM,Energy,68.135,69.2022,68.0674,68.4021,13829617,2.8895,72.1507,79.025,2.453,1.1348,2023,1,Jan,1,Thursday,-19.5269
2023-01-06,XOM,Energy,67.7223,68.6272,67.2262,68.0957,9509431,-0.4479,71.6218,78.6137,2.4453,1.401,2023,1,Jan,1,Friday,-19.8874
2023-01-09,XOM,Energy,68.0853,68.4189,67.1028,67.5421,5330725,-0.813,71.2364,78.1573,2.2898,1.3161,2023,1,Jan,1,Monday,-20.5387
2023-01-10,XOM,Energy,67.5548,68.0785,66.7956,67.4883,4197372,-0.0797,70.8354,77.7308,2.2834,1.2829,2023,1,Jan,1,Tuesday,-20.602
2023-01-11,XOM,Energy,67.6742,69.2927,67.6047,68.3176,5905823,1.2288,70.6495,77.3269,2.1021,1.688,2023,1,Jan,1,Wednesday,-19.6264
2023-01-12,XOM,Energy,69.2172,69.4305,68.5314,68.7821,2998884,0.6799,70.4116,76.9308,2.0427,0.8991,2023,1,Jan,1,Thursday,-19.0799
2023-01-13,XOM,Energy,71.5896,72.5796,71.0851,72.2563,11895481,5.051,70.3103,76.6002,2.3563,1.4945,2023,1,Jan,1,Friday,-14.9926
2023-01-16,XOM,Energy,72.3321,73.0561,71.0565,72.894,5673947,0.8826,70.2597,76.2512,2.3645,1.9996,2023,1,Jan,1,Monday,-14.2424
2023-01-17,XOM,Energy,72.9131,73.2124,71.806,72.2642,4541631,-0.864,70.1375,75.8752,2.3556,1.4064,2023,1,Jan,1,Tuesday,-14.9833
2023-01-18,XOM,Energy,72.0525,72.4225,70.7087,71.5079,3215144,-1.0466,70.046,75.5853,2.3321,1.7138,2023,1,Jan,1,Wednesday,-15.8731
2023-01-19,XOM,Energy,71.3074,71.3869,70.2872,70.9886,3682093,-0.7262,69.9229,75.3276,2.3353,1.0997,2023,1,Jan,1,Thursday,-16.484
2023-01-20,XOM,Energy,68.9575,69.3671,68.2304,68.9771,5958731,-2.8336,69.6429,75.099,2.3742,1.1367,2023,1,Jan,1,Friday,-18.8505
2023-01-23,XOM,Energy,69.4086,70.0474,68.5995,69.0432,1765090,0.0958,69.5848,74.866,1.991,1.4479,2023,1,Jan,1,Monday,-18.7727
2023-01-24,XOM,Energy,70.6444,71.5455,70.0543,70.0847,8429443,1.5085,69.6078,74.6462,2.0123,1.4912,2023,1,Jan,1,Tuesday,-17.5474
2023-01-25,XOM,Energy,69.0967,70.0574,68.5146,69.282,9951260,-1.1453,69.5916,74.4013,2.0301,1.5428,2023,1,Jan,1,Wednesday,-18.4918
2023-01-26,XOM,Energy,67.9877,68.3634,67.9172,68.233,2514874,-1.5141,69.5351,74.1648,2.057,0.4462,2023,1,Jan,1,Thursday,-19.7259
2023-01-27,XOM,Energy,69.6371,70.3273,68.3727,70.212,1918008,2.9004,69.4809,73.9471,2.0653,1.9546,2023,1,Jan,1,Friday,-17.3976
2023-01-30,XOM,Energy,68.8484,68.871,67.74,68.3231,4322978,-2.6903,69.4077,73.6692,2.0992,1.131,2023,1,Jan,1,Monday,-19.6199
2023-01-31,XOM,Energy,65.9378,66.153,65.0711,65.6524,9162056,-3.9089,69.2414,73.3767,2.2573,1.0819,2023,1,Jan,1,Tuesday,-22.7619
2023-02-01,XOM,Energy,64.4962,64.9834,63.5046,64.2274,7130282,-2.1705,69.1287,73.1001,2.1638,1.4788,2023,2,Feb,1,Wednesday,-24.4384
2023-02-02,XOM,Energy,62.4494,62.6731,62.2307,62.3605,4983517,-2.9067,68.8266,72.7859,2.123,0.4424,2023,2,Feb,1,Thursday,-26.6347
2023-02-03,XOM,Energy,63.1038,63.118,62.5965,62.8305,4851977,0.7537,68.5633,72.4277,2.1397,0.5215,2023,2,Feb,1,Friday,-26.0818
2023-02-06,XOM,Energy,61.8978,62.5882,61.8417,62.4125,6071313,-0.6653,68.3069,72.0086,2.1384,0.7465,2023,2,Feb,1,Monday,-26.5735
2023-02-07,XOM,Energy,61.9499,63.9243,61.724,62.1645,2129736,-0.3974,68.0407,71.5663,2.1373,2.2003,2023,2,Feb,1,Tuesday,-26.8653
2023-02-08,XOM,Energy,63.174,63.6869,62.8931,63.5387,3817418,2.2106,67.8017,71.1746,2.1871,0.7938,2023,2,Feb,1,Wednesday,-25.2486
2023-02-09,XOM,Energy,63.0038,63.0886,62.5254,62.7168,3457302,-1.2935,67.4985,70.7381,2.1832,0.5632,2023,2,Feb,1,Thursday,-26.2155
2023-02-10,XOM,Energy,63.9908,64.5235,62.9963,63.6529,5759507,1.4926,67.0683,70.3345,1.8285,1.5272,2023,2,Feb,1,Friday,-25.1142
2023-02-13,XOM,Energy,65.0947,65.5922,64.9183,65.4935,6792699,2.8916,66.6983,69.9918,1.9652,0.6739,2023,2,Feb,1,Monday,-22.9488
2023-02-14,XOM,Energy,64.4832,65.2626,64.0318,64.9395,5946656,-0.8459,66.332,69.7051,1.9651,1.2308,2023,2,Feb,1,Tuesday,-23.6006
2023-02-15,XOM,Energy,66.0699,66.5058,65.5196,65.8619,4598931,1.4204,66.0497,69.4334,2.0069,0.9862,2023,2,Feb,1,Wednesday,-22.5154
2023-02-16,XOM,Energy,65.9837,66.2497,64.8872,65.5725,4014163,-0.4394,65.7789,69.1746,2.0054,1.3625,2023,2,Feb,1,Thursday,-22.8559
2023-02-17,XOM,Energy,66.3548,68.3116,66.2369,66.7369,3122991,1.7757,65.6669,68.9359,1.9728,2.0747,2023,2,Feb,1,Friday,-21.486
2023-02-20,XOM,Energy,64.2408,65.4193,64.0475,64.7576,2868689,-2.9658,65.4526,68.726,2.0694,1.3718,2023,2,Feb,1,Monday,-23.8146
2023-02-21,XOM,Energy,62.3598,62.9512,62.2812,62.7459,8632923,-3.1065,65.0857,68.4708,2.114,0.67,2023,2,Feb,1,Tuesday,-26.1813
2023-02-22,XOM,Energy,61.7465,63.0793,61.6584,62.292,4784399,-0.7234,64.7362,68.2759,2.1097,1.4209,2023,2,Feb,1,Wednesday,-26.7153
2023-02-23,XOM,Energy,61.6714,62.7058,60.9759,61.2524,7423374,-1.6689,64.3872,68.0301,2.1138,1.7299,2023,2,Feb,1,Thursday,-27.9384
2023-02-24,XOM,Energy,61.0297,62.1582,60.381,60.6633,1851830,-0.9618,63.9097,67.7577,1.9557,1.7772,2023,2,Feb,1,Friday,-28.6314
2023-02-27,XOM,Energy,60.5015,60.9794,60.1937,60.4224,2226688,-0.3971,63.5147,67.4881,1.9,0.7857,2023,2,Feb,1,Monday,-28.9148
2023-02-28,XOM,Energy,61.0059,61.4728,60.5577,61.2611,4199695,1.3881,63.2951,67.2191,1.7791,0.9151,2023,2,Feb,1,Tuesday,-27.9281
2023-03-01,XOM,Energy,61.0853,61.6817,60.6322,60.7988,2690111,-0.7546,63.1237,66.9684,1.7295,1.0495,2023,3,Mar,1,Wednesday,-28.472
2023-03-02,XOM,Energy,59.4212,60.0434,58.8546,59.8593,2594977,-1.5453,62.9986,66.6965,1.6445,1.1888,2023,3,Mar,1,Thursday,-29.5773
2023-03-03,XOM,Energy,59.4426,59.7494,59.3249,59.4715,5615413,-0.6479,62.8307,66.3944,1.6319,0.4245,2023,3,Mar,1,Friday,-30.0335
2023-03-06,XOM,Energy,58.0788,58.8689,57.9921,58.6143,5140641,-1.4414,62.6408,66.1626,1.6512,0.8768,2023,3,Mar,1,Monday,-31.042
2023-03-07,XOM,Energy,57.5534,57.7187,56.5548,57.5858,2085538,-1.7547,62.4119,65.9218,1.6829,1.1639,2023,3,Mar,1,Tuesday,-32.252
2023-03-08,XOM,Energy,55.3982,55.9311,55.0608,55.8325,5687261,-3.0447,62.0265,65.6463,1.6693,0.8703,2023,3,Mar,1,Wednesday,-34.3147
2023-03-09,XOM,Energy,55.5277,56.6083,55.522,55.9173,4902052,0.1519,61.6866,65.3774,1.6704,1.0863,2023,3,Mar,1,Thursday,-34.2149
2023-03-10,XOM,Energy,53.2374,53.8719,52.9198,53.0876,3712575,-5.0605,61.1583,65.0133,1.8768,0.9521,2023,3,Mar,1,Friday,-37.544
2023-03-13,XOM,Energy,54.1851,54.2565,53.0495,54.0729,7071118,1.856,60.5873,64.699,1.7788,1.207,2023,3,Mar,1,Monday,-36.3848
2023-03-14,XOM,Energy,52.9919,53.1617,52.5057,52.5967,9868263,-2.73,59.9701,64.3713,1.823,0.656,2023,3,Mar,1,Tuesday,-38.1215
2023-03-15,XOM,Energy,51.8804,52.0876,51.093,52.0655,3328306,-1.0099,59.2803,64.083,1.7295,0.9946,2023,3,Mar,1,Wednesday,-38.7465
2023-03-16,XOM,Energy,54.2944,54.6249,53.3442,53.8693,4049322,3.4645,58.6952,63.7924,2.0116,1.2807,2023,3,Mar,1,Thursday,-36.6244
2023-03-17,XOM,Energy,52.4315,52.986,51.971,52.9184,4871492,-1.7652,58.0042,63.4888,1.9116,1.015,2023,3,Mar,1,Friday,-37.7431
2023-03-20,XOM,Energy,52.3848,52.8092,51.8084,52.6911,2824120,-0.4295,57.4009,63.1918,1.8675,1.0008,2023,3,Mar,1,Monday,-38.0105
2023-03-21,XOM,Energy,51.8059,52.0449,51.4503,51.4844,8673004,-2.2901,56.8378,62.8717,1.8277,0.5946,2023,3,Mar,1,Tuesday,-39.4301
2023-03-22,XOM,Energy,50.569,50.7979,49.8345,50.1757,3885514,-2.5419,56.232,62.5089,1.8598,0.9634,2023,3,Mar,1,Wednesday,-40.9698
2023-03-23,XOM,Energy,51.4359,51.8077,50.7354,51.6608,6512415,2.9598,55.7524,62.1665,2.0575,1.0723,2023,3,Mar,1,Thursday,-39.2226
2023-03-24,XOM,Energy,51.8362,51.8545,51.8049,51.8391,5644806,0.3451,55.3112,61.7581,2.0737,0.0496,2023,3,Mar,1,Friday,-39.0128
2023-03-27,XOM,Energy,52.1262,52.4194,51.6342,51.9811,3412042,0.2739,54.8892,61.3399,2.0853,0.7852,2023,3,Mar,1,Monday,-38.8458
2023-03-28,XOM,Energy,49.9214,50.4507,49.9185,50.3161,3994008,-3.2031,54.3419,60.9009,2.0927,0.5322,2023,3,Mar,1,Tuesday,-40.8046
2023-03-29,XOM,Energy,50.3424,51.1352,49.8274,50.6692,6948921,0.7018,53.8354,60.4841,2.1252,1.3078,2023,3,Mar,1,Wednesday,-40.3892
2023-03-30,XOM,Energy,51.6559,52.9873,51.3962,51.7936,6828783,2.2191,53.4321,60.1002,2.2279,1.5911,2023,3,Mar,1,Thursday,-39.0664
2023-03-31,XOM,Energy,52.7856,53.9104,52.0198,52.9351,4554919,2.2039,53.1053,59.7794,2.3206,1.8906,2023,3,Mar,1,Friday,-37.7234
2023-04-03,XOM,Energy,53.1705,54.067,52.8821,53.6179,3866017,1.2899,52.8555,59.4709,2.3459,1.1849,2023,4,Apr,2,Monday,-36.9201
2023-04-04,XOM,Energy,52.2124,52.9975,52.1617,52.4779,5838927,-2.1262,52.6001,59.1187,2.3585,0.8358,2023,4,Apr,2,Tuesday,-38.2613
2023-04-05,XOM,Energy,52.597,52.861,52.4891,52.8006,3313362,0.6149,52.4485,58.7891,2.2864,0.3719,2023,4,Apr,2,Wednesday,-37.8816
2023-04-06,XOM,Energy,53.1755,54.2245,53.1665,53.4809,6372599,1.2884,52.3267,58.4941,2.311,1.058,2023,4,Apr,2,Thursday,-37.0813
2023-04-07,XOM,Energy,52.057,52.5024,51.4788,51.6682,4441663,-3.3894,52.2557,58.1232,2.1505,1.0236,2023,4,Apr,2,Friday,-39.2139
2023-04-10,XOM,Energy,50.8418,51.1845,50.3897,50.5778,5654903,-2.1104,52.081,57.7683,2.1422,0.7948,2023,4,Apr,2,Monday,-40.4967
2023-04-11,XOM,Energy,51.253,51.9834,51.2018,51.4414,3867830,1.7075,52.0232,57.4841,2.1081,0.7816,2023,4,Apr,2,Tuesday,-39.4807
2023-04-12,XOM,Energy,52.6515,53.3188,51.9765,52.3079,3165007,1.6844,52.0353,57.2457,2.1321,1.3423,2023,4,Apr,2,Wednesday,-38.4613
2023-04-13,XOM,Energy,50.7728,51.3238,49.4424,50.7794,1854052,-2.9221,51.8808,57.0141,2.0704,1.8814,2023,4,Apr,2,Thursday,-40.2595
2023-04-14,XOM,Energy,51.2384,51.8148,50.9832,51.5565,10061377,1.5303,51.8127,56.7886,2.0766,0.8316,2023,4,Apr,2,Friday,-39.3453
2023-04-17,XOM,Energy,51.666,52.0129,51.5377,51.6602,4887185,0.2011,51.7612,56.5735,2.0763,0.4752,2023,4,Apr,2,Monday,-39.2233
2023-04-18,XOM,Energy,52.7745,52.7848,52.4292,52.4371,5757077,1.5039,51.8088,56.379,2.0365,0.3556,2023,4,Apr,2,Tuesday,-38.3093
2023-04-19,XOM,Energy,52.2778,53.2003,50.7343,51.8155,9114242,-1.1854,51.8908,56.1445,1.9648,2.466,2023,4,Apr,2,Wednesday,-39.0406
2023-04-20,XOM,Energy,52.1917,53.1014,51.8002,52.461,2286427,1.2458,51.9308,55.9394,1.8724,1.3012,2023,4,Apr,2,Thursday,-38.2812
2023-04-21,XOM,Energy,53.3653,53.6181,52.4209,53.3126,4335730,1.6233,52.0045,55.7326,1.903,1.1972,2023,4,Apr,2,Friday,-37.2793
2023-04-24,XOM,Energy,52.5128,53.2051,51.7163,52.9674,6031701,-0.6475,52.0538,55.4821,1.9111,1.4888,2023,4,Apr,2,Monday,-37.6854
2023-04-25,XOM,Energy,52.6894,53.2247,52.4118,52.9958,4576744,0.0536,52.1878,55.2432,1.7454,0.8129,2023,4,Apr,2,Tuesday,-37.652
2023-04-26,XOM,Energy,52.8063,53.0907,52.0656,52.3534,1518354,-1.2122,52.272,54.973,1.773,1.0251,2023,4,Apr,2,Wednesday,-38.4078
2023-04-27,XOM,Energy,53.8583,54.1654,53.8264,54.0068,4640310,3.1582,52.3827,54.7417,1.841,0.339,2023,4,Apr,2,Thursday,-36.4626
2023-04-28,XOM,Energy,53.7475,55.208,53.6068,53.8942,4928613,-0.2085,52.4306,54.4849,1.7827,1.6012,2023,4,Apr,2,Friday,-36.5951
2023-05-01,XOM,Energy,52.9814,52.9899,52.7823,52.9608,6950739,-1.7319,52.3978,54.2489,1.8049,0.2076,2023,5,May,2,Monday,-37.6932
2023-05-02,XOM,Energy,52.7441,52.8577,51.2156,52.2511,9758620,-1.34,52.3864,54.039,1.7653,1.6421,2023,5,May,2,Tuesday,-38.5281
2023-05-03,XOM,Energy,52.4262,52.7531,51.5532,52.3874,3367265,0.2609,52.3658,53.8409,1.7605,1.1999,2023,5,May,2,Wednesday,-38.3678
2023-05-04,XOM,Energy,52.9111,53.3262,52.6607,53.1477,5104327,1.4513,52.3491,53.6788,1.7673,0.6655,2023,5,May,2,Thursday,-37.4733
2023-05-05,XOM,Energy,52.2297,52.5793,50.9878,51.8094,2502123,-2.5181,52.3562,53.5018,1.6888,1.5915,2023,5,May,2,Friday,-39.0478
2023-05-08,XOM,Energy,53.6033,54.627,53.1742,53.6386,4004241,3.5306,52.5092,53.3661,1.7815,1.4528,2023,5,May,2,Monday,-36.8958
2023-05-09,XOM,Energy,53.6768,54.0335,53.6519,53.9639,9365671,0.6065,52.6353,53.2202,1.7528,0.3816,2023,5,May,2,Tuesday,-36.5131
2023-05-10,XOM,Energy,54.036,55.4713,53.7395,54.453,8914703,0.9063,52.7426,53.0932,1.7278,1.7318,2023,5,May,2,Wednesday,-35.9376
2023-05-11,XOM,Energy,53.9126,54.8953,53.3037,54.3633,14267746,-0.1647,52.9218,52.9833,1.5668,1.5916,2023,5,May,2,Thursday,-36.0432
2023-05-12,XOM,Energy,54.6514,54.8078,53.9842,54.3941,2840868,0.0567,53.0637,52.8818,1.543,0.8236,2023,5,May,2,Friday,-36.0069
2023-05-15,XOM,Energy,54.0542,54.6656,53.2014,54.2517,4406134,-0.2618,53.1932,52.7945,1.5477,1.4642,2023,5,May,2,Monday,-36.1745
2023-05-16,XOM,Energy,55.2243,56.5947,55.1525,55.3117,9487509,1.9539,53.337,52.749,1.5699,1.4422,2023,5,May,2,Tuesday,-34.9274
2023-05-17,XOM,Energy,55.0996,55.5882,54.8873,55.3144,12288273,0.0049,53.5119,52.7387,1.5336,0.7009,2023,5,May,2,Wednesday,-34.9242
2023-05-18,XOM,Energy,55.6611,56.5863,55.3379,56.1316,5099063,1.4774,53.6954,52.743,1.5417,1.2484,2023,5,May,2,Thursday,-33.9628
2023-05-19,XOM,Energy,55.182,56.4959,54.7136,55.6801,6303296,-0.8044,53.8138,52.7948,1.5317,1.7823,2023,5,May,2,Friday,-34.494
2023-05-22,XOM,Energy,55.5152,56.0489,55.454,55.8982,12196974,0.3917,53.9604,52.8313,1.518,0.5949,2023,5,May,2,Monday,-34.2374
2023-05-23,XOM,Energy,54.6499,55.6629,53.8088,55.0556,7442108,-1.5074,54.0634,52.8805,1.5695,1.8541,2023,5,May,2,Tuesday,-35.2287
2023-05-24,XOM,Energy,56.3617,56.3773,56.3364,56.3392,5738302,2.3315,54.2626,52.966,1.6011,0.0409,2023,5,May,2,Wednesday,-33.7186
2023-05-25,XOM,Energy,58.4089,59.5844,58.3395,58.8383,11330412,4.4358,54.5042,53.0653,1.7375,1.2449,2023,5,May,2,Thursday,-30.7785
2023-05-26,XOM,Energy,58.4517,58.944,58.4117,58.4868,3151306,-0.5974,54.7338,53.1767,1.7473,0.5323,2023,5,May,2,Friday,-31.192
2023-05-29,XOM,Energy,57.6861,58.7236,57.3253,58.1485,17313905,-0.5784,54.9932,53.2859,1.6905,1.3983,2023,5,May,2,Monday,-31.59
2023-05-30,XOM,Energy,58.2328,58.8872,57.2192,57.769,5985257,-0.6526,55.2691,53.4116,1.6582,1.668,2023,5,May,2,Tuesday,-32.0365
2023-05-31,XOM,Energy,58.5028,59.3002,57.9413,58.5736,4432265,1.3928,55.5784,53.5795,1.6683,1.3589,2023,5,May,2,Wednesday,-31.0899
2023-06-01,XOM,Energy,58.7325,58.8841,58.0098,58.2329,7842576,-0.5817,55.8327,53.711,1.6739,0.8743,2023,6,Jun,2,Thursday,-31.4907
2023-06-02,XOM,Energy,60.0538,60.8848,59.6485,59.7868,4598003,2.6684,56.2316,53.8699,1.5859,1.2363,2023,6,Jun,2,Friday,-29.6626
2023-06-05,XOM,Energy,59.0877,59.7102,58.1307,58.8691,8755184,-1.535,56.4931,54.0077,1.5182,1.5795,2023,6,Jun,2,Monday,-30.7422
2023-06-06,XOM,Energy,58.782,59.6955,58.45,59.0703,2336657,0.3418,56.7484,54.1828,1.5181,1.2455,2023,6,Jun,2,Tuesday,-30.5055
2023-06-07,XOM,Energy,58.5629,58.8575,58.1403,58.2114,4330799,-1.454,56.9363,54.3336,1.5727,0.7172,2023,6,Jun,2,Wednesday,-31.516
2023-06-08,XOM,Energy,58.6207,58.8538,58.5314,58.6886,4157092,0.8198,57.1526,54.4715,1.5713,0.3224,2023,6,Jun,2,Thursday,-30.9546
2023-06-09,XOM,Energy,58.2934,59.5695,58.195,58.6826,9952827,-0.0102,57.367,54.5864,1.5721,1.3745,2023,6,Jun,2,Friday,-30.9616
2023-06-12,XOM,Energy,58.0492,59.065,57.4772,58.5214,2024386,-0.2747,57.5805,54.6845,1.5724,1.5878,2023,6,Jun,2,Monday,-31.1513
2023-06-13,XOM,Energy,60.1007,60.18,59.2474,59.8546,7279860,2.2781,57.8076,54.832,1.5909,0.9326,2023,6,Jun,2,Tuesday,-29.5828
2023-06-14,XOM,Energy,58.7966,59.6201,58.784,59.1225,6926528,-1.2231,57.9981,54.9585,1.6305,0.8361,2023,6,Jun,2,Wednesday,-30.4441
2023-06-15,XOM,Energy,59.348,60.0561,59.0328,59.7931,6908410,1.1343,58.1811,55.0847,1.6197,1.0233,2023,6,Jun,2,Thursday,-29.6552
2023-06-16,XOM,Energy,58.7601,58.98,58.3441,58.9315,10740143,-1.441,58.3437,55.23,1.6491,0.6359,2023,6,Jun,2,Friday,-30.6688
2023-06-19,XOM,Energy,59.1383,59.7654,58.8911,59.0695,8383466,0.2342,58.5023,55.3998,1.649,0.8743,2023,6,Jun,2,Monday,-30.5065
2023-06-20,XOM,Energy,58.1868,58.8501,57.5734,57.7395,5683790,-2.2516,58.6365,55.5258,1.6993,1.2767,2023,6,Jun,2,Tuesday,-32.0712
2023-06-21,XOM,Energy,57.2401,57.5563,56.2051,57.0242,4065468,-1.2388,58.6707,55.6201,1.6564,1.3512,2023,6,Jun,2,Wednesday,-32.9127
2023-06-22,XOM,Energy,57.0877,57.8769,56.8214,56.9466,5653088,-0.1361,58.5761,55.7435,1.2997,1.0555,2023,6,Jun,2,Thursday,-33.004
2023-06-23,XOM,Energy,58.6334,59.2341,58.4255,58.9214,5217732,3.4678,58.5979,55.8908,1.5252,0.8086,2023,6,Jun,2,Friday,-30.6807
2023-06-26,XOM,Energy,59.593,60.0553,58.876,59.046,3639357,0.2115,58.6427,56.0385,1.5184,1.1793,2023,6,Jun,2,Monday,-30.5341
2023-06-27,XOM,Energy,61.4383,61.8722,60.7555,60.9142,4252456,3.164,58.8,56.208,1.6542,1.1167,2023,6,Jun,2,Tuesday,-28.3362
2023-06-28,XOM,Energy,61.089,62.1824,60.2252,61.1814,6266938,0.4386,58.9304,56.3953,1.634,1.9572,2023,6,Jun,2,Wednesday,-28.0219
2023-06-29,XOM,Energy,61.2227,61.3516,60.0398,60.7436,1836153,-0.7156,59.0559,56.561,1.6378,1.3118,2023,6,Jun,2,Thursday,-28.5369
2023-06-30,XOM,Energy,62.773,63.4369,61.613,62.5324,2045963,2.9448,59.1932,56.7454,1.6605,1.8239,2023,6,Jun,2,Friday,-26.4325
2023-07-03,XOM,Energy,62.7471,63.6683,61.6004,63.0641,4033217,0.8503,59.4029,56.9473,1.6114,2.0679,2023,7,Jul,3,Monday,-25.8069
2023-07-04,XOM,Energy,62.5931,62.9333,61.5492,62.3066,10320003,-1.2012,59.5648,57.1335,1.6487,1.3841,2023,7,Jul,3,Tuesday,-26.6981
2023-07-05,XOM,Energy,63.0315,63.0991,61.5749,62.8762,4112880,0.9142,59.798,57.344,1.602,1.5242,2023,7,Jul,3,Wednesday,-26.028
2023-07-06,XOM,Energy,63.0227,63.8328,62.3598,62.5392,3883075,-0.536,59.9905,57.5146,1.6119,1.473,2023,7,Jul,3,Thursday,-26.4245
2023-07-07,XOM,Energy,60.0447,60.2341,59.2577,60.1882,5818038,-3.7592,60.0658,57.6405,1.8535,0.9764,2023,7,Jul,3,Friday,-29.1904
2023-07-10,XOM,Energy,61.1986,61.5686,60.2986,61.2706,10143263,1.7984,60.2033,57.8067,1.8865,1.27,2023,7,Jul,3,Monday,-27.9169
2023-07-11,XOM,Energy,62.3153,62.5965,62.2877,62.5575,3150240,2.1004,60.3384,58.0128,1.8769,0.3088,2023,7,Jul,3,Tuesday,-26.4029
2023-07-12,XOM,Energy,64.79,64.8672,64.3805,64.7546,5301333,3.5121,60.62,58.2602,1.9788,0.4867,2023,7,Jul,3,Wednesday,-23.8181
2023-07-13,XOM,Energy,65.314,65.4652,65.0546,65.2869,2892128,0.822,60.8947,58.503,1.9745,0.4106,2023,7,Jul,3,Thursday,-23.1919
2023-07-14,XOM,Energy,65.0966,65.6069,64.1426,64.9915,3777865,-0.4525,61.1977,58.7666,1.9365,1.4643,2023,7,Jul,3,Friday,-23.5394
2023-07-17,XOM,Energy,66.3211,67.384,65.9172,66.0355,4526064,1.6064,61.546,59.0146,1.9505,1.4668,2023,7,Jul,3,Monday,-22.3112
2023-07-18,XOM,Energy,66.6851,67.5086,66.2396,67.115,7643385,1.6347,62.0148,59.2776,1.8446,1.269,2023,7,Jul,3,Tuesday,-21.0412
2023-07-19,XOM,Energy,69.3306,69.3729,68.7701,69.2175,3166426,3.1327,62.6244,59.5729,1.8528,0.6028,2023,7,Jul,3,Wednesday,-18.5676
2023-07-20,XOM,Energy,69.7253,70.9523,68.145,69.1727,1650034,-0.0647,63.2358,59.869,1.8506,2.8073,2023,7,Jul,3,Thursday,-18.6204
2023-07-21,XOM,Energy,68.6063,69.4478,67.8632,68.9689,8110859,-0.2946,63.7381,60.1605,1.7756,1.5846,2023,7,Jul,3,Friday,-18.8601
2023-07-24,XOM,Energy,67.754,68.3441,67.5103,68.045,7390182,-1.3396,64.1881,60.4364,1.8357,0.8338,2023,7,Jul,3,Monday,-19.9471
2023-07-25,XOM,Energy,68.3597,69.0312,67.7972,68.7535,2086199,1.0412,64.58,60.7052,1.7467,1.234,2023,7,Jul,3,Tuesday,-19.1135
2023-07-26,XOM,Energy,66.6767,67.0195,66.0864,66.7447,5681514,-2.9217,64.8582,60.9339,1.9184,0.9331,2023,7,Jul,3,Wednesday,-21.4768
2023-07-27,XOM,Energy,67.7774,68.3291,67.0065,67.7423,3388801,1.4947,65.2081,61.1661,1.9111,1.3226,2023,7,Jul,3,Thursday,-20.3032
2023-07-28,XOM,Energy,68.6739,69.235,68.4399,68.5124,23222143,1.1368,65.5071,61.4227,1.8338,0.7951,2023,7,Jul,3,Friday,-19.3972
2023-07-31,XOM,Energy,69.1781,70.7209,68.9406,69.2878,10011583,1.1318,65.8183,61.6905,1.8379,1.7803,2023,7,Jul,3,Monday,-18.4849
2023-08-01,XOM,Energy,69.1791,69.6667,68.4942,69.4836,11827413,0.2826,66.1772,61.9791,1.7956,1.1725,2023,8,Aug,3,Tuesday,-18.2546
2023-08-02,XOM,Energy,71.8187,72.7848,71.3329,71.5213,5615193,2.9326,66.6094,62.2827,1.8716,1.4519,2023,8,Aug,3,Wednesday,-15.8573
2023-08-03,XOM,Energy,73.027,73.1734,72.2302,72.7206,5093596,1.6768,67.1185,62.5604,1.8623,0.9432,2023,8,Aug,3,Thursday,-14.4464
2023-08-04,XOM,Energy,72.1055,72.6039,71.6027,71.8963,2884385,-1.1335,67.7039,62.8285,1.6001,1.0012,2023,8,Aug,3,Friday,-15.4161
2023-08-07,XOM,Energy,71.6871,72.611,70.9299,71.1059,4297573,-1.0994,68.1957,63.0877,1.6454,1.6811,2023,8,Aug,3,Monday,-16.346
2023-08-08,XOM,Energy,70.5462,70.985,69.6489,69.9316,6089601,-1.6515,68.5644,63.3309,1.6976,1.3361,2023,8,Aug,3,Tuesday,-17.7275
2023-08-09,XOM,Energy,70.027,70.767,69.9701,69.9316,1417959,0.0,68.8232,63.5581,1.553,0.7969,2023,8,Aug,3,Wednesday,-17.7275
2023-08-10,XOM,Energy,69.7971,69.8081,69.2413,69.3492,3329128,-0.8328,69.0263,63.7804,1.5731,0.5668,2023,8,Aug,3,Thursday,-18.4127
2023-08-11,XOM,Energy,70.6234,71.6886,69.9222,70.7906,3800037,2.0785,69.3163,64.0005,1.6096,1.7664,2023,8,Aug,3,Friday,-16.7169
2023-08-14,XOM,Energy,72.7778,73.1132,72.5719,72.5841,7601597,2.5335,69.6437,64.2748,1.6576,0.5413,2023,8,Aug,3,Monday,-14.6069
2023-08-15,XOM,Energy,71.1124,71.6022,70.8896,71.3864,4850078,-1.6501,69.8573,64.5211,1.7,0.7126,2023,8,Aug,3,Tuesday,-16.016
2023-08-16,XOM,Energy,70.8664,71.2776,69.9404,71.149,6436171,-0.3326,69.9539,64.7799,1.5702,1.3372,2023,8,Aug,3,Wednesday,-16.2953
2023-08-17,XOM,Energy,71.1254,72.1437,70.5499,71.1857,6539431,0.0516,70.0545,65.0298,1.5696,1.5938,2023,8,Aug,3,Thursday,-16.2521
2023-08-18,XOM,Energy,72.3772,73.5335,71.8029,72.3956,11053776,1.6996,70.2259,65.3041,1.6025,1.7306,2023,8,Aug,3,Friday,-14.8287
2023-08-21,XOM,Energy,74.0936,76.819,72.981,74.6237,3951788,3.0777,70.5548,65.6261,1.674,3.838,2023,8,Aug,3,Monday,-12.2074
2023-08-22,XOM,Energy,71.7752,73.2185,70.468,72.2489,5969385,-3.1824,70.7296,65.874,1.8555,2.7505,2023,8,Aug,3,Tuesday,-15.0013
2023-08-23,XOM,Energy,71.8119,72.248,70.9778,71.8265,4126650,-0.5846,70.9837,66.1281,1.7123,1.2702,2023,8,Aug,3,Wednesday,-15.4982
2023-08-24,XOM,Energy,71.9743,72.0661,70.0452,71.4779,4340395,-0.4853,71.1704,66.3618,1.7018,2.0209,2023,8,Aug,3,Thursday,-15.9084
2023-08-25,XOM,Energy,69.9096,70.1141,68.9939,69.5899,2456170,-2.6414,71.2243,66.575,1.8083,1.1202,2023,8,Aug,3,Friday,-18.1295
2023-08-28,XOM,Energy,69.5158,70.8069,68.2603,68.9624,7525795,-0.9017,71.208,66.7728,1.804,2.5466,2023,8,Aug,3,Monday,-18.8678
2023-08-29,XOM,Energy,69.1206,70.0389,68.5479,69.5367,7072300,0.8328,71.2107,67.0088,1.8129,1.491,2023,8,Aug,3,Tuesday,-18.1921
2023-08-30,XOM,Energy,68.6776,69.9583,67.6585,69.1825,2486990,-0.5094,71.0938,67.2519,1.6803,2.2998,2023,8,Aug,3,Wednesday,-18.6088
2023-08-31,XOM,Energy,66.899,67.4976,66.7788,67.1659,2352315,-2.9149,70.816,67.4563,1.7301,0.7188,2023,8,Aug,3,Thursday,-20.9813
2023-09-01,XOM,Energy,70.9522,71.4516,69.4041,70.8471,18258398,5.4808,70.7636,67.6948,2.1582,2.0475,2023,9,Sep,3,Friday,-16.6505
2023-09-04,XOM,Energy,70.9686,71.4986,70.5518,71.2196,7646124,0.5258,70.7692,67.9383,2.1472,0.9468,2023,9,Sep,3,Monday,-16.2122
2023-09-05,XOM,Energy,70.7809,71.9728,69.8027,71.385,9431717,0.2322,70.8419,68.1477,2.1106,2.1701,2023,9,Sep,3,Tuesday,-16.0176
2023-09-06,XOM,Energy,70.2673,70.501,69.2821,69.9101,2990434,-2.0661,70.8408,68.3223,2.1668,1.2189,2023,9,Sep,3,Wednesday,-17.7528
2023-09-07,XOM,Energy,70.1595,70.3163,69.4181,70.2704,3917677,0.5154,70.8869,68.5128,2.1598,0.8982,2023,9,Sep,3,Thursday,-17.3289
2023-09-08,XOM,Energy,70.5904,70.8447,69.4058,70.0652,3808180,-0.292,70.8506,68.6635,2.1093,1.4389,2023,9,Sep,3,Friday,-17.5704
2023-09-11,XOM,Energy,67.9727,68.2892,67.3236,67.5652,4526337,-3.5681,70.5997,68.7535,2.1595,0.9656,2023,9,Sep,3,Monday,-20.5115
2023-09-12,XOM,Energy,66.4678,67.2483,66.0036,66.2047,10792609,-2.0136,70.3406,68.8315,2.1727,1.2447,2023,9,Sep,3,Tuesday,-22.1121
2023-09-13,XOM,Energy,66.7164,67.7998,66.1687,67.2179,4408580,1.5304,70.144,68.9183,2.2132,1.6311,2023,9,Sep,3,Wednesday,-20.9201
2023-09-14,XOM,Energy,70.0621,70.2464,68.9775,69.7141,6277428,3.7136,70.0705,69.0618,2.3852,1.2689,2023,9,Sep,3,Thursday,-17.9834
2023-09-15,XOM,Energy,70.4156,71.6312,70.0313,70.2144,9613662,0.7176,69.9614,69.2623,2.3566,1.5999,2023,9,Sep,3,Friday,-17.3948
2023-09-18,XOM,Energy,71.1885,71.7489,70.714,71.7001,6876463,2.1159,69.8152,69.4709,2.2968,1.0349,2023,9,Sep,3,Monday,-15.6469
2023-09-19,XOM,Energy,72.0885,72.2037,70.326,71.5022,6806271,-0.276,69.7779,69.6498,2.1858,1.8777,2023,9,Sep,3,Tuesday,-15.8798
2023-09-20,XOM,Energy,72.0733,72.6557,70.2489,71.3989,1796525,-0.1445,69.7565,69.7827,2.1821,2.4068,2023,9,Sep,3,Wednesday,-16.0013
2023-09-21,XOM,Energy,73.431,74.4389,71.9823,72.8932,4825237,2.0929,69.8273,69.9348,2.2281,2.4566,2023,9,Sep,3,Thursday,-14.2433
2023-09-22,XOM,Energy,75.6968,76.0928,74.6326,75.2107,4241947,3.1793,70.1083,70.1392,2.2283,1.4602,2023,9,Sep,3,Friday,-11.5168
2023-09-25,XOM,Energy,76.5206,77.8428,76.5158,77.085,9249937,2.4921,70.5144,70.3602,2.2521,1.327,2023,9,Sep,3,Monday,-9.3118
2023-09-26,XOM,Energy,75.0038,76.1385,74.2898,75.5386,6295482,-2.0061,70.8145,70.5287,2.3238,1.8487,2023,9,Sep,3,Tuesday,-11.1311
2023-09-27,XOM,Energy,75.1441,75.7396,75.1041,75.4576,10375952,-0.1072,71.1283,70.6535,2.3169,0.6355,2023,9,Sep,3,Wednesday,-11.2264
2023-09-28,XOM,Energy,76.2044,77.3141,75.0095,75.8706,5110308,0.5473,71.5635,70.7874,2.1765,2.3046,2023,9,Sep,3,Thursday,-10.7405
2023-09-29,XOM,Energy,75.4146,75.6117,74.7671,75.5114,5827740,-0.4734,71.7967,70.9183,1.8632,0.8446,2023,9,Sep,3,Friday,-11.1631
2023-10-02,XOM,Energy,76.1033,76.4594,74.8658,76.083,2832811,0.757,72.0399,71.079,1.8652,1.5936,2023,10,Oct,4,Monday,-10.4906
2023-10-03,XOM,Energy,77.2411,77.7154,76.473,77.2844,12851921,1.5791,72.3349,71.2496,1.885,1.2424,2023,10,Oct,4,Tuesday,-9.0772
2023-10-04,XOM,Energy,78.8698,78.905,76.9591,78.7724,4095643,1.9254,72.778,71.4902,1.8187,1.9459,2023,10,Oct,4,Wednesday,-7.3266
2023-10-05,XOM,Energy,81.1774,81.6207,80.9491,81.3114,7875988,3.2232,73.33,71.7616,1.9095,0.6716,2023,10,Oct,4,Thursday,-4.3395
2023-10-06,XOM,Energy,80.6567,82.4009,80.2505,80.8187,4556567,-0.6059,73.8677,72.0077,1.9197,2.1504,2023,10,Oct,4,Friday,-4.9192
2023-10-09,XOM,Energy,78.4141,79.5727,78.1272,78.7403,5688453,-2.5717,74.4265,72.1968,1.8121,1.4455,2023,10,Oct,4,Monday,-7.3644
2023-10-10,XOM,Energy,79.9209,80.291,79.0664,79.292,2937077,0.7007,75.0808,72.3929,1.6891,1.2246,2023,10,Oct,4,Tuesday,-6.7153
2023-10-11,XOM,Energy,82.9071,83.0464,81.4424,82.1459,2070056,3.5992,75.8272,72.6054,1.7888,1.604,2023,10,Oct,4,Wednesday,-3.3578
2023-10-12,XOM,Energy,81.8501,81.951,81.2517,81.4179,4115952,-0.8862,76.4124,72.7794,1.719,0.6993,2023,10,Oct,4,Thursday,-4.2142
2023-10-13,XOM,Energy,82.6619,84.2263,82.0576,82.4967,5135113,1.325,77.0266,72.9914,1.723,2.1687,2023,10,Oct,4,Friday,-2.9451
2023-10-16,XOM,Energy,84.2707,85.1469,83.5783,83.6037,5782124,1.3419,77.6217,73.2413,1.701,1.5686,2023,10,Oct,4,Monday,-1.6427
2023-10-17,XOM,Energy,83.2251,84.1865,82.8086,83.9245,4193336,0.3837,78.2428,73.5212,1.6857,1.3779,2023,10,Oct,4,Tuesday,-1.2653
2023-10-18,XOM,Energy,84.5888,86.4009,82.685,83.9523,3694724,0.0331,78.8705,73.8016,1.6808,3.7159,2023,10,Oct,4,Wednesday,-1.2326
2023-10-19,XOM,Energy,82.7481,83.1882,79.7211,82.4962,10305998,-1.7344,79.3507,74.0645,1.7456,3.4671,2023,10,Oct,4,Thursday,-2.9456
2023-10-20,XOM,Energy,78.4315,80.9061,78.3093,78.9363,5160480,-4.3152,79.5369,74.2275,1.9618,2.5968,2023,10,Oct,4,Friday,-7.1338
2023-10-23,XOM,Energy,76.7733,77.4622,76.7355,77.2846,3679745,-2.0924,79.5469,74.3215,1.9551,0.7267,2023,10,Oct,4,Monday,-9.0769
2023-10-24,XOM,Energy,76.3404,77.486,75.7482,76.7269,7159238,-0.7216,79.6063,74.4283,1.9051,1.7378,2023,10,Oct,4,Tuesday,-9.7331
2023-10-25,XOM,Energy,77.7139,79.8411,76.6281,78.3421,5343537,2.1051,79.7506,74.5721,1.9563,3.213,2023,10,Oct,4,Wednesday,-7.8328
2023-10-26,XOM,Energy,77.582,78.3444,76.8843,78.2043,6820526,-0.1759,79.8672,74.7125,1.9563,1.4601,2023,10,Oct,4,Thursday,-7.9949
2023-10-27,XOM,Energy,76.7477,79.467,76.6201,77.4487,6516535,-0.9662,79.9641,74.8136,1.9679,2.8469,2023,10,Oct,4,Friday,-8.8839
2023-10-30,XOM,Energy,75.5622,77.2736,74.487,76.1531,1885888,-1.6728,79.9676,74.8442,2.0029,2.7866,2023,10,Oct,4,Monday,-10.4081
2023-10-31,XOM,Energy,77.1651,77.1676,76.8293,77.1186,5033600,1.2678,79.9593,74.9416,1.9913,0.3383,2023,10,Oct,4,Tuesday,-9.2722
2023-11-01,XOM,Energy,81.8694,82.7588,81.5821,82.2091,3018730,6.6009,80.1312,75.1492,2.4499,1.1767,2023,11,Nov,4,Wednesday,-3.2834
2023-11-02,XOM,Energy,83.4445,85.6548,83.0984,83.8866,5683228,2.0405,80.2599,75.3974,2.3876,2.5564,2023,11,Nov,4,Thursday,-1.3099
2023-11-03,XOM,Energy,84.4427,85.308,83.7174,84.8695,3677902,1.1717,80.4625,75.703,2.3898,1.5906,2023,11,Nov,4,Friday,-0.1535
2023-11-06,XOM,Energy,82.3257,83.8026,81.9976,82.507,6560228,-2.7837,80.6508,75.9739,2.4035,1.805,2023,11,Nov,4,Monday,-2.9329
2023-11-07,XOM,Energy,82.1108,82.2821,81.8843,81.9723,5509085,-0.6481,80.7848,76.2226,2.4094,0.3978,2023,11,Nov,4,Tuesday,-3.562
2023-11-08,XOM,Energy,85.1509,85.202,84.65,85.0215,6330587,3.7198,80.9286,76.5394,2.4185,0.552,2023,11,Nov,4,Wednesday,0.0253
2023-11-09,XOM,Energy,86.5825,87.8662,85.4783,86.8509,10759938,2.1517,81.2002,76.9331,2.442,2.3879,2023,11,Nov,4,Thursday,2.1775
2023-11-10,XOM,Energy,84.9179,85.2101,83.3574,84.3312,6096213,-2.9012,81.292,77.2027,2.5345,1.8527,2023,11,Nov,4,Friday,-0.7868
2023-11-13,XOM,Energy,83.9584,84.5606,82.7778,84.259,3036057,-0.0856,81.3247,77.4635,2.5189,1.7828,2023,11,Nov,4,Monday,-0.8718
2023-11-14,XOM,Energy,85.1479,85.605,83.8218,84.8571,3972330,0.7098,81.3714,77.733,2.5221,1.7832,2023,11,Nov,4,Tuesday,-0.1681
2023-11-15,XOM,Energy,82.9092,84.5903,81.8496,83.6453,5321883,-1.428,81.356,78.0077,2.5447,2.7407,2023,11,Nov,4,Wednesday,-1.5938
2023-11-16,XOM,Energy,80.4424,80.6384,79.7779,79.9921,6924953,-4.3675,81.2308,78.2021,2.703,0.8605,2023,11,Nov,4,Thursday,-5.8916
2023-11-17,XOM,Energy,79.8387,80.4475,79.4067,80.1583,5008770,0.2078,81.2919,78.404,2.5163,1.0408,2023,11,Nov,4,Friday,-5.6961
2023-11-20,XOM,Energy,79.5263,79.9809,78.3731,78.9745,2044829,-1.4768,81.3764,78.6322,2.4916,1.6078,2023,11,Nov,4,Monday,-7.0888
2023-11-21,XOM,Energy,77.2369,78.1786,76.9963,77.8142,9620849,-1.4692,81.4308,78.8643,2.5107,1.1823,2023,11,Nov,4,Tuesday,-8.4539
2023-11-22,XOM,Energy,77.5491,78.6587,76.8605,77.3053,6543844,-0.654,81.3789,79.0661,2.4702,1.7982,2023,11,Nov,4,Wednesday,-9.0526
2023-11-23,XOM,Energy,76.8384,78.6486,76.2558,77.1245,8440370,-0.2339,81.3249,79.2143,2.4704,2.3928,2023,11,Nov,4,Thursday,-9.2653
2023-11-24,XOM,Energy,76.9033,77.1677,76.4156,77.1266,7054651,0.0027,81.3088,79.3525,2.4608,0.7521,2023,11,Nov,4,Friday,-9.2628
2023-11-27,XOM,Energy,76.239,76.9348,75.7694,75.8466,3585703,-1.6596,81.2935,79.4355,2.4603,1.1654,2023,11,Nov,4,Monday,-10.7687
2023-11-28,XOM,Energy,75.9022,77.0095,75.3917,75.5444,3760761,-0.3984,81.2148,79.5163,2.4436,1.6178,2023,11,Nov,4,Tuesday,-11.1242
2023-11-29,XOM,Energy,73.3368,74.1832,72.5372,73.037,5904674,-3.3191,80.7562,79.5491,1.98,1.646,2023,11,Nov,4,Wednesday,-14.0741
2023-11-30,XOM,Energy,74.0992,74.9571,72.4183,73.4833,10680835,0.6111,80.236,79.5609,1.9051,2.5388,2023,11,Nov,4,Thursday,-13.5491
2023-12-01,XOM,Energy,69.8223,70.6414,68.8286,69.5101,4247069,-5.4069,79.4681,79.4469,2.1301,1.8128,2023,12,Dec,4,Friday,-18.2234
2023-12-04,XOM,Energy,69.0837,69.4237,68.8978,69.1416,5832068,-0.5301,78.7998,79.288,2.0884,0.5259,2023,12,Dec,4,Monday,-18.6569
2023-12-05,XOM,Energy,70.887,70.9421,69.9037,70.363,2847673,1.7665,78.2193,79.1845,2.1694,1.0384,2023,12,Dec,4,Tuesday,-17.22
2023-12-06,XOM,Energy,68.7652,70.0139,67.7228,68.9608,3996996,-1.9928,77.4163,79.0546,1.9124,2.2911,2023,12,Dec,4,Wednesday,-18.8696
2023-12-07,XOM,Energy,69.9153,70.3048,69.4145,69.9133,5104542,1.3812,76.5694,78.9354,1.8519,0.8903,2023,12,Dec,4,Thursday,-17.7491
2023-12-08,XOM,Energy,71.3764,71.566,70.4818,71.4626,4570760,2.216,75.926,78.8544,1.936,1.0842,2023,12,Dec,4,Friday,-15.9264
2023-12-11,XOM,Energy,67.046,67.265,66.5886,66.9854,11037479,-6.2651,75.0623,78.6725,2.2779,0.6764,2023,12,Dec,4,Monday,-21.1936
2023-12-12,XOM,Energy,66.2202,67.0148,65.2557,66.8062,4179194,-0.2675,74.1598,78.4629,2.2469,1.7591,2023,12,Dec,4,Tuesday,-21.4045
2023-12-13,XOM,Energy,63.7505,64.964,62.8533,63.1693,3119388,-5.444,73.136,78.1509,2.4427,2.1107,2023,12,Dec,4,Wednesday,-25.6832
2023-12-14,XOM,Energy,62.8429,63.7414,62.6928,63.04,12899507,-0.2047,72.2884,77.7854,2.3489,1.0486,2023,12,Dec,4,Thursday,-25.8353
2023-12-15,XOM,Energy,63.0652,63.9172,62.7524,63.044,5305452,0.0063,71.4326,77.4299,2.3432,1.1648,2023,12,Dec,4,Friday,-25.8306
2023-12-18,XOM,Energy,60.1552,60.2553,59.3877,60.083,9085414,-4.6967,70.4881,77.0568,2.4726,0.8676,2023,12,Dec,4,Monday,-29.3141
2023-12-19,XOM,Energy,62.1851,62.3973,62.1845,62.2923,2338486,3.6771,69.712,76.7168,2.7132,0.2128,2023,12,Dec,4,Tuesday,-26.7149
2023-12-20,XOM,Energy,62.6522,62.6851,62.301,62.6433,7501407,0.5635,68.9789,76.3267,2.7366,0.3841,2023,12,Dec,4,Wednesday,-26.302
2023-12-21,XOM,Energy,61.7739,62.3062,61.2228,61.6453,6012829,-1.5931,68.2049,75.9313,2.7332,1.0834,2023,12,Dec,4,Thursday,-27.4761
2023-12-22,XOM,Energy,63.7687,63.8067,63.3631,63.374,2421116,2.8043,67.5173,75.5488,2.8603,0.4436,2023,12,Dec,4,Friday,-25.4424
2023-12-25,XOM,Energy,61.4701,62.3974,61.2069,61.2245,2725308,-3.3918,66.7862,75.1013,2.9092,1.1905,2023,12,Dec,4,Monday,-27.9712
2023-12-26,XOM,Energy,59.6439,60.2976,58.3689,59.8069,5186084,-2.3154,65.9993,74.6189,2.919,1.9287,2023,12,Dec,4,Tuesday,-29.6389
2023-12-27,XOM,Energy,57.0182,57.4154,56.9275,57.206,5766578,-4.3488,65.2077,74.084,2.9685,0.4879,2023,12,Dec,4,Wednesday,-32.6988
2023-12-28,XOM,Energy,59.7208,59.9019,59.0728,59.175,6587587,3.4419,64.4923,73.6176,3.1215,0.8291,2023,12,Dec,4,Thursday,-30.3824
2023-12-29,XOM,Energy,59.4465,59.8936,59.2226,59.5605,3474543,0.6515,63.9948,73.23,2.9644,0.671,2023,12,Dec,4,Friday,-29.9288
2024-01-01,XOM,Energy,60.2669,60.522,59.4436,60.3186,5690382,1.2728,63.5537,72.8907,2.998,1.0784,2024,1,Jan,1,Monday,-29.0369
2024-01-02,XOM,Energy,60.1299,61.1108,59.0367,60.6756,4889737,0.5919,63.0693,72.5697,2.9597,2.0741,2024,1,Jan,1,Tuesday,-28.6169
2024-01-03,XOM,Energy,61.3688,61.7802,61.0899,61.3492,7022115,1.1102,62.6887,72.2298,2.9694,0.6903,2024,1,Jan,1,Wednesday,-27.8245
2024-01-04,XOM,Energy,60.9613,61.8367,60.3673,61.4525,4723922,0.1684,62.2657,71.8948,2.9403,1.4694,2024,1,Jan,1,Thursday,-27.7029
2024-01-05,XOM,Energy,62.3496,62.943,60.7839,61.7811,5263311,0.5347,61.7816,71.5814,2.8789,2.1591,2024,1,Jan,1,Friday,-27.3164
2024-01-08,XOM,Energy,62.135,62.3737,61.626,61.9198,6396171,0.2245,61.5284,71.2968,2.5656,0.7477,2024,1,Jan,1,Monday,-27.1532
2024-01-09,XOM,Energy,60.8341,61.4068,60.7171,61.2162,4838747,-1.1363,61.2489,70.9787,2.5713,0.6897,2024,1,Jan,1,Tuesday,-27.9809
2024-01-10,XOM,Energy,61.5005,61.7923,60.1822,61.1742,4373301,-0.0686,61.1491,70.558,2.2814,1.6101,2024,1,Jan,1,Wednesday,-28.0304
2024-01-11,XOM,Energy,61.3352,62.9965,60.7853,61.5044,2760044,0.5398,61.0723,70.1104,2.2862,2.2112,2024,1,Jan,1,Thursday,-27.6419
2024-01-12,XOM,Energy,61.9722,62.2966,61.2188,61.6459,7793183,0.2301,61.0024,69.6459,2.2873,1.0778,2024,1,Jan,1,Friday,-27.4754
2024-01-15,XOM,Energy,61.7233,61.871,61.4557,61.7767,4080933,0.2122,61.0871,69.2313,2.0136,0.4153,2024,1,Jan,1,Monday,-27.3215
2024-01-16,XOM,Energy,60.1795,60.4204,60.0195,60.2104,6246112,-2.5354,60.983,68.7961,1.9192,0.4009,2024,1,Jan,1,Tuesday,-29.1642
2024-01-17,XOM,Energy,60.9664,61.6241,60.8706,61.4612,5008770,2.0774,60.9239,68.3249,1.9779,0.7535,2024,1,Jan,1,Wednesday,-27.6927
2024-01-18,XOM,Energy,61.6046,61.7217,60.8841,61.115,3732910,-0.5633,60.8974,67.8101,1.9496,0.8376,2024,1,Jan,1,Thursday,-28.1
2024-01-19,XOM,Energy,61.8734,62.6592,61.1181,61.8062,3865916,1.131,60.819,67.3596,1.8554,1.5411,2024,1,Jan,1,Friday,-27.2868
2024-01-22,XOM,Energy,60.2468,60.6865,59.3901,60.5361,3324856,-2.055,60.7846,66.8852,1.7521,1.2964,2024,1,Jan,1,Monday,-28.7811
2024-01-23,XOM,Energy,58.4008,59.3286,57.625,58.8538,2069540,-2.779,60.7369,66.3651,1.7865,1.7036,2024,1,Jan,1,Tuesday,-30.7602
2024-01-24,XOM,Energy,58.0083,59.1209,57.6227,57.9222,7681152,-1.5829,60.7727,65.8507,1.5254,1.4982,2024,1,Jan,1,Wednesday,-31.8562
2024-01-25,XOM,Energy,57.5204,57.9865,57.3841,57.6889,3882319,-0.4028,60.6984,65.4046,1.3048,0.6024,2024,1,Jan,1,Thursday,-32.1307
2024-01-26,XOM,Energy,56.5788,57.6262,56.5167,56.9714,2358526,-1.2437,60.569,64.9409,1.3147,1.1095,2024,1,Jan,1,Friday,-32.9748
2024-01-29,XOM,Energy,58.6482,58.7592,58.3548,58.3834,4003693,2.4784,60.4722,64.529,1.4106,0.4044,2024,1,Jan,1,Monday,-31.3136
2024-01-30,XOM,Energy,58.2263,58.9724,58.0645,58.5942,8586818,0.3611,60.3681,64.1446,1.4051,0.9079,2024,1,Jan,1,Tuesday,-31.0656
2024-01-31,XOM,Energy,60.6336,61.5803,60.087,60.6643,4529035,3.5329,60.3339,63.8118,1.6103,1.4933,2024,1,Jan,1,Wednesday,-28.6302
2024-02-01,XOM,Energy,60.8465,62.1012,60.2761,61.1426,5336748,0.7884,60.3184,63.4922,1.6205,1.8251,2024,2,Feb,1,Thursday,-28.0675
2024-02-02,XOM,Energy,58.7399,58.787,57.768,58.3521,7562261,-4.5639,60.147,63.1167,1.9058,1.019,2024,2,Feb,1,Friday,-31.3505
2024-02-05,XOM,Energy,60.0808,60.2723,59.4251,59.5346,5141309,2.0265,60.0277,62.7904,1.9717,0.8472,2024,2,Feb,1,Monday,-29.9593
2024-02-06,XOM,Energy,57.2971,58.2043,57.2837,57.839,4371319,-2.8481,59.8588,62.4363,2.0511,0.9206,2024,2,Feb,1,Tuesday,-31.9541
2024-02-07,XOM,Energy,58.0325,59.3208,57.4368,58.1039,4464054,0.458,59.7053,62.1377,2.0571,1.884,2024,2,Feb,1,Wednesday,-31.6425
2024-02-08,XOM,Energy,57.6479,58.0137,57.2597,57.2603,7958196,-1.4519,59.4931,61.8132,2.0657,0.754,2024,2,Feb,1,Thursday,-32.6349
2024-02-09,XOM,Energy,59.5428,60.0516,58.9797,59.6029,3528147,4.0911,59.391,61.6151,2.2897,1.0719,2024,2,Feb,1,Friday,-29.8789
2024-02-12,XOM,Energy,60.9715,61.4201,60.7389,61.2451,3490765,2.7552,59.3644,61.4571,2.3794,0.6812,2024,2,Feb,1,Monday,-27.9469
2024-02-13,XOM,Energy,60.1208,60.6434,60.0453,60.3941,6393175,-1.3895,59.3736,61.2578,2.3288,0.5981,2024,2,Feb,1,Tuesday,-28.9481
2024-02-14,XOM,Energy,60.5854,60.7079,59.9174,60.2601,11056341,-0.2219,59.3135,61.0838,2.2792,0.7905,2024,2,Feb,1,Wednesday,-29.1058
2024-02-15,XOM,Energy,60.3506,60.6853,60.3376,60.5522,3576528,0.4847,59.2854,60.8965,2.2794,0.3477,2024,2,Feb,1,Thursday,-28.7621
2024-02-16,XOM,Energy,60.9844,62.091,60.9376,61.5576,10076711,1.6604,59.2729,60.6984,2.2965,1.1534,2024,2,Feb,1,Friday,-27.5793
2024-02-19,XOM,Energy,61.8208,61.8702,61.1069,61.604,1967016,0.0754,59.3263,60.5908,2.2447,0.7633,2024,2,Feb,1,Monday,-27.5247
2024-02-20,XOM,Energy,60.1931,60.4331,60.0545,60.4167,10092394,-1.9273,59.4045,60.463,2.1945,0.3786,2024,2,Feb,1,Tuesday,-28.9215
2024-02-21,XOM,Energy,59.2241,59.6395,58.7095,59.6051,14260857,-1.3433,59.4886,60.3917,2.1852,0.93,2024,2,Feb,1,Wednesday,-29.8764
2024-02-22,XOM,Energy,59.5792,59.8831,59.5648,59.612,2796107,0.0116,59.5848,60.3232,2.1815,0.3183,2024,2,Feb,1,Thursday,-29.8682
2024-02-23,XOM,Energy,61.4937,61.7752,60.5169,61.0221,10520041,2.3655,59.7873,60.2827,2.206,1.2583,2024,2,Feb,1,Friday,-28.2093
2024-02-26,XOM,Energy,61.1218,61.8587,61.0302,61.5303,6656345,0.8328,59.9447,60.3117,2.1532,0.8285,2024,2,Feb,1,Monday,-27.6114
2024-02-27,XOM,Energy,61.0383,61.5135,60.1355,60.6384,3910763,-1.4495,60.0469,60.2786,2.1876,1.378,2024,2,Feb,1,Tuesday,-28.6607
2024-02-28,XOM,Energy,61.2622,62.183,60.8602,61.3976,5715499,1.252,60.0835,60.2537,2.0602,1.3228,2024,2,Feb,1,Wednesday,-27.7675
2024-02-29,XOM,Energy,61.2313,61.635,60.7935,60.9584,8845593,-0.7153,60.0743,60.2399,2.0604,0.8415,2024,2,Feb,1,Thursday,-28.2842
2024-03-01,XOM,Energy,62.4585,62.7245,61.6084,62.0019,3973002,1.7118,60.2568,60.2125,1.7878,1.1161,2024,3,Mar,1,Friday,-27.0566
2024-03-04,XOM,Energy,64.6143,65.8534,63.3319,64.9912,7448882,4.8213,60.5296,60.2878,2.0221,2.5215,2024,3,Mar,1,Monday,-23.5398
2024-03-05,XOM,Energy,64.3862,65.5051,63.9822,64.5611,9084641,-0.6618,60.8658,60.3829,1.8887,1.5229,2024,3,Mar,1,Tuesday,-24.0458
2024-03-06,XOM,Energy,65.2265,65.7841,64.6042,65.5573,2672296,1.543,61.2384,60.5499,1.9009,1.1799,2024,3,Mar,1,Wednesday,-22.8738
2024-03-07,XOM,Energy,64.4287,64.7571,64.0314,64.642,4249742,-1.3962,61.6075,60.6593,1.8977,0.7257,2024,3,Mar,1,Thursday,-23.9506
2024-03-08,XOM,Energy,64.5745,64.836,63.6037,64.517,4642069,-0.1934,61.8532,60.7584,1.7193,1.2323,2024,3,Mar,1,Friday,-24.0976
2024-03-11,XOM,Energy,64.4872,64.646,63.5094,64.5662,8206435,0.0763,62.0193,60.8434,1.629,1.1366,2024,3,Mar,1,Monday,-24.0398
2024-03-12,XOM,Energy,64.5808,65.103,63.5519,64.3415,5753022,-0.348,62.2166,60.9167,1.5891,1.5511,2024,3,Mar,1,Tuesday,-24.3041
2024-03-13,XOM,Energy,67.6531,68.0261,67.2651,67.3654,13422485,4.6998,62.5719,61.037,1.8577,0.761,2024,3,Mar,1,Wednesday,-20.7466
2024-03-14,XOM,Energy,67.4547,67.9104,66.8646,66.9864,8008895,-0.5626,62.8936,61.1477,1.8751,1.0458,2024,3,Mar,1,Thursday,-21.1925
2024-03-15,XOM,Energy,68.1014,68.7607,67.5237,67.7467,3275175,1.135,63.2031,61.267,1.8619,1.237,2024,3,Mar,1,Friday,-20.298
2024-03-18,XOM,Energy,65.0225,65.7616,64.5356,65.2759,2814502,-3.6471,63.3867,61.3341,2.0795,1.226,2024,3,Mar,1,Monday,-23.2048
2024-03-19,XOM,Energy,65.2106,66.4697,64.6809,65.8247,5786242,0.8407,63.6571,61.4263,2.0139,1.7888,2024,3,Mar,1,Tuesday,-22.5592
2024-03-20,XOM,Energy,67.4698,67.9116,66.889,67.2662,7273338,2.1899,64.0401,61.5481,2.0033,1.0226,2024,3,Mar,1,Wednesday,-20.8633
2024-03-21,XOM,Energy,66.9692,67.1426,66.5057,66.6054,3483653,-0.9824,64.3898,61.6502,2.0315,0.6369,2024,3,Mar,1,Thursday,-21.6407
2024-03-22,XOM,Energy,63.2459,63.7014,62.4213,63.442,7846046,-4.7495,64.5108,61.6861,2.306,1.2801,2024,3,Mar,1,Friday,-25.3624
2024-03-25,XOM,Energy,63.9811,64.9593,63.3403,63.4081,7031495,-0.0534,64.6047,61.7187,2.3021,1.619,2024,3,Mar,1,Monday,-25.4022
2024-03-26,XOM,Energy,63.711,63.8246,63.1936,63.4415,3573989,0.0527,64.7448,61.7833,2.2706,0.631,2024,3,Mar,1,Tuesday,-25.3629
2024-03-27,XOM,Energy,63.9227,65.4523,62.63,64.327,4878564,1.3958,64.8913,61.8406,2.2741,2.8223,2024,3,Mar,1,Wednesday,-24.3212
2024-03-28,XOM,Energy,66.7942,67.1208,66.6706,66.7976,7867671,3.8407,65.1833,61.9543,2.3964,0.4502,2024,3,Mar,1,Thursday,-21.4146
2024-03-29,XOM,Energy,65.8641,66.5052,65.6807,66.3286,5601768,-0.7021,65.3996,62.0447,2.3922,0.8245,2024,3,Mar,1,Friday,-21.9664
2024-04-01,XOM,Energy,65.1487,65.7873,64.0689,65.2627,8125295,-1.607,65.4132,62.1393,2.1848,1.7184,2024,4,Apr,2,Monday,-23.2204
2024-04-02,XOM,Energy,63.668,64.68,63.4521,63.8288,8077988,-2.1971,65.3766,62.2388,2.2372,1.2279,2024,4,Apr,2,Tuesday,-24.9073
2024-04-03,XOM,Energy,63.7352,64.6472,63.4685,64.0818,7168835,0.3964,65.3028,62.362,2.2092,1.1787,2024,4,Apr,2,Wednesday,-24.6096
2024-04-04,XOM,Energy,64.8613,66.2653,63.8698,64.6782,3075565,0.9307,65.3046,62.5018,2.1981,2.3955,2024,4,Apr,2,Thursday,-23.908
2024-04-05,XOM,Energy,63.9905,64.4457,63.4289,64.0206,4601843,-1.0167,65.2798,62.6427,2.2101,1.0168,2024,4,Apr,2,Friday,-24.6816
2024-04-08,XOM,Energy,64.7593,65.2095,64.7012,64.9806,6370279,1.4995,65.3005,62.7747,2.236,0.5083,2024,4,Apr,2,Monday,-23.5522
2024-04-09,XOM,Energy,65.9262,66.2113,64.8424,65.5682,4116706,0.9043,65.3618,62.9142,2.2416,1.3689,2024,4,Apr,2,Tuesday,-22.8609
2024-04-10,XOM,Energy,65.6834,66.4702,64.6527,65.6352,7103162,0.1022,65.2753,63.0136,1.9658,1.8175,2024,4,Apr,2,Wednesday,-22.7821
2024-04-11,XOM,Energy,65.1088,65.4869,64.0039,64.5229,8180602,-1.6947,65.1521,63.0812,1.9956,1.483,2024,4,Apr,2,Thursday,-24.0907
2024-04-12,XOM,Energy,64.2242,64.7004,63.5493,63.9451,7384440,-0.8955,64.9621,63.193,1.9773,1.1511,2024,4,Apr,2,Friday,-24.7705
2024-04-15,XOM,Energy,60.4941,61.7073,60.2775,61.0058,6016029,-4.5966,64.7486,63.2225,2.0718,1.4298,2024,4,Apr,2,Monday,-28.2285
2024-04-16,XOM,Energy,60.7133,61.7595,60.5371,61.2913,3365393,0.468,64.5219,63.2915,2.0625,1.2224,2024,4,Apr,2,Tuesday,-27.8926
2024-04-17,XOM,Energy,60.849,61.8027,60.3841,61.3343,2548285,0.0702,64.2253,63.3561,1.9787,1.4186,2024,4,Apr,2,Wednesday,-27.842
2024-04-18,XOM,Energy,61.3103,61.6242,60.2978,61.5662,5303595,0.3781,63.9733,63.4422,1.9825,1.3264,2024,4,Apr,2,Thursday,-27.5692
2024-04-19,XOM,Energy,61.6896,62.4216,61.569,62.1684,7013816,0.9781,63.9096,63.4936,1.7124,0.8526,2024,4,Apr,2,Friday,-26.8607
2024-04-22,XOM,Energy,63.2214,63.2865,61.5477,62.6366,5609830,0.7531,63.8711,63.5214,1.7227,1.7388,2024,4,Apr,2,Monday,-26.3099
2024-04-23,XOM,Energy,62.8631,63.1523,62.1205,62.5178,4234812,-0.1897,63.8249,63.5639,1.7228,1.0318,2024,4,Apr,2,Tuesday,-26.4496
2024-04-24,XOM,Energy,62.2331,63.4361,61.4679,62.5881,7593301,0.1124,63.7379,63.6104,1.6894,1.9682,2024,4,Apr,2,Wednesday,-26.3669
2024-04-25,XOM,Energy,60.4966,61.4553,60.0767,60.9306,9795447,-2.6483,63.4446,63.618,1.5006,1.3786,2024,4,Apr,2,Thursday,-28.3169
2024-04-26,XOM,Energy,60.5117,60.8629,60.0454,60.267,3892677,-1.0891,63.1415,63.5922,1.5065,0.8175,2024,4,Apr,2,Friday,-29.0976
2024-04-29,XOM,Energy,60.0754,60.4952,59.4514,60.3369,5311927,0.116,62.8952,63.5668,1.487,1.0438,2024,4,Apr,2,Monday,-29.0154
2024-04-30,XOM,Energy,59.8307,59.9469,59.0313,59.5054,5394299,-1.3781,62.679,63.5486,1.4451,0.9156,2024,4,Apr,2,Tuesday,-29.9936
2024-05-01,XOM,Energy,60.9381,61.4078,60.2086,60.4898,1870888,1.6543,62.4994,63.5663,1.5049,1.1992,2024,5,May,2,Wednesday,-28.8355
2024-05-02,XOM,Energy,59.7205,59.9965,58.2918,59.7449,5840662,-1.2314,62.2528,63.569,1.4912,1.7047,2024,5,May,2,Thursday,-29.7119
2024-05-03,XOM,Energy,60.4924,60.9768,59.5457,60.0024,11755143,0.431,62.0519,63.5486,1.4941,1.4311,2024,5,May,2,Friday,-29.4089
2024-05-06,XOM,Energy,59.736,60.5902,59.3156,60.1473,4397320,0.2415,61.8102,63.5209,1.4392,1.2746,2024,5,May,2,Monday,-29.2385
2024-05-07,XOM,Energy,61.09,61.3143,60.8438,61.0121,20500269,1.4378,61.5824,63.5284,1.4688,0.4705,2024,5,May,2,Tuesday,-28.2211
2024-05-08,XOM,Energy,61.8733,62.7046,61.5092,62.0686,5489223,1.7316,61.4041,63.5418,1.5387,1.1954,2024,5,May,2,Wednesday,-26.9781
2024-05-09,XOM,Energy,62.4754,63.322,62.4307,62.8994,3030928,1.3385,61.3229,63.5806,1.5401,0.8913,2024,5,May,2,Thursday,-26.0007
2024-05-10,XOM,Energy,60.2802,61.3134,60.2783,60.3952,11094939,-3.9813,61.1454,63.5485,1.7611,1.0351,2024,5,May,2,Friday,-28.9468
2024-05-13,XOM,Energy,62.0424,63.5621,61.6926,61.7775,6669429,2.2888,61.184,63.4842,1.5284,1.8695,2024,5,May,2,Monday,-27.3206
2024-05-14,XOM,Energy,63.7223,64.5679,62.8706,63.5826,1948915,2.9219,61.2986,63.4646,1.655,1.6973,2024,5,May,2,Tuesday,-25.1969
2024-05-15,XOM,Energy,62.5176,63.6769,61.4515,63.0129,5127669,-0.896,61.3825,63.4137,1.6729,2.2254,2024,5,May,2,Wednesday,-25.8672
2024-05-16,XOM,Energy,63.5868,64.3459,63.292,63.3088,4137592,0.4696,61.4696,63.3871,1.6736,1.0539,2024,5,May,2,Thursday,-25.5191
2024-05-17,XOM,Energy,62.7246,63.7577,61.9134,62.2499,1916540,-1.6726,61.4737,63.3417,1.7094,1.8443,2024,5,May,2,Friday,-26.7648
2024-05-20,XOM,Energy,60.1514,61.3943,59.4744,59.9579,3305320,-3.6819,61.3398,63.2496,1.8878,1.9199,2024,5,May,2,Monday,-29.4613
2024-05-21,XOM,Energy,58.7387,60.0531,58.1207,59.1284,6351479,-1.3835,61.1703,63.1453,1.9062,1.9324,2024,5,May,2,Tuesday,-30.4372
2024-05-22,XOM,Energy,58.7799,59.0796,58.0498,58.5334,4251317,-1.0063,60.9676,62.9687,1.911,1.0298,2024,5,May,2,Wednesday,-31.1372
2024-05-23,XOM,Energy,57.8376,59.317,57.5488,58.1505,7941349,-0.6542,60.8285,62.792,1.8334,1.7682,2024,5,May,2,Thursday,-31.5876
2024-05-24,XOM,Energy,57.3956,58.1306,56.5092,57.1026,3934069,-1.802,60.6703,62.5791,1.8581,1.6214,2024,5,May,2,Friday,-32.8205
2024-05-27,XOM,Energy,56.0022,56.4638,55.6694,56.3183,7542216,-1.3735,60.4694,62.3999,1.8723,0.7944,2024,5,May,2,Monday,-33.7432
2024-05-28,XOM,Energy,56.6812,56.8241,56.0055,56.3178,4104955,-0.0009,60.31,62.2098,1.8569,0.8186,2024,5,May,2,Tuesday,-33.7438
2024-05-29,XOM,Energy,55.1812,55.5306,54.9368,55.5049,6076092,-1.4434,60.0608,61.9746,1.8177,0.5938,2024,5,May,2,Wednesday,-34.7001
2024-05-30,XOM,Energy,55.9775,56.2827,55.8309,56.0892,6289672,1.0527,59.878,61.7642,1.8353,0.4518,2024,5,May,2,Thursday,-34.0127
2024-05-31,XOM,Energy,56.7116,57.3576,56.7049,56.8268,5555975,1.315,59.7192,61.6319,1.8642,0.6527,2024,5,May,2,Friday,-33.1449
2024-06-03,XOM,Energy,59.0943,59.9986,58.9036,59.4083,4831239,4.5428,59.6823,61.5519,2.1506,1.095,2024,6,Jun,2,Monday,-30.1079
2024-06-04,XOM,Energy,60.8151,60.9667,59.8411,60.6908,1442466,2.1588,59.6662,61.4969,2.1825,1.1256,2024,6,Jun,2,Tuesday,-28.5991
2024-06-05,XOM,Energy,61.2184,61.8673,60.9689,60.9833,9050534,0.482,59.6119,61.43,2.1478,0.8984,2024,6,Jun,2,Wednesday,-28.2549
2024-06-06,XOM,Energy,60.2549,60.8646,59.9642,60.2768,4591200,-1.1585,59.4808,61.2996,2.1344,0.9004,2024,6,Jun,2,Thursday,-29.0861
2024-06-07,XOM,Energy,60.9716,61.2063,60.099,60.6253,7012040,0.5782,59.4923,61.1856,1.9432,1.1073,2024,6,Jun,2,Friday,-28.6761
2024-06-10,XOM,Energy,61.5199,61.9928,60.867,61.0136,6155827,0.6405,59.4541,61.1006,1.8764,1.1258,2024,6,Jun,2,Monday,-28.2193
2024-06-11,XOM,Energy,60.7434,61.3696,59.8973,60.4308,3218099,-0.9552,59.2965,61.0326,1.7497,1.4723,2024,6,Jun,2,Tuesday,-28.9049
2024-06-12,XOM,Energy,61.6673,61.9671,60.8121,60.4308,2797750,0.0,59.1674,60.9596,1.7435,1.155,2024,6,Jun,2,Wednesday,-28.9049
2024-06-13,XOM,Energy,59.9967,60.608,58.3974,59.7255,3206570,-1.1671,58.9882,60.8605,1.7491,2.2106,2024,6,Jun,2,Thursday,-29.7347
2024-06-14,XOM,Energy,59.365,59.6643,59.1506,59.4601,5511613,-0.4444,58.8488,60.7693,1.7188,0.5137,2024,6,Jun,2,Friday,-30.0469
2024-06-17,XOM,Energy,60.4981,60.8961,59.141,60.0999,4302471,1.076,58.8559,60.6717,1.5329,1.7551,2024,6,Jun,2,Monday,-29.2942
2024-06-18,XOM,Energy,59.3948,60.2956,58.9585,59.7836,5008770,-0.5263,58.8886,60.556,1.5032,1.3371,2024,6,Jun,2,Tuesday,-29.6664
2024-06-19,XOM,Energy,59.3939,59.8458,58.9871,59.5607,10480696,-0.3728,58.94,60.4345,1.486,0.8587,2024,6,Jun,2,Wednesday,-29.9286
2024-06-20,XOM,Energy,58.9439,59.626,57.6862,59.4167,4609751,-0.2418,59.0033,60.3324,1.4778,1.9398,2024,6,Jun,2,Thursday,-30.098
2024-06-21,XOM,Energy,58.7365,58.9228,57.9985,58.4852,7188751,-1.5677,59.0724,60.2232,1.4627,0.9243,2024,6,Jun,2,Friday,-31.1939
2024-06-24,XOM,Energy,60.2595,61.4094,59.7447,59.8014,4009204,2.2505,59.2466,60.1991,1.4909,1.6647,2024,6,Jun,2,Monday,-29.6454
2024-06-25,XOM,Energy,58.7526,59.1125,58.6547,58.6566,1824565,-1.9143,59.3635,60.1464,1.5712,0.4578,2024,6,Jun,2,Tuesday,-30.9922
2024-06-26,XOM,Energy,58.8816,59.1378,57.6257,59.0229,2000930,0.6245,59.5394,60.1002,1.5236,1.5121,2024,6,Jun,2,Wednesday,-30.5613
2024-06-27,XOM,Energy,59.0398,60.008,58.6501,59.4986,3526980,0.806,59.7099,60.0589,1.5183,1.3579,2024,6,Jun,2,Thursday,-30.0016
2024-06-28,XOM,Energy,58.9215,59.2266,58.3932,58.4381,2663541,-1.7824,59.7904,59.9843,1.5672,0.8334,2024,6,Jun,2,Friday,-31.2493
2024-07-01,XOM,Energy,58.5294,58.7296,57.8714,58.531,3882409,0.159,59.7466,59.9021,1.1792,0.8582,2024,7,Jul,3,Monday,-31.14
2024-07-02,XOM,Energy,57.3349,58.4905,57.1539,57.5311,10022182,-1.7083,59.5886,59.8024,1.1099,1.3366,2024,7,Jul,3,Tuesday,-32.3164
2024-07-03,XOM,Energy,59.2446,59.422,58.9977,59.0631,1348994,2.6629,59.4926,59.7319,1.2808,0.4243,2024,7,Jul,3,Wednesday,-30.514
2024-07-04,XOM,Energy,58.3101,58.6874,57.6464,57.797,4829911,-2.1436,59.3686,59.6692,1.3391,1.041,2024,7,Jul,3,Thursday,-32.0035
2024-07-05,XOM,Energy,57.5338,58.2532,56.6719,57.0905,4758048,-1.2224,59.1919,59.6057,1.3445,1.5813,2024,7,Jul,3,Friday,-32.8347
2024-07-08,XOM,Energy,56.1762,56.3794,55.3087,55.774,2585326,-2.306,58.9299,59.5144,1.3974,1.0707,2024,7,Jul,3,Monday,-34.3835
2024-07-09,XOM,Energy,54.5994,54.6805,54.1832,54.3464,3964893,-2.5596,58.6257,59.4113,1.4726,0.4973,2024,7,Jul,3,Tuesday,-36.0631
2024-07-10,XOM,Energy,55.6773,56.5605,55.5984,56.0003,3518639,3.0433,58.4041,59.3215,1.6727,0.9621,2024,7,Jul,3,Wednesday,-34.1173
2024-07-11,XOM,Energy,54.9751,54.9843,54.7183,54.909,5796833,-1.9487,58.1633,59.2248,1.7013,0.266,2024,7,Jul,3,Thursday,-35.4012
2024-07-12,XOM,Energy,54.6193,55.3765,54.2258,55.0664,8353224,0.2867,57.9436,59.126,1.7082,1.1507,2024,7,Jul,3,Friday,-35.216
2024-07-15,XOM,Energy,54.1315,55.5882,54.0357,54.3904,4835856,-1.2276,57.6581,59.0109,1.6831,1.5525,2024,7,Jul,3,Monday,-36.0113
2024-07-16,XOM,Energy,55.0665,55.4315,54.6062,55.3392,4776667,1.7444,57.4359,58.8974,1.7552,0.8253,2024,7,Jul,3,Tuesday,-34.8951
2024-07-17,XOM,Energy,54.948,55.4931,53.9354,54.4837,4440377,-1.5459,57.1821,58.7457,1.7748,1.5577,2024,7,Jul,3,Wednesday,-35.9015
2024-07-18,XOM,Energy,55.0601,55.9282,54.9339,55.3161,4930616,1.5278,56.977,58.5941,1.8279,0.9943,2024,7,Jul,3,Thursday,-34.9222
2024-07-19,XOM,Energy,54.5546,54.9833,54.1578,54.4102,4377869,-1.6377,56.7733,58.4744,1.8305,0.8255,2024,7,Jul,3,Friday,-35.988
2024-07-22,XOM,Energy,53.5298,54.165,52.595,53.7548,14811953,-1.2046,56.471,58.3139,1.7331,1.57,2024,7,Jul,3,Monday,-36.7591
2024-07-23,XOM,Energy,54.0795,54.7233,53.8003,54.54,5786468,1.4607,56.2651,58.1331,1.7541,0.923,2024,7,Jul,3,Tuesday,-35.8353
2024-07-24,XOM,Energy,55.0671,56.0294,54.3794,55.4461,2056089,1.6613,56.0863,57.9817,1.7991,1.65,2024,7,Jul,3,Wednesday,-34.7693
2024-07-25,XOM,Energy,56.2154,56.469,55.5091,56.0866,4358441,1.1552,55.9157,57.8373,1.812,0.9599,2024,7,Jul,3,Thursday,-34.0158
2024-07-26,XOM,Energy,55.1773,55.3033,54.8283,54.9792,6501249,-1.9744,55.7428,57.6919,1.8209,0.475,2024,7,Jul,3,Friday,-35.3186
2024-07-29,XOM,Energy,54.6592,55.1989,53.5851,54.5235,2447333,-0.8289,55.5424,57.5832,1.8215,1.6138,2024,7,Jul,3,Monday,-35.8547
2024-07-30,XOM,Energy,54.8947,54.9326,53.808,54.697,9261788,0.3182,55.4007,57.4946,1.7975,1.1246,2024,7,Jul,3,Tuesday,-35.6506
2024-07-31,XOM,Energy,53.8696,54.0418,53.477,53.8253,5045191,-1.5937,55.1388,57.4004,1.6845,0.5648,2024,7,Jul,3,Wednesday,-36.6761
2024-08-01,XOM,Energy,55.3158,55.4063,55.1088,55.2381,3846522,2.6248,55.0108,57.3422,1.7676,0.2975,2024,8,Aug,3,Thursday,-35.014
2024-08-02,XOM,Energy,52.5865,52.9495,52.2119,52.7283,2908259,-4.5436,54.7927,57.2547,2.0073,0.7376,2024,8,Aug,3,Friday,-37.9667
2024-08-05,XOM,Energy,52.0372,52.483,50.9655,51.9587,2103863,-1.4596,54.602,57.1675,1.9731,1.5175,2024,8,Aug,3,Monday,-38.8721
2024-08-06,XOM,Energy,51.0704,51.71,50.3297,51.466,6060069,-0.9483,54.4579,57.0704,1.9094,1.3803,2024,8,Aug,3,Tuesday,-39.4518
2024-08-07,XOM,Energy,48.246,48.722,48.132,48.6953,6680738,-5.3836,54.0927,56.9342,2.0667,0.59,2024,8,Aug,3,Wednesday,-42.7114
2024-08-08,XOM,Energy,47.1025,47.8055,46.7314,47.4133,5200844,-2.6327,53.7179,56.7607,2.0943,1.0741,2024,8,Aug,3,Thursday,-44.2196
2024-08-09,XOM,Energy,48.2293,48.5959,47.9108,47.986,5412508,1.2079,53.3639,56.5839,2.1273,0.6851,2024,8,Aug,3,Friday,-43.5459
2024-08-12,XOM,Energy,48.4079,48.9442,48.0196,48.0233,5848258,0.0777,53.0455,56.3562,2.1291,0.9246,2024,8,Aug,3,Monday,-43.502
2024-08-13,XOM,Energy,49.2222,49.8255,48.8135,49.4683,7289201,3.009,52.752,56.1318,2.2192,1.012,2024,8,Aug,3,Tuesday,-41.802
2024-08-14,XOM,Energy,51.2056,51.4513,50.6056,50.9305,2312311,2.9558,52.5743,55.9307,2.3365,0.8457,2024,8,Aug,3,Wednesday,-40.0818
2024-08-15,XOM,Energy,51.2751,51.9823,51.2587,51.3597,7007774,0.8427,52.3765,55.7524,2.3131,0.7236,2024,8,Aug,3,Thursday,-39.5768
2024-08-16,XOM,Energy,51.7068,53.1678,51.6402,51.6757,9734175,0.6153,52.2398,55.5734,2.3016,1.5276,2024,8,Aug,3,Friday,-39.2051
2024-08-19,XOM,Energy,51.486,52.2879,51.1913,51.7507,8662249,0.1451,52.1396,55.3881,2.2914,1.0966,2024,8,Aug,3,Monday,-39.1168
2024-08-20,XOM,Energy,48.8207,49.7884,48.5057,49.1504,4389065,-5.0247,51.8701,55.1625,2.4988,1.2827,2024,8,Aug,3,Tuesday,-42.176
2024-08-21,XOM,Energy,48.232,49.0129,47.5673,47.858,20758228,-2.6295,51.4907,54.911,2.4886,1.4456,2024,8,Aug,3,Wednesday,-43.6965
2024-08-22,XOM,Energy,47.8822,48.1721,47.8218,47.9591,3462373,0.2112,51.0843,54.6757,2.4603,0.3503,2024,8,Aug,3,Thursday,-43.5775
2024-08-23,XOM,Energy,48.798,48.8553,48.4854,48.53,5099723,1.1904,50.7619,54.4571,2.4791,0.3699,2024,8,Aug,3,Friday,-42.9059
2024-08-26,XOM,Energy,48.4428,49.1093,48.4254,48.8068,4930692,0.5704,50.476,54.2313,2.4918,0.6839,2024,8,Aug,3,Monday,-42.5802
2024-08-27,XOM,Energy,47.986,48.7916,47.6029,47.989,4110074,-1.6756,50.1406,53.9954,2.4963,1.1887,2024,8,Aug,3,Tuesday,-43.5424
2024-08-28,XOM,Energy,48.4491,49.2362,48.3571,48.8533,5161785,1.801,49.892,53.7812,2.5418,0.8791,2024,8,Aug,3,Wednesday,-42.5255
2024-08-29,XOM,Energy,50.5512,50.6657,49.7123,50.2391,1414140,2.8367,49.6421,53.5977,2.5557,0.9534,2024,8,Aug,3,Thursday,-40.8952
2024-08-30,XOM,Energy,51.4536,51.6925,50.5539,51.1445,2952175,1.8022,49.5629,53.4509,2.4093,1.1386,2024,8,Aug,3,Friday,-39.83
2024-09-02,XOM,Energy,52.4311,52.8238,51.7472,52.1163,3667924,1.9001,49.5708,53.2972,2.4284,1.0766,2024,9,Sep,3,Monday,-38.6867
2024-09-03,XOM,Energy,51.1241,51.9417,50.8349,51.573,3734881,-1.0425,49.5761,53.1555,2.4305,1.1068,2024,9,Sep,3,Tuesday,-39.3259
2024-09-04,XOM,Energy,52.2028,53.0215,51.4799,52.6376,4253075,2.0643,49.7732,53.0278,2.1047,1.5416,2024,9,Sep,3,Wednesday,-38.0734
2024-09-05,XOM,Energy,52.747,53.0456,52.308,52.7939,5874533,0.2969,50.0423,52.8937,1.98,0.7376,2024,9,Sep,3,Thursday,-37.8895
2024-09-06,XOM,Energy,53.3425,53.8244,53.1516,53.3176,3861565,0.992,50.3088,52.7913,1.9768,0.6728,2024,9,Sep,3,Friday,-37.2734
2024-09-09,XOM,Energy,53.6424,53.8174,52.7603,53.6985,10972826,0.7144,50.5926,52.6946,1.974,1.0571,2024,9,Sep,3,Monday,-36.8253
2024-09-10,XOM,Energy,54.0216,54.5324,53.0921,53.5853,1840680,-0.2108,50.7984,52.6157,1.8951,1.4403,2024,9,Sep,3,Tuesday,-36.9585
2024-09-11,XOM,Energy,52.9571,53.3735,52.0825,52.7204,7085511,-1.6141,50.8879,52.4888,1.8479,1.291,2024,9,Sep,3,Wednesday,-37.976
2024-09-12,XOM,Energy,52.9688,53.0321,52.2611,52.6487,5769451,-0.136,50.9524,52.3859,1.8426,0.771,2024,9,Sep,3,Thursday,-38.0604
2024-09-13,XOM,Energy,53.9693,54.8889,52.8843,53.6463,4703386,1.8948,51.0509,52.317,1.8818,2.0046,2024,9,Sep,3,Friday,-36.8867
2024-09-16,XOM,Energy,53.6419,54.0837,52.8353,53.207,1828858,-0.8189,51.1237,52.2657,1.8957,1.2484,2024,9,Sep,3,Monday,-37.4035
2024-09-17,XOM,Energy,53.6523,54.5985,53.6424,54.1208,1571004,1.7174,51.3723,52.2611,1.4797,0.9561,2024,9,Sep,3,Tuesday,-36.3285
2024-09-18,XOM,Energy,54.5886,54.907,53.9091,54.8895,2393598,1.4203,51.7238,52.2389,1.2955,0.9979,2024,9,Sep,3,Wednesday,-35.4241
2024-09-19,XOM,Energy,54.6794,54.9317,54.5562,54.5887,7984380,-0.548,52.0553,52.2325,1.3213,0.3755,2024,9,Sep,3,Thursday,-35.778
2024-09-20,XOM,Energy,56.4206,56.4496,55.5519,56.0401,2291752,2.6588,52.4308,52.252,1.3914,0.8977,2024,9,Sep,3,Friday,-34.0705
2024-09-23,XOM,Energy,55.4891,56.6536,55.0812,55.6727,3415928,-0.6556,52.7741,52.2776,1.4255,1.5724,2024,9,Sep,3,Monday,-34.5027
2024-09-24,XOM,Energy,57.8206,58.0281,56.8354,57.2806,6114319,2.8881,53.2387,52.3165,1.3952,1.1927,2024,9,Sep,3,Tuesday,-32.6111
2024-09-25,XOM,Energy,58.1965,58.2626,56.7257,57.7646,2131729,0.845,53.6843,52.3821,1.3789,1.5369,2024,9,Sep,3,Wednesday,-32.0416
2024-09-26,XOM,Energy,58.2718,58.2915,57.5692,57.7587,3956119,-0.0102,54.0602,52.4309,1.3082,0.7223,2024,9,Sep,3,Thursday,-32.0486
2024-09-27,XOM,Energy,56.6576,57.2392,56.4133,56.796,3851682,-1.6668,54.3428,52.4787,1.3833,0.8259,2024,9,Sep,3,Friday,-33.1812
2024-09-30,XOM,Energy,56.8811,57.7286,56.6781,56.7121,2140862,-0.1477,54.5726,52.5378,1.3523,1.0505,2024,9,Sep,3,Monday,-33.2799
2024-10-01,XOM,Energy,57.0271,57.7243,56.3266,56.5039,8418582,-0.3671,54.8192,52.5771,1.3217,1.3977,2024,10,Oct,4,Tuesday,-33.5248
2024-10-02,XOM,Energy,55.5981,56.2718,54.5329,55.1643,4770550,-2.3708,54.9455,52.5714,1.4086,1.7389,2024,10,Oct,4,Wednesday,-35.1008
2024-10-03,XOM,Energy,55.135,55.3436,54.404,54.9472,3174154,-0.3936,55.0532,52.5487,1.4156,0.9396,2024,10,Oct,4,Thursday,-35.3562
2024-10-04,XOM,Energy,54.1953,54.2147,53.9206,54.1191,3722552,-1.5071,55.0932,52.5315,1.4528,0.2941,2024,10,Oct,4,Friday,-36.3305
2024-10-07,XOM,Energy,54.8815,55.6509,54.254,54.7324,5103806,1.1332,55.1449,52.5356,1.4653,1.3969,2024,10,Oct,4,Monday,-35.6089
2024-10-08,XOM,Energy,56.6281,56.8343,55.2655,56.1018,3432515,2.502,55.2707,52.5637,1.5571,1.5688,2024,10,Oct,4,Tuesday,-33.9979
2024-10-09,XOM,Energy,54.8003,54.9174,54.593,54.8052,1781234,-2.3112,55.375,52.5833,1.6078,0.3244,2024,10,Oct,4,Wednesday,-35.5233
2024-10-10,XOM,Energy,56.8115,57.0889,56.4972,56.5992,17624530,3.2734,55.5725,52.6106,1.7445,0.5917,2024,10,Oct,4,Thursday,-33.4127
2024-10-11,XOM,Energy,55.9421,56.5447,55.9175,56.4723,4844239,-0.2242,55.7138,52.6854,1.7115,0.6272,2024,10,Oct,4,Friday,-33.562
2024-10-14,XOM,Energy,55.2774,56.399,55.0859,55.4374,6936233,-1.8326,55.8253,52.755,1.7598,1.3131,2024,10,Oct,4,Monday,-34.7795
2024-10-15,XOM,Energy,55.8673,56.4586,55.531,56.2466,4984248,1.4597,55.9316,52.8506,1.7492,0.9276,2024,10,Oct,4,Tuesday,-33.8275
2024-10-16,XOM,Energy,55.9133,56.1969,54.885,55.7808,3289990,-0.8281,55.9762,52.9923,1.7394,1.3119,2024,10,Oct,4,Wednesday,-34.3755
2024-10-17,XOM,Energy,55.6652,55.8553,54.5535,55.7053,1748724,-0.1354,56.032,53.1582,1.7338,1.3018,2024,10,Oct,4,Thursday,-34.4644
2024-10-18,XOM,Energy,55.615,55.8972,54.9352,55.2886,3652050,-0.748,55.9944,53.3042,1.6353,0.962,2024,10,Oct,4,Friday,-34.9546
2024-10-21,XOM,Energy,54.2859,54.5438,53.6802,54.4416,8404087,-1.532,55.9329,53.4326,1.6637,0.8636,2024,10,Oct,4,Monday,-35.9511
2024-10-22,XOM,Energy,55.6891,56.805,54.8108,55.2014,2772305,1.3956,55.8289,53.5472,1.5525,1.9942,2024,10,Oct,4,Tuesday,-35.0572
2024-10-23,XOM,Energy,54.8717,54.9812,54.5454,54.9122,5157982,-0.5239,55.6863,53.6269,1.5353,0.4358,2024,10,Oct,4,Wednesday,-35.3974
2024-10-24,XOM,Energy,53.2888,53.4413,53.095,53.4243,3491813,-2.7096,55.4696,53.6682,1.6296,0.3463,2024,10,Oct,4,Thursday,-37.1479
2024-10-25,XOM,Energy,53.6267,54.3019,53.4225,53.9943,4902951,1.0669,55.3295,53.7145,1.6304,0.8794,2024,10,Oct,4,Friday,-36.4773
2024-10-28,XOM,Energy,52.7132,53.0039,52.5525,52.7683,2011957,-2.2706,55.1323,53.7349,1.692,0.4514,2024,10,Oct,4,Monday,-37.9196
2024-10-29,XOM,Energy,52.0091,52.1215,51.5389,51.6226,2585956,-2.1712,54.8882,53.7843,1.7406,0.5826,2024,10,Oct,4,Tuesday,-39.2675
2024-10-30,XOM,Energy,52.891,53.5358,52.7753,52.8027,3698617,2.286,54.7702,53.8832,1.7792,0.7605,2024,10,Oct,4,Wednesday,-37.8792
2024-10-31,XOM,Energy,51.8994,52.547,50.4239,51.613,7079431,-2.2531,54.6035,53.9563,1.8373,2.1231,2024,10,Oct,4,Thursday,-39.2788
2024-11-01,XOM,Energy,48.9105,49.8254,48.7507,49.3517,2278004,-4.3813,54.3651,53.9727,2.0384,1.0747,2024,11,Nov,4,Friday,-41.9392
2024-11-04,XOM,Energy,49.4849,49.9926,49.4386,49.9456,14803743,1.2034,54.1257,53.9955,2.0413,0.554,2024,11,Nov,4,Monday,-41.2405
2024-11-05,XOM,Energy,49.9335,51.227,49.4841,49.6673,4527680,-0.5572,53.804,54.0291,1.9205,1.7429,2024,11,Nov,4,Tuesday,-41.5679
2024-11-06,XOM,Energy,52.3232,53.226,51.4,51.9552,3551370,4.6065,53.6615,54.0911,2.1972,1.826,2024,11,Nov,4,Wednesday,-38.8762
2024-11-07,XOM,Energy,51.4357,51.6726,51.1196,51.6551,5256483,-0.5776,53.4143,54.1194,2.0355,0.553,2024,11,Nov,4,Thursday,-39.2293
2024-11-08,XOM,Energy,51.7665,51.9927,51.6639,51.8928,2488501,0.4602,53.1853,54.1344,2.045,0.3288,2024,11,Nov,4,Friday,-38.9496
2024-11-11,XOM,Energy,51.6215,51.6614,50.2194,51.161,7206307,-1.4102,52.9715,54.1153,2.0316,1.442,2024,11,Nov,4,Monday,-39.8106
2024-11-12,XOM,Energy,52.9977,53.4237,52.3975,52.6061,4210929,2.8246,52.7895,54.136,2.1178,1.0262,2024,11,Nov,4,Tuesday,-38.1105
2024-11-13,XOM,Energy,50.9478,51.1948,50.8398,51.1411,5418091,-2.7848,52.5575,54.106,2.1869,0.355,2024,11,Nov,4,Wednesday,-39.834
2024-11-14,XOM,Energy,51.5724,51.5925,50.6664,51.5836,6354231,0.8653,52.3514,54.0818,2.2049,0.9261,2024,11,Nov,4,Thursday,-39.3134
2024-11-15,XOM,Energy,52.688,53.0232,51.8789,52.2233,3713049,1.2401,52.1982,54.0599,2.2312,1.1443,2024,11,Nov,4,Friday,-38.5608
2024-11-18,XOM,Energy,51.6213,51.7638,51.202,51.48,3439667,-1.4233,52.0501,54.0156,2.2281,0.5618,2024,11,Nov,4,Monday,-39.4353
2024-11-19,XOM,Energy,50.8613,51.2041,49.5977,50.4889,3511387,-1.9252,51.8145,53.9536,2.2222,1.6064,2024,11,Nov,4,Tuesday,-40.6013
2024-11-20,XOM,Energy,51.3407,51.5579,50.9066,51.4748,4510070,1.9527,51.6426,53.9287,2.2844,0.6513,2024,11,Nov,4,Wednesday,-39.4414
2024-11-21,XOM,Energy,50.3475,51.1313,50.0849,50.516,7214160,-1.8627,51.4972,53.8861,2.2448,1.0464,2024,11,Nov,4,Thursday,-40.5694
2024-11-22,XOM,Energy,50.3744,50.6765,49.7479,49.9438,9680372,-1.1327,51.2946,53.812,2.2305,0.9286,2024,11,Nov,4,Friday,-41.2426
2024-11-25,XOM,Energy,51.1061,51.974,50.762,50.7958,3011809,1.7059,51.196,53.7638,2.229,1.212,2024,11,Nov,4,Monday,-40.2402
2024-11-26,XOM,Energy,50.4966,51.1889,49.9406,50.8395,5789867,0.086,51.1569,53.6982,2.1787,1.2483,2024,11,Nov,4,Tuesday,-40.1888
2024-11-27,XOM,Energy,48.8184,49.1206,48.382,49.1137,4550067,-3.3946,50.9724,53.5827,2.2273,0.7386,2024,11,Nov,4,Wednesday,-42.2192
2024-11-28,XOM,Energy,50.5699,50.7919,50.2008,50.7538,3391444,3.3394,50.9295,53.506,2.3232,0.5911,2024,11,Nov,4,Thursday,-40.2896
2024-11-29,XOM,Energy,50.4312,50.5836,49.7682,50.2529,5008770,-0.9869,50.9745,53.3902,2.1045,0.8154,2024,11,Nov,4,Friday,-40.8789
2024-12-02,XOM,Energy,49.5912,50.2711,49.1045,49.8784,2246190,-0.7452,50.9712,53.2743,2.0964,1.1666,2024,12,Dec,4,Monday,-41.3195
2024-12-03,XOM,Energy,50.0042,50.6722,49.6484,50.1308,3032733,0.506,50.9943,53.1313,2.0946,1.0238,2024,12,Dec,4,Tuesday,-41.0226
2024-12-04,XOM,Energy,50.6936,51.3711,49.8001,50.7362,6664888,1.2076,50.9334,52.9908,1.8278,1.571,2024,12,Dec,4,Wednesday,-40.3104
2024-12-05,XOM,Energy,52.3755,52.8933,51.987,52.6368,3753017,3.746,50.9825,52.8883,2.0148,0.9063,2024,12,Dec,4,Thursday,-38.0744
2024-12-06,XOM,Energy,50.6553,51.9498,50.0495,50.9871,5319674,-3.1341,50.9372,52.7722,2.1388,1.9003,2024,12,Dec,4,Friday,-40.0152
2024-12-09,XOM,Energy,51.728,52.5803,51.4031,51.7974,6396043,1.5892,50.969,52.6739,2.1447,1.1772,2024,12,Dec,4,Monday,-39.0619
2024-12-10,XOM,Energy,52.3655,52.7739,51.6164,52.539,4284981,1.4317,50.9656,52.5946,2.0724,1.1575,2024,12,Dec,4,Tuesday,-38.1894
2024-12-11,XOM,Energy,52.5375,52.9936,51.6432,52.4126,7471501,-0.2406,51.0292,52.5395,1.967,1.3504,2024,12,Dec,4,Wednesday,-38.3381
2024-12-12,XOM,Energy,53.0379,54.0392,52.7487,53.2071,11229910,1.5159,51.1104,52.5047,1.9849,1.2905,2024,12,Dec,4,Thursday,-37.4034
2024-12-13,XOM,Energy,53.7976,54.6964,53.4338,54.1622,5968101,1.7951,51.2073,52.5056,2.0044,1.2626,2024,12,Dec,4,Friday,-36.2798
2024-12-16,XOM,Energy,52.7577,53.975,52.3882,52.7509,6724697,-2.6057,51.2709,52.466,2.0711,1.5868,2024,12,Dec,4,Monday,-37.9401
2024-12-17,XOM,Energy,54.9776,55.6473,53.9884,54.5152,8209246,3.3446,51.4722,52.4342,2.1287,1.6589,2024,12,Dec,4,Tuesday,-35.8645
2024-12-18,XOM,Energy,52.7894,53.2137,52.5336,52.9115,5889068,-2.9417,51.544,52.3964,2.2208,0.6801,2024,12,Dec,4,Wednesday,-37.7512
2024-12-19,XOM,Energy,52.0433,52.3853,51.2262,51.7808,3493157,-2.137,51.6073,52.3,2.2348,1.1591,2024,12,Dec,4,Thursday,-39.0814
2024-12-20,XOM,Energy,51.4953,51.5895,51.47,51.5336,4723417,-0.4774,51.6868,52.2012,2.2198,0.1195,2024,12,Dec,4,Friday,-39.3722
2024-12-23,XOM,Energy,53.5168,54.0799,52.8504,53.4287,4287709,3.6774,51.8184,52.161,2.332,1.2295,2024,12,Dec,4,Monday,-37.1427
2024-12-24,XOM,Energy,53.5303,54.1581,52.867,53.1264,8035671,-0.5658,51.9328,52.0986,2.3394,1.2911,2024,12,Dec,4,Tuesday,-37.4984
2024-12-25,XOM,Energy,52.9017,53.5797,52.6045,53.1048,3903923,-0.0407,52.1323,52.0451,2.1794,0.9752,2024,12,Dec,4,Wednesday,-37.5238
2024-12-26,XOM,Energy,54.6564,55.156,54.5097,54.5604,2841279,2.741,52.3226,52.0222,2.1409,0.6463,2024,12,Dec,4,Thursday,-35.8113
2024-12-27,XOM,Energy,54.7742,55.0414,53.9611,54.26,2916125,-0.5506,52.523,52.0016,2.1284,1.0803,2024,12,Dec,4,Friday,-36.1647
2024-12-30,XOM,Energy,53.3494,53.5927,52.6786,53.0559,4069514,-2.2191,52.6819,51.9739,2.1948,0.9141,2024,12,Dec,4,Monday,-37.5813
2024-12-31,XOM,Energy,52.5685,52.7649,52.363,52.6459,8281214,-0.7728,52.8076,51.9228,2.2081,0.4019,2024,12,Dec,4,Tuesday,-38.0636
